GPSTime,X,Y,Z
373098.0,3509426.4468491958,779142.8471097666,5250998.314211299
373098.09999990463,3509426.492481308,779142.8561535139,5250998.339520598
373098.2000000477,3509426.519928885,779142.8827846985,5250998.384668678
373098.2999999523,3509426.577157791,779142.9266486298,5250998.420695589
373098.40000009537,3509426.571803419,779142.9924701753,5250998.404240981
373098.5,3509426.5462185717,779143.0146829514,5250998.382730568
373098.59999990463,3509426.4955178923,779143.0723073732,5250998.383315572
373098.7000000477,3509426.5105049885,779143.1393360983,5250998.395062235
373098.7999999523,3509426.521063025,779143.1574198441,5250998.373412529
373098.90000009537,3509426.5648543886,779143.199301712,5250998.319094021
373099.0,3509426.6032614005,779143.2777461314,5250998.377090752
373099.09999990463,3509426.6089683697,779143.3944404558,5250998.463019482
373099.2000000477,3509426.6478501987,779143.4709704506,5250998.530035007
373099.2999999523,3509426.658030412,779143.5060366968,5250998.525395776
373099.40000009537,3509426.629016972,779143.5100791937,5250998.410648877
373099.5,3509426.6589268306,779143.5532582334,5250998.394450255
373099.59999990463,3509426.6010104697,779143.5796427407,5250998.362226227
373099.7000000477,3509426.5383134224,779143.5988335803,5250998.236918066
373099.7999999523,3509426.4747568606,779143.605945326,5250998.066088693
373099.90000009537,3509426.4164335025,779143.5998249919,5250997.8435241245
373100.0,3509426.3830696517,779143.5937502851,5250997.713474523
373100.09999990463,3509426.3857625686,779143.6067977706,5250997.635946515
373100.2000000477,3509426.3589086295,779143.6382758078,5250997.613404994
373100.2999999523,3509426.3504105853,779143.6742779929,5250997.586900678
373100.40000009537,3509426.3557053907,779143.7044623808,5250997.505600519
373100.5,3509426.3377123894,779143.7232549924,5250997.383130995
373100.59999990463,3509426.300383457,779143.7212046325,5250997.279450357
373100.7000000477,3509426.35545182,779143.7646707926,5250997.277587668
373100.7999999523,3509426.391030429,779143.8418424879,5250997.334850728
373100.90000009537,3509426.3629728323,779143.8328871632,5250997.332525724
373101.0,3509426.32730933,779143.8482227394,5250997.26847933
373101.09999990463,3509426.3196773916,779143.8946337627,5250997.243275781
373101.2000000477,3509426.349681019,779143.8857705172,5250997.27008103
373101.2999999523,3509426.3597225086,779143.871822371,5250997.154041988
373101.40000009537,3509426.3538056477,779143.8605267806,5250997.105718521
373101.5,3509426.39475817,779143.8877056118,5250997.119652619
373101.59999990463,3509426.3386858725,779143.9024677195,5250997.2063928265
373101.7000000477,3509426.3322439846,779143.9196522216,5250997.2633199105
373101.7999999523,3509426.3403802086,779143.9068833041,5250997.219399901
373101.90000009537,3509426.4288832163,779143.9578263785,5250997.264639173
373102.0,3509426.459035966,779143.9349425228,5250997.331106064
373102.09999990463,3509426.40605771,779143.9518293462,5250997.378839789
373102.2000000477,3509426.3570641195,779143.9213372214,5250997.28508133
373102.2999999523,3509426.4339725203,779143.9135356937,5250997.337855272
373102.40000009537,3509426.3775625173,779143.9338812632,5250997.346654823
373102.5,3509426.3594919816,779143.919032708,5250997.267618639
373102.59999990463,3509426.3085292038,779143.8975586053,5250997.274195638
373102.7000000477,3509426.310768289,779143.8886658121,5250997.243238466
373102.7999999523,3509426.311288663,779143.887852651,5250997.266872556
373102.90000009537,3509426.310798914,779143.8978041991,5250997.2550086435
373103.0,3509426.2521641566,779143.879136414,5250997.259705226
373103.09999990463,3509426.283605053,779143.8961030485,5250997.376461633
373103.2000000477,3509426.278934176,779143.87044469,5250997.3830362
373103.2999999523,3509426.275586333,779143.843043583,5250997.313186538
373103.40000009537,3509426.364969325,779143.8565997608,5250997.389351335
373103.5,3509426.3868151205,779143.8952597777,5250997.420591451
373103.59999990463,3509426.295778043,779143.8814338269,5250997.425884685
373103.7000000477,3509426.359761519,779143.8860965607,5250997.479619588
373103.7999999523,3509426.427244787,779143.9125449944,5250997.490846118
373103.90000009537,3509426.514586649,779143.9140193476,5250997.452994739
373104.0,3509426.5337514714,779143.9273095625,5250997.434702573
373104.09999990463,3509426.563366237,779143.921446647,5250997.560284518
373104.2000000477,3509426.4848688086,779143.9075077473,5250997.609875684
373104.2999999523,3509426.438048857,779143.919392552,5250997.570494741
373104.40000009537,3509426.4305878393,779143.9046904461,5250997.547669382
373104.5,3509426.4705121308,779143.8929159947,5250997.506287339
373104.59999990463,3509426.512853234,779143.8649750993,5250997.481666193
373104.7000000477,3509426.469409416,779143.8501773018,5250997.435956685
373104.7999999523,3509426.4200524096,779143.8346228077,5250997.385295144
373104.90000009537,3509426.466617875,779143.8486856798,5250997.377261532
373105.0,3509426.4898309503,779143.8336221268,5250997.359805693
373105.09999990463,3509426.4993153093,779143.812844301,5250997.407919273
373105.2000000477,3509426.3993771835,779143.7724562516,5250997.256544309
373105.2999999523,3509426.334392955,779143.7868924228,5250997.259856814
373105.40000009537,3509426.3818697063,779143.7998792335,5250997.274565034
373105.5,3509426.4464578987,779143.7994448941,5250997.293138044
373105.59999990463,3509426.495435963,779143.7840189271,5250997.329769165
373105.7000000477,3509426.5726193236,779143.7611735697,5250997.2997459825
373105.7999999523,3509426.5730279274,779143.7525304672,5250997.294992578
373105.90000009537,3509426.6224113186,779143.7072088384,5250997.247984096
373106.0,3509426.704710862,779143.7389438048,5250997.233662834
373106.09999990463,3509426.7373414324,779143.7200678441,5250997.185328727
373106.2000000477,3509426.753716432,779143.7473972085,5250997.279288028
373106.2999999523,3509426.7834328595,779143.6960558061,5250997.223241821
373106.40000009537,3509426.744476417,779143.6489584048,5250997.242703539
373106.5,3509426.6554583125,779143.605637243,5250997.162203959
373106.59999990463,3509426.653352211,779143.648862456,5250997.227080288
373106.7000000477,3509426.688074193,779143.6390785481,5250997.180865494
373106.7999999523,3509426.6741098813,779143.6717808038,5250997.33094621
373106.90000009537,3509426.742499171,779143.6812144768,5250997.3626740305
373107.0,3509426.756428523,779143.6710774553,5250997.367881997
373107.09999990463,3509426.7812653095,779143.6610877113,5250997.406881858
373107.2000000477,3509426.77518624,779143.6439495133,5250997.472070136
373107.2999999523,3509426.7647435116,779143.6608182081,5250997.568714089
373107.40000009537,3509426.7366315634,779143.6334556284,5250997.534408041
373107.5,3509426.7700297358,779143.656272015,5250997.535771231
373107.59999990463,3509426.819295021,779143.6234607957,5250997.547438811
373107.7000000477,3509426.8480132176,779143.6790095755,5250997.650666579
373107.7999999523,3509426.9037563796,779143.6718698136,5250997.629363827
373107.90000009537,3509426.902585162,779143.6734065771,5250997.621783015
373108.0,3509426.980296649,779143.7358671976,5250997.744147723
373108.09999990463,3509427.022430038,779143.7419288394,5250997.821564768
373108.2000000477,3509427.0142433983,779143.7115573124,5250997.795785849
373108.2999999523,3509427.0393855325,779143.7223621997,5250997.830561468
373108.40000009537,3509427.0536921136,779143.7440439891,5250997.798503481
373108.5,3509427.114978141,779143.7294541324,5250997.799521243
373108.59999990463,3509427.167809242,779143.7245168854,5250997.763647558
373108.7000000477,3509427.152798456,779143.7586656049,5250997.898373859
373108.7999999523,3509427.193497305,779143.7421879568,5250997.9963424
373108.90000009537,3509427.1963985125,779143.7140120034,5250997.944145913
373109.0,3509427.208599457,779143.7590587297,5250997.962243683
373109.09999990463,3509427.129869219,779143.7817059213,5250997.940064169
373109.2000000477,3509427.13035992,779143.8104981574,5250997.999267104
373109.2999999523,3509427.186457241,779143.7784538391,5250997.9954242
373109.40000009537,3509427.182352614,779143.7497257673,5250997.983074737
373109.5,3509427.204780607,779143.7861241127,5250998.013364522
373109.59999990463,3509427.2057977,779143.8284025955,5250998.093983689
373109.7000000477,3509427.085325593,779143.783122563,5250997.944957026
373109.7999999523,3509427.1351480107,779143.7827195101,5250997.971927094
373109.90000009537,3509427.0489907707,779143.739171188,5250997.880420151
373110.0,3509427.0211595264,779143.7485606859,5250997.759719289
373110.09999990463,3509426.9216968887,779143.7100288238,5250997.641616837
373110.2000000477,3509427.0092363185,779143.693861134,5250997.688239164
373110.2999999523,3509426.9708327055,779143.7316489861,5250997.671599905
373110.40000009537,3509426.940239886,779143.7215415695,5250997.611890212
373110.5,3509426.9865159066,779143.759433808,5250997.704454972
373110.59999990463,3509426.996784412,779143.844589291,5250997.866511281
373110.7000000477,3509426.985057892,779143.8510354405,5250997.881748839
373110.7999999523,3509427.0507604727,779143.8611543371,5250997.882839386
373110.90000009537,3509427.0282675605,779143.8180841901,5250997.856208191
373111.0,3509427.0599232772,779143.827510422,5250997.900308893
373111.09999990463,3509427.1072960957,779143.8855187766,5250998.019089115
373111.2000000477,3509427.092447398,779143.9316780241,5250998.122774144
373111.2999999523,3509427.116825223,779143.9357156422,5250998.2090758905
373111.40000009537,3509427.118666898,779143.9023288225,5250998.182218948
373111.5,3509427.102404738,779143.932067559,5250998.177086241
373111.59999990463,3509427.000041884,779143.9397801716,5250998.210424568
373111.7000000477,3509426.9934774204,779143.9172769192,5250998.275264593
373111.7999999523,3509426.959945683,779143.9076952143,5250998.263795097
373111.90000009537,3509426.976719972,779143.9052951785,5250998.2120810505
373112.0,3509427.0368408533,779143.9568637216,5250998.233380827
373112.09999990463,3509427.1048496417,779143.9596364695,5250998.109924413
373112.2000000477,3509427.0444448297,779143.9137423051,5250998.0321915215
373112.2999999523,3509427.0481921816,779143.8819135085,5250998.148594196
373112.40000009537,3509427.047040832,779143.893567316,5250998.123669253
373112.5,3509426.991108916,779143.9192784046,5250998.226759781
373112.59999990463,3509426.989220449,779143.935731223,5250998.265963072
373112.7000000477,3509426.9228320606,779143.9778433118,5250998.214091107
373112.7999999523,3509427.0187571216,779143.9951374957,5250998.214076298
373112.90000009537,3509426.9787145504,779144.0236359042,5250998.202372465
373113.0,3509426.8447378348,779144.0442614217,5250998.162024923
373113.09999990463,3509426.868243279,779144.0804411769,5250998.209753422
373113.2000000477,3509426.8451886615,779144.0859086863,5250998.209764394
373113.2999999523,3509426.818333734,779144.0336779068,5250998.0473214295
373113.40000009537,3509426.823419343,779144.075381763,5250998.063223861
373113.5,3509426.8859944683,779144.0835407932,5250998.063308204
373113.59999990463,3509426.90900548,779144.1098735383,5250998.127413886
373113.7000000477,3509426.8880195976,779144.1263663621,5250998.131258356
373113.7999999523,3509426.866647885,779144.141435506,5250998.199840294
373113.90000009537,3509426.878007376,779144.1305609782,5250998.096766978
373114.0,3509426.931553347,779144.0804574288,5250998.045669379
373114.09999990463,3509426.9240094605,779144.0474880269,5250998.111387116
373114.2000000477,3509426.9146770965,779144.0796149189,5250998.106226386
373114.2999999523,3509426.887477128,779144.0966733062,5250998.131067789
373114.40000009537,3509426.9026996545,779144.1079657946,5250998.098626852
373114.5,3509426.9060136685,779144.1011888485,5250998.069569158
373114.59999990463,3509426.851708455,779144.1374150951,5250998.081624561
373114.7000000477,3509426.828331713,779144.14415558,5250997.999324504
373114.7999999523,3509426.8711602283,779144.1268799572,5250997.94363492
373114.90000009537,3509426.852491452,779144.1296707033,5250998.007919981
373115.0,3509426.752329264,779144.1333378808,5250998.082628876
373115.09999990463,3509426.710596973,779144.0982465387,5250998.011932889
373115.2000000477,3509426.6704163994,779144.105199413,5250997.985383799
373115.2999999523,3509426.6395343663,779144.123704773,5250998.037368995
373115.40000009537,3509426.61802643,779144.1039386049,5250998.006015019
373115.5,3509426.571273967,779144.1032421621,5250997.941187592
373115.59999990463,3509426.605949096,779144.1042924571,5250997.913583844
373115.7000000477,3509426.641852599,779144.1393330259,5250997.9540272225
373115.7999999523,3509426.609091148,779144.1197122993,5250997.919735656
373115.90000009537,3509426.5389941153,779144.1274415521,5250997.877392905
373116.0,3509426.5613431125,779144.1170237842,5250997.820364764
373116.09999990463,3509426.5702792187,779144.1125660647,5250997.919052803
373116.2000000477,3509426.5182314334,779144.1276303488,5250997.872184929
373116.2999999523,3509426.5089160763,779144.1365249484,5250997.819089761
373116.40000009537,3509426.4907528367,779144.1525437853,5250997.895960434
373116.5,3509426.420044756,779144.1192663574,5250997.8229180155
373116.59999990463,3509426.390730993,779144.1562985235,5250997.76724212
373116.7000000477,3509426.37370882,779144.1862353706,5250997.781510225
373116.7999999523,3509426.4407589873,779144.2042142908,5250997.844317863
373116.90000009537,3509426.388843401,779144.2083026477,5250997.79076042
373117.0,3509426.307170699,779144.2059008747,5250997.8420988
373117.09999990463,3509426.2883346635,779144.2142474683,5250997.785182904
373117.2000000477,3509426.2662715907,779144.192090648,5250997.698569646
373117.2999999523,3509426.365971731,779144.2413008739,5250997.78492479
373117.40000009537,3509426.3870361205,779144.195480175,5250997.730903958
373117.5,3509426.348264972,779144.1780760864,5250997.772356096
373117.59999990463,3509426.3343252903,779144.1398738248,5250997.740497578
373117.7000000477,3509426.3796921326,779144.1371628899,5250997.712121165
373117.7999999523,3509426.343065921,779144.1122486803,5250997.760173558
373117.90000009537,3509426.325183333,779144.1490323121,5250997.873478574
373118.0,3509426.3072044994,779144.138425684,5250997.911376768
373118.09999990463,3509426.343899152,779144.1691595583,5250998.003241011
373118.2000000477,3509426.377433691,779144.2000110016,5250998.127010793
373118.2999999523,3509426.3929360886,779144.1600923667,5250998.023600974
373118.40000009537,3509426.4193619606,779144.1731910887,5250998.098310181
373118.5,3509426.4842156908,779144.177480665,5250998.174718715
373118.59999990463,3509426.528087091,779144.1536214316,5250998.133494359
373118.7000000477,3509426.4876058884,779144.1566165633,5250998.070106769
373118.7999999523,3509426.404422388,779144.2371966108,5250998.248689974
373118.90000009537,3509426.326281016,779144.2092883089,5250998.143529342
373119.0,3509426.3928906475,779144.2240986188,5250998.152899759
373119.09999990463,3509426.5011374555,779144.2591575823,5250998.229839885
373119.2000000477,3509426.5239001005,779144.2478238672,5250998.18009404
373119.2999999523,3509426.564376405,779144.2450385407,5250998.232929389
373119.40000009537,3509426.563100252,779144.233278136,5250998.240084255
373119.5,3509426.59673707,779144.2212204959,5250998.316449395
373119.59999990463,3509426.70039033,779144.2373506197,5250998.375161599
373119.7000000477,3509426.721843719,779144.2493235898,5250998.326580144
373119.7999999523,3509426.716778873,779144.2632077003,5250998.308362808
373119.90000009537,3509426.783002414,779144.2487592809,5250998.327472007
373120.0,3509426.7738135285,779144.2377224242,5250998.427634348
373120.09999990463,3509426.86475714,779144.279258221,5250998.455416042
373120.2000000477,3509426.830601241,779144.210739552,5250998.355775605
373120.2999999523,3509426.797631667,779144.1503058695,5250998.323502122
373120.40000009537,3509426.82136971,779144.1517915161,5250998.4293000335
373120.5,3509426.8454275923,779144.1731385817,5250998.477211093
373120.59999990463,3509426.8721556505,779144.1566501142,5250998.372080056
373120.7000000477,3509426.831745683,779144.2017916689,5250998.498110902
373120.7999999523,3509426.8012751318,779144.1915290729,5250998.450806868
373120.90000009537,3509426.923176591,779144.2225887008,5250998.489046896
373121.0,3509427.0031656465,779144.2198806826,5250998.574395936
373121.09999990463,3509426.9829660947,779144.187532142,5250998.490629
373121.2000000477,3509426.9781402424,779144.14773988,5250998.41919385
373121.2999999523,3509427.042450728,779144.1890244607,5250998.502339007
373121.40000009537,3509427.069186232,779144.1706418495,5250998.5665223235
373121.5,3509427.0179241877,779144.1436450594,5250998.57738805
373121.59999990463,3509426.96194214,779144.1221885919,5250998.483123168
373121.7000000477,3509426.8794964184,779144.1083321595,5250998.520354835
373121.7999999523,3509426.880452097,779144.0598292247,5250998.483088677
373121.90000009537,3509426.8974706084,779144.0954220712,5250998.516240205
373122.0,3509426.980631949,779144.1226761767,5250998.646630481
373122.09999990463,3509426.9440444573,779144.116132821,5250998.701029001
373122.2000000477,3509426.967086236,779144.1486579995,5250998.745556931
373122.2999999523,3509426.9576637656,779144.1805645275,5250998.827945626
373122.40000009537,3509426.908227546,779144.1803132765,5250998.837935942
373122.5,3509426.9554583724,779144.1869338546,5250998.949952359
373122.59999990463,3509426.9963589036,779144.1989033158,5250999.078786353
373122.7000000477,3509426.9794279183,779144.1733834068,5250999.03140457
373122.7999999523,3509427.0015152125,779144.197650643,5250998.884537229
373122.90000009537,3509427.019096939,779144.1996575563,5250998.961841583
373123.0,3509427.076015373,779144.2259673387,5250999.140534347
373123.09999990463,3509427.04251654,779144.1834084002,5250999.0227572
373123.2000000477,3509427.019661686,779144.1599180248,5250999.031885622
373123.2999999523,3509426.930744041,779144.165002032,5250998.956591516
373123.40000009537,3509426.9164763857,779144.1481265936,5250998.889876591
373123.5,3509426.9469789905,779144.1902879454,5250998.926403338
373123.59999990463,3509426.904138928,779144.1921223631,5250999.026226454
373123.7000000477,3509426.89028795,779144.2162581411,5250999.120001386
373123.7999999523,3509426.9223678545,779144.2306951431,5250999.179954263
373123.90000009537,3509426.8544034897,779144.2143886316,5250999.03631841
373124.0,3509426.740732381,779144.1621873743,5250998.937362077
373124.09999990463,3509426.786381662,779144.1956037635,5250998.885331639
373124.2000000477,3509426.8151737303,779144.1890562196,5250998.987598679
373124.2999999523,3509426.7449119915,779144.1421853505,5250998.81791757
373124.40000009537,3509426.8002353846,779144.1470661788,5250998.786000029
373124.5,3509426.8092825594,779144.1434421426,5250998.863631417
373124.59999990463,3509426.801865176,779144.1090709979,5250998.751838981
373124.7000000477,3509426.8333950387,779144.0788988671,5250998.788898037
373124.7999999523,3509426.828136652,779144.1130554458,5250998.89089074
373124.90000009537,3509426.763034921,779144.1268568529,5250998.786912304
373125.0,3509426.7114803344,779144.1105063173,5250998.678184771
373125.09999990463,3509426.6247217,779144.1014358263,5250998.663096234
373125.2000000477,3509426.630738227,779144.1289886455,5250998.708408987
373125.2999999523,3509426.691863036,779144.1434854793,5250998.720776819
373125.40000009537,3509426.658382077,779144.1138178029,5250998.652535619
373125.5,3509426.6307577793,779144.114219811,5250998.598176486
373125.59999990463,3509426.6526808008,779144.0945516579,5250998.496721977
373125.7000000477,3509426.7344755083,779144.1044917946,5250998.469002202
373125.7999999523,3509426.7879546047,779144.1576280342,5250998.606225614
373125.90000009537,3509426.7660917165,779144.1772126578,5250998.651175283
373126.0,3509426.7254180755,779144.1549208323,5250998.614453036
373126.09999990463,3509426.699144771,779144.1612051207,5250998.633686279
373126.2000000477,3509426.726147774,779144.1756156138,5250998.66623152
373126.2999999523,3509426.7227571616,779144.1624738862,5250998.614324292
373126.40000009537,3509426.6470640325,779144.0812087886,5250998.528611199
373126.5,3509426.661484965,779144.102124631,5250998.465167628
373126.59999990463,3509426.652185538,779144.1003892656,5250998.504007817
373126.7000000477,3509426.589300467,779144.0646594255,5250998.5013143
373126.7999999523,3509426.5976426625,779144.0800379119,5250998.533271689
373126.90000009537,3509426.6505822106,779144.1457231961,5250998.690294873
373127.0,3509426.6537389252,779144.1433806774,5250998.686741986
373127.09999990463,3509426.615988383,779144.0945128901,5250998.558340002
373127.2000000477,3509426.6339915046,779144.0929907021,5250998.623735438
373127.2999999523,3509426.6114331232,779144.0881294586,5250998.652505263
373127.40000009537,3509426.599894384,779144.0413846424,5250998.594162799
373127.5,3509426.5500187846,779144.0830271076,5250998.609396902
373127.59999990463,3509426.5332345725,779144.1236606297,5250998.611441451
373127.7000000477,3509426.470355888,779144.1374114068,5250998.52232392
373127.7999999523,3509426.4920704262,779144.1050633024,5250998.467778774
373127.90000009537,3509426.455443931,779144.0531637182,5250998.271910419
373128.0,3509426.4946896373,779144.0840634379,5250998.3670509895
373128.09999990463,3509426.523138148,779144.119209112,5250998.413245602
373128.2000000477,3509426.480863753,779144.1541317549,5250998.4992779065
373128.2999999523,3509426.4998957166,779144.1785159351,5250998.549478892
373128.40000009537,3509426.485805645,779144.2034793881,5250998.517187551
373128.5,3509426.480894552,779144.202959498,5250998.631276327
373128.59999990463,3509426.487439071,779144.2009938232,5250998.726846364
373128.7000000477,3509426.5350591443,779144.1918787265,5250998.585189361
373128.7999999523,3509426.626463235,779144.2233402154,5250998.727948326
373128.90000009537,3509426.557225988,779144.2193842307,5250998.703330149
373129.0,3509426.5431785034,779144.2256142306,5250998.61576003
373129.09999990463,3509426.5905567226,779144.2629685173,5250998.803049924
373129.2000000477,3509426.6887174225,779144.2820479115,5250998.797096467
373129.2999999523,3509426.746012846,779144.301067947,5250998.930756648
373129.40000009537,3509426.7640951388,779144.3362951436,5250998.99619525
373129.5,3509426.758060384,779144.3101835985,5250998.939878933
373129.59999990463,3509426.748307896,779144.3125478256,5250998.950678693
373129.7000000477,3509426.649007073,779144.2963568404,5250998.878630845
373129.7999999523,3509426.6576898596,779144.3314198507,5250998.869023922
373129.90000009537,3509426.6480130088,779144.2872689383,5250998.792408378
373130.0,3509426.6135939187,779144.3062628203,5250998.664138076
373130.09999990463,3509426.6215134645,779144.3152832026,5250998.835130345
373130.2000000477,3509426.6362099843,779144.337459352,5250998.808197226
373130.2999999523,3509426.6570175495,779144.3395597596,5250998.879701476
373130.40000009537,3509426.6965626576,779144.3461164917,5250998.941572049
373130.5,3509426.6584381247,779144.381490748,5250999.0491598435
373130.59999990463,3509426.7142285556,779144.3303320798,5250999.06892697
373130.7000000477,3509426.6922078463,779144.298816397,5250999.002009421
373130.7999999523,3509426.714360759,779144.286445031,5250999.079671841
373130.90000009537,3509426.744023138,779144.3416587184,5250998.996577228
373131.0,3509426.771672535,779144.3390849206,5250998.8911148785
373131.09999990463,3509426.7386363493,779144.3414860249,5250998.926410912
373131.2000000477,3509426.6995473914,779144.3620646655,5250998.83383045
373131.2999999523,3509426.6995386155,779144.3521296885,5250998.837665548
373131.40000009537,3509426.727227524,779144.3122615176,5250998.833342753
373131.5,3509426.6774915894,779144.2381965069,5250998.703724492
373131.59999990463,3509426.626122537,779144.2434773137,5250998.563516195
373131.7000000477,3509426.6941191168,779144.2649421649,5250998.6744637415
373131.7999999523,3509426.806145086,779144.1997770808,5250998.811480952
373131.90000009537,3509426.5810563196,779144.3070196687,5250998.845501622
373132.0,3509426.638463302,779144.3028327188,5250998.8100442
373132.09999990463,3509426.71399685,779144.2999333008,5250998.881897318
373132.2000000477,3509426.7322121346,779144.2038798227,5250998.718257964
373132.2999999523,3509426.715358222,779144.1922765585,5250998.779555821
373132.40000009537,3509426.7293520924,779144.1449203162,5250998.739259115
373132.5,3509426.770790124,779144.0984561185,5250998.494068072
373132.59999990463,3509426.867846453,779144.0567056385,5250998.409634262
373132.7000000477,3509426.7151976465,779144.1480301921,5250998.470522539
373132.7999999523,3509427.79957084,779143.841506755,5250997.940514265
373132.90000009537,3509427.8419412733,779143.8060027458,5250997.96245325
373133.0,3509427.965145973,779143.8578876954,5250998.071939218
373133.09999990463,3509428.032273242,779143.917757557,5250998.006879602
373133.2000000477,3509424.2451250325,779143.558633029,5250981.999613531
373133.2999999523,3509428.1739399917,779143.8413752714,5250998.101746219
373133.40000009537,3509428.153365277,779143.8249150637,5250997.993861086
373133.5,3509424.2926730034,779143.4972829397,5250982.064566127
373133.59999990463,3509424.3283796357,779143.4959294801,5250981.968632369
373133.7000000477,3509428.577693706,779143.768042644,5250999.182120504
373133.7999999523,3509428.582473127,779143.7677345957,5250999.241616653
373133.90000009537,3509428.676101358,779143.8210637405,5250999.278334554
373134.0,3509428.612305339,779143.8781892916,5250999.323610224
373134.09999990463,3509428.6057793945,779143.8751918584,5250999.095324375
373134.2000000477,3509428.566870246,779143.8611562988,5250998.845947488
373134.2999999523,3509428.5184979136,779143.8827769859,5250998.6608722
373134.40000009537,3509428.5436914815,779143.8842372464,5250998.80700904
373134.5,3509428.516100891,779143.9637371983,5250998.601407773
373134.59999990463,3509428.353200172,779143.9058991105,5250998.508313532
373134.7000000477,3509428.156447662,779143.8359024995,5250998.11937816
373134.7999999523,3509428.135264175,779143.9223673062,5250997.923543703
373134.90000009537,3509428.215375356,779144.0430319299,5250998.034474217
373135.0,3509428.2680823295,779144.0378454055,5250998.223683579
373135.09999990463,3509428.2506158524,779144.0212821813,5250998.113669052
373135.2000000477,3509428.147285902,779144.0198501942,5250997.986383407
373135.2999999523,3509428.1431856123,779144.0656115918,5250998.004296198
373135.40000009537,3509428.1428674376,779144.0741929214,5250997.902329951
373135.5,3509428.052032874,779144.0664676516,5250997.793266162
373135.59999990463,3509428.1045566346,779144.0393673186,5250997.945998449
373135.7000000477,3509428.050839977,779144.030554299,5250997.841010564
373135.7999999523,3509427.9664373295,779143.9889578703,5250997.656370777
373135.90000009537,3509428.0015475056,779144.0269645858,5250997.776988445
373136.0,3509427.9324250654,779144.0068173023,5250997.644784049
373136.09999990463,3509427.91181925,779144.0001172588,5250997.601942824
373136.2000000477,3509428.0127657196,779144.0151792109,5250997.796870117
373136.2999999523,3509428.0589655745,779144.0457785666,5250997.827822472
373136.40000009537,3509428.0228088996,779144.0121391894,5250997.816147388
373136.5,3509427.9752305,779143.9601727867,5250997.798836198
373136.59999990463,3509428.001852029,779143.9945321876,5250997.903722464
373136.7000000477,3509427.9402091377,779143.9760982116,5250997.861594319
373136.7999999523,3509427.909953803,779144.005432711,5250997.927041244
373136.90000009537,3509427.9203994507,779144.0431584953,5250997.907004888
373137.0,3509427.974627049,779144.0669621022,5250998.0793187525
373137.09999990463,3509427.9255414647,779144.0859946812,5250998.1368324375
373137.2000000477,3509427.8827644046,779144.0669503763,5250998.135439611
373137.2999999523,3509427.905766688,779144.0796045897,5250998.309045193
373137.40000009537,3509427.917763762,779144.1309235401,5250998.440687616
373137.5,3509427.903795853,779144.1549222614,5250998.491702907
373137.59999990463,3509427.8829623987,779144.1676230141,5250998.603614581
373137.7000000477,3509427.860225175,779144.1523155362,5250998.651131375
373137.7999999523,3509427.7871577744,779144.1244225383,5250998.662747256
373137.90000009537,3509427.7418726375,779144.1391848492,5250998.67000667
373138.0,3509427.688884042,779144.1208744632,5250998.600344093
373138.09999990463,3509427.63312058,779144.0970241522,5250998.569791762
373138.2000000477,3509427.5732955616,779144.0957282566,5250998.661476595
373138.2999999523,3509427.5104409265,779144.064359814,5250998.596961867
373138.40000009537,3509427.4551713276,779144.0515113977,5250998.553755455
373138.5,3509427.4543502075,779144.0380437616,5250998.578526843
373138.59999990463,3509427.2254849756,779144.0694406547,5250998.593235315
373138.7000000477,3509427.253208422,779144.0659957058,5250998.640842589
373138.7999999523,3509427.2323989505,779144.045374256,5250998.647835798
373138.90000009537,3509427.256230445,779144.0548746338,5250998.665221864
373139.0,3509427.183124087,779144.0302426355,5250998.624038412
373139.09999990463,3509427.109984079,779144.0375701754,5250998.615620086
373139.2000000477,3509427.1207876345,779144.039141101,5250998.616695663
373139.2999999523,3509427.113019724,779144.011025065,5250998.534143578
373139.40000009537,3509427.0686302967,779143.9796989032,5250998.449724098
373139.5,3509427.051267088,779143.9648568578,5250998.449976397
373139.59999990463,3509427.005159119,779143.9572006708,5250998.485244654
373139.7000000477,3509426.948402812,779143.9398420788,5250998.498856616
373139.7999999523,3509426.992543787,779143.8865113235,5250998.442657165
373139.90000009537,3509427.048564681,779143.8293251814,5250998.377046076
373140.0,3509427.0319766304,779143.8438300369,5250998.425707943
373140.09999990463,3509427.019184426,779143.8442990449,5250998.416468344
373140.2000000477,3509427.00484115,779143.8618698557,5250998.47661527
373140.2999999523,3509426.9902783856,779143.8495014193,5250998.460645563
373140.40000009537,3509427.017551755,779143.8636621408,5250998.481751939
373140.5,3509427.0557277445,779143.850217926,5250998.510566465
373140.59999990463,3509427.054614647,779143.8484782991,5250998.523224294
373140.7000000477,3509427.009186504,779143.8142067869,5250998.47694666
373140.7999999523,3509426.869530654,779143.8079837429,5250998.445055644
373140.90000009537,3509426.8423653175,779143.8201165708,5250998.512832945
373141.0,3509426.8404147876,779143.8233910257,5250998.570353644
373141.09999990463,3509426.8528929534,779143.8141455904,5250998.541588975
373141.2000000477,3509426.672790401,779143.7998249088,5250998.195700852
373141.2999999523,3509426.6842622613,779143.7754496221,5250998.162362525
373141.40000009537,3509426.621215898,779143.8037368988,5250998.296729322
373141.5,3509426.538981089,779143.8192388214,5250998.358323613
373141.59999990463,3509426.542759233,779143.7775634251,5250998.42325566
373141.7000000477,3509426.526837102,779143.7844498543,5250998.351601198
373141.7999999523,3509426.5346001196,779143.7442801801,5250998.350463407
373141.90000009537,3509426.61709784,779143.7542463233,5250998.465960704
373142.0,3509426.601650993,779143.7316828927,5250998.432322727
373142.09999990463,3509426.4984176676,779143.7489668656,5250998.538035795
373142.2000000477,3509426.4865295715,779143.7834395878,5250998.4308767095
373142.2999999523,3509426.4844177477,779143.7455187604,5250998.270467488
373142.40000009537,3509426.455755151,779143.7430463401,5250997.983850364
373142.5,3509426.5206874027,779143.7493548145,5250998.077323273
373142.59999990463,3509426.5683345944,779143.7557670857,5250998.189853527
373142.7000000477,3509426.5690878816,779143.810097052,5250998.2754469
373142.7999999523,3509426.633212,779143.8217943723,5250998.354290785
373142.90000009537,3509426.558586159,779143.7607394934,5250998.243401226
373143.0,3509426.5978594925,779143.7753097069,5250998.403638043
373143.09999990463,3509426.577089636,779143.7503701826,5250998.2162816655
373143.2000000477,3509426.4763535904,779143.7448333773,5250998.021401075
373143.2999999523,3509426.4598785536,779143.7208661978,5250997.986924865
373143.40000009537,3509426.4776458354,779143.7419123834,5250998.11193913
373143.5,3509426.5383155462,779143.7621115242,5250997.995477823
373143.59999990463,3509426.477937759,779143.7401727788,5250997.95354556
373143.7000000477,3509426.5640572747,779143.7418468579,5250997.966613718
373143.7999999523,3509426.540482484,779143.7126011425,5250997.8083291575
373143.90000009537,3509426.604896269,779143.6833268787,5250997.968608703
373144.0,3509426.620905936,779143.6399269487,5250997.923716104
373144.09999990463,3509426.601554704,779143.6764384571,5250997.880851082
373144.2000000477,3509426.656853031,779143.6640194724,5250997.925506498
373144.2999999523,3509426.6625902904,779143.6188382717,5250997.917124873
373144.40000009537,3509426.6211626665,779143.6615216305,5250998.033023917
373144.5,3509426.7437986867,779143.6599986207,5250998.189107624
373144.59999990463,3509426.7323867003,779143.654155018,5250997.945641969
373144.7000000477,3509426.8065139097,779143.6401283462,5250997.995040092
373144.7999999523,3509426.7563501988,779143.5920396594,5250997.889442892
373144.90000009537,3509426.7414482795,779143.6239189854,5250997.737586917
373145.0,3509426.698689552,779143.6053787022,5250997.647519399
373145.09999990463,3509426.758797244,779143.603007268,5250997.724224618
373145.2000000477,3509426.793573746,779143.5653982913,5250997.672890377
373145.2999999523,3509426.853612179,779143.6234095625,5250997.87836807
373145.40000009537,3509426.8918590564,779143.603758102,5250997.87092407
373145.5,3509426.83435244,779143.5839953361,5250997.597420583
373145.59999990463,3509426.8210988203,779143.6337700048,5250997.623952262
373145.7000000477,3509426.8680676017,779143.6031076912,5250997.537413898
373145.7999999523,3509426.889451588,779143.6361566285,5250997.545756575
373145.90000009537,3509426.982786375,779143.6157519224,5250997.676382719
373146.0,3509426.985912354,779143.6109751125,5250997.808875574
373146.09999990463,3509427.051363433,779143.6062015025,5250997.917544667
373146.2000000477,3509427.026307046,779143.5702900153,5250997.739771173
373146.2999999523,3509427.1053334116,779143.524886426,5250997.823584866
373146.40000009537,3509427.0653137243,779143.533871227,5250997.88212165
373146.5,3509427.0950380987,779143.5476303569,5250997.863467822
373146.59999990463,3509427.0188432047,779143.5557049064,5250997.455219646
373146.7000000477,3509426.978158772,779143.5977873452,5250997.420447883
373146.7999999523,3509426.9624023056,779143.5733782533,5250997.310926767
373146.90000009537,3509427.0437440537,779143.5873826977,5250997.506217085
373147.0,3509427.0428753947,779143.5663452838,5250997.406418712
373147.09999990463,3509426.990904744,779143.6187887071,5250997.53434461
373147.2000000477,3509426.97844099,779143.6336265524,5250997.369076717
373147.2999999523,3509427.006305413,779143.6299227235,5250997.315955775
373147.40000009537,3509427.063455964,779143.633657799,5250997.346530048
373147.5,3509427.1069422415,779143.6128099771,5250997.420566778
373147.59999990463,3509427.0648087636,779143.6228031921,5250997.398272539
373147.7000000477,3509427.0288912486,779143.6050166893,5250997.145920628
373147.7999999523,3509427.0404015942,779143.6097827391,5250997.178229302
373147.90000009537,3509426.975712896,779143.6087594441,5250997.175597581
373148.0,3509426.9345728913,779143.6344978514,5250997.353396051
373148.09999990463,3509426.9372355286,779143.6506499132,5250997.585239302
373148.2000000477,3509426.9076921786,779143.6218540088,5250997.5263823075
373148.2999999523,3509426.937503289,779143.6372284696,5250997.485221594
373148.40000009537,3509426.945556263,779143.6811018039,5250997.5637428975
373148.5,3509426.9836811167,779143.7113547821,5250997.794183714
373148.59999990463,3509427.01576988,779143.67334316,5250997.857164665
373148.7000000477,3509426.8958618753,779143.7079117853,5250997.747607109
373148.7999999523,3509426.8583473912,779143.7441961234,5250997.745760226
373148.90000009537,3509426.914881046,779143.747815748,5250997.743542019
373149.0,3509426.94954856,779143.7451657947,5250997.720890283
373149.09999990463,3509426.8521103184,779143.791612409,5250997.763563642
373149.2000000477,3509426.802751472,779143.8364812888,5250997.818241131
373149.2999999523,3509426.6856355583,779143.8154212886,5250997.909456353
373149.40000009537,3509426.6784669114,779143.7975336884,5250997.857287973
373149.5,3509426.676098689,779143.7581696573,5250997.765048581
373149.59999990463,3509426.64882074,779143.7820837896,5250997.905423624
373149.7000000477,3509426.6301563815,779143.8074222031,5250998.098946643
373149.7999999523,3509426.624263678,779143.8620829998,5250998.082534986
373149.90000009537,3509426.59032037,779143.8690395212,5250998.024549546
373150.0,3509426.590536838,779143.8982079591,5250998.235205757
373150.09999990463,3509426.587946972,779143.9297506713,5250998.317148779
373150.2000000477,3509426.5901748533,779144.0172587981,5250998.429766078
373150.2999999523,3509426.488524154,779144.0897965792,5250998.294854895
373150.40000009537,3509426.4499694183,779144.099582758,5250998.170378115
373150.5,3509426.424210389,779144.0590920913,5250998.016775169
373150.59999990463,3509426.3994744252,779144.0369844014,5250997.926302264
373150.7000000477,3509422.2199363867,779143.6763931474,5250980.8714214545
373150.7999999523,3509426.301506614,779144.0243795068,5250997.750259154
373150.90000009537,3509426.2134667677,779144.0106890148,5250997.774511389
373151.0,3509426.304303721,779143.984427456,5250998.054250594
373151.09999990463,3509426.2798078405,779143.9980385788,5250998.1395361135
373151.2000000477,3509426.353371545,779143.9805057778,5250998.24221979
373151.2999999523,3509426.3665642748,779144.0070106266,5250998.185563453
373151.40000009537,3509426.3745064107,779144.0203065461,5250998.4571967665
373151.5,3509426.305078499,779144.0965130685,5250998.540706381
373151.59999990463,3509426.278915884,779144.1478814045,5250998.489974341
373151.7000000477,3509426.3189772414,779144.130895566,5250998.4079380995
373151.7999999523,3509426.385821656,779144.1096446279,5250998.394285931
373151.90000009537,3509426.377470726,779144.138980616,5250998.602945541
373152.0,3509426.4092721785,779144.1293348415,5250998.640635111
373152.09999990463,3509426.482619321,779144.1121260807,5250998.774618758
373152.2000000477,3509426.407987826,779144.1659890234,5250998.886412439
373152.2999999523,3509426.508190506,779144.1849023174,5250999.054011771
373152.40000009537,3509426.4678176413,779144.1516830898,5250998.913195286
373152.5,3509426.4309629067,779144.1982620311,5250998.898560394
373152.59999990463,3509426.462054346,779144.1862381705,5250999.075148991
373152.7000000477,3509426.5801900043,779144.2076887416,5250999.235203633
373152.7999999523,3509426.6653136113,779144.2213452726,5250999.011694859
373152.90000009537,3509426.628506311,779144.2805865076,5250999.128762608
373153.0,3509426.6420050217,779144.24206427,5250999.15249257
373153.09999990463,3509426.69380648,779144.2338289178,5250999.354870598
373153.2000000477,3509426.6736367675,779144.2901636828,5250999.552147618
373153.2999999523,3509426.7191861304,779144.2850402273,5250999.607470972
373153.40000009537,3509426.7457616315,779144.2401161,5250999.558159902
373153.5,3509426.7106796848,779144.186639429,5250999.38245364
373153.59999990463,3509426.794408604,779144.164319524,5250999.298274026
373153.7000000477,3509426.816684981,779144.1345966519,5250999.3786724545
373153.7999999523,3509426.913742318,779144.1473746045,5250999.285242309
373153.90000009537,3509426.984106156,779144.1450888092,5250999.296702825
373154.0,3509426.9106613756,779144.0944539435,5250999.308705978
373154.09999990463,3509426.946383067,779144.0653695017,5250999.283249236
373154.2000000477,3509426.9515001224,779144.0259198969,5250999.225850448
373154.2999999523,3509426.947248851,779144.0304367907,5250999.1610470945
373154.40000009537,3509427.0510069886,779143.9802753488,5250999.195094914
373154.5,3509427.0285627404,779143.9383637204,5250999.194636339
373154.59999990463,3509426.9748982294,779143.907341976,5250999.124522
373154.7000000477,3509427.032545598,779143.8885385538,5250999.140243583
373154.7999999523,3509427.13757712,779143.8587769389,5250999.252124855
373154.90000009537,3509427.1236543236,779143.8933949682,5250999.2268280005
373155.0,3509427.1450890508,779143.9045501839,5250999.086131417
373155.09999990463,3509427.2171854447,779143.8994435002,5250999.1086648395
373155.2000000477,3509427.1230449234,779143.8791196615,5250999.119056293
373155.2999999523,3509427.0798055944,779143.8710508717,5250999.090377071
373155.40000009537,3509427.1910616527,779143.837447037,5250999.000636405
373155.5,3509427.1921519213,779143.8134664972,5250998.986858868
373155.59999990463,3509427.2654195214,779143.780339824,5250999.033585419
373155.7000000477,3509427.253967249,779143.7391645425,5250998.925449022
373155.7999999523,3509427.2327176863,779143.736237006,5250998.814274346
373155.90000009537,3509427.20034179,779143.7773107906,5250998.819947292
373156.0,3509427.1520067076,779143.7538805403,5250998.745986089
373156.09999990463,3509427.1345191505,779143.7236269611,5250998.7243371215
373156.2000000477,3509427.143825344,779143.7283205198,5250998.826925226
373156.2999999523,3509427.118030257,779143.6990055792,5250998.915623015
373156.40000009537,3509427.2138246493,779143.6489067575,5250998.916329776
373156.5,3509427.1348701986,779143.6959264566,5250998.917509184
373156.59999990463,3509427.2258644225,779143.6911195093,5250998.8712937385
373156.7000000477,3509427.231877933,779143.6407447938,5250998.747397664
373156.7999999523,3509427.177690453,779143.6636397068,5250998.808963559
373156.90000009537,3509427.2558739735,779143.6712263835,5250998.840905525
373157.0,3509428.290722248,779143.3956683228,5250998.161697384
373157.09999990463,3509427.1825252273,779143.6830544239,5250998.691525776
373157.2000000477,3509427.0893143173,779143.710947688,5250998.73829906
373157.2999999523,3509427.0970579437,779143.7133253445,5250998.829401547
373157.40000009537,3509427.0928678163,779143.7366740843,5250998.800231179
373157.5,3509427.152078393,779143.7601846377,5250998.78904656
373157.59999990463,3509427.1448935703,779143.7599354928,5250998.694526962
373157.7000000477,3509427.1396408556,779143.7534477594,5250998.663539492
373157.7999999523,3509427.0834264406,779143.7433024596,5250998.679297463
373157.90000009537,3509427.034715415,779143.7200756095,5250998.595954618
373158.0,3509427.0127274184,779143.7923038431,5250998.570407679
373158.09999990463,3509427.009675175,779143.8454611152,5250998.5774713615
373158.2000000477,3509427.0102154114,779143.8481129743,5250998.632461911
373158.2999999523,3509426.9705242272,779143.8466079847,5250998.595209548
373158.40000009537,3509426.9649511282,779143.8413059037,5250998.528319267
373158.5,3509426.9435785636,779143.7996486478,5250998.494824644
373158.59999990463,3509426.9059565393,779143.794764869,5250998.440283402
373158.7000000477,3509426.849806219,779143.7867007981,5250998.392160444
373158.7999999523,3509426.810808493,779143.7854847471,5250998.319912957
373158.90000009537,3509426.7629458965,779143.7797507467,5250998.3088218
373159.0,3509426.724221882,779143.8185725211,5250998.3020783765
373159.09999990463,3509426.75093478,779143.8544321654,5250998.209326004
373159.2000000477,3509426.7416549493,779143.8637529175,5250998.241112409
373159.2999999523,3509426.7149959966,779143.8716434354,5250998.142820469
373159.40000009537,3509426.579848764,779143.9305371246,5250998.1081892
373159.5,3509426.6319683106,779143.933573658,5250997.9963945225
373159.59999990463,3509426.6604591515,779143.9439187964,5250997.911353578
373159.7000000477,3509426.6763303224,779143.961363831,5250997.918138923
373159.7999999523,3509426.631450382,779143.9535194397,5250997.992098249
373159.90000009537,3509426.7017233293,779144.0257943114,5250998.1167717585
373160.0,3509426.8059059735,779144.0248813607,5250998.156133065
373160.09999990463,3509426.595402593,779144.0410818959,5250998.256770729
373160.2000000477,3509426.6644029366,779144.0089460893,5250998.158800116
373160.2999999523,3509426.701399049,779143.9820837781,5250998.171493025
373160.40000009537,3509426.7272990216,779144.0431541064,5250998.179499258
373160.5,3509426.7868130533,779144.0291093173,5250998.197286945
373160.59999990463,3509426.7229991793,779144.00799866,5250998.215624705
373160.7000000477,3509426.5974160978,779143.9900675624,5250998.177884718
373160.7999999523,3509426.5971075497,779143.9859280637,5250998.242585763
373160.90000009537,3509426.635147485,779144.0031403685,5250998.350321568
373161.0,3509426.6456144284,779144.032361644,5250998.425009482
373161.09999990463,3509426.545841067,779143.9859198305,5250998.44045067
373161.2000000477,3509426.6604708247,779143.9166116533,5250998.425785586
373161.2999999523,3509426.549485745,779143.9202036374,5250998.457564225
373161.40000009537,3509426.539529571,779143.8906762179,5250998.440991791
373161.5,3509426.544617067,779143.8952646712,5250998.495198309
373161.59999990463,3509426.5677780504,779143.8964454823,5250998.506313461
373161.7000000477,3509426.581903607,779143.8429458295,5250998.575619262
373161.7999999523,3509428.0506996443,779143.4931025441,5250997.900693727
373161.90000009537,3509427.971785796,779143.4946155734,5250997.853068074
373162.0,3509426.801676221,779143.8022026683,5250998.391172616
373162.09999990463,3509426.24663318,779143.9080469309,5250998.703432784
373162.2000000477,3509426.406862329,779143.9223355539,5250998.762427539
373162.2999999523,3509426.3080066084,779143.944823477,5250998.815027753
373162.40000009537,3509426.076091704,779144.0166721664,5250999.006714954
373162.5,3509425.7811087645,779144.0705332927,5250999.171632032
373162.59999990463,3509425.7320095995,779144.0283435725,5250999.215199059
373162.7000000477,3509425.7795627783,779143.978490173,5250999.172755984
373162.7999999523,3509425.819627708,779143.9278975495,5250999.079765624
373162.90000009537,3509425.8503919183,779143.9407224082,5250999.102478566
373163.0,3509425.8315238184,779143.9301159006,5250999.114206763
373163.09999990463,3509425.8025425556,779143.8938674803,5250999.075801379
373163.2000000477,3509425.902931533,779143.8859423106,5250999.253163074
373163.2999999523,3509425.9799838983,779143.8552591773,5250999.110374864
373163.40000009537,3509426.0612461623,779143.8301908157,5250999.046571369
373163.5,3509426.1526434836,779143.777096126,5250999.107106002
373163.59999990463,3509426.2147894986,779143.7570910832,5250999.120142907
373163.7000000477,3509426.26038601,779143.7852160002,5250999.03730456
373163.7999999523,3509426.3903393014,779143.7790932794,5250999.07896837
373163.90000009537,3509426.442410412,779143.7639003971,5250999.078607273
373164.0,3509426.491803689,779143.7417870403,5250999.095548396
373164.09999990463,3509426.5171085214,779143.709502351,5250999.091705506
373164.2000000477,3509426.6097462885,779143.7103887956,5250999.319217181
373164.2999999523,3509426.684439604,779143.678599682,5250999.322059867
373164.40000009537,3509426.669725562,779143.6400254813,5250999.131560774
373164.5,3509426.6883106926,779143.608312754,5250999.081696283
373164.59999990463,3509426.76177254,779143.5646257242,5250999.156125669
373164.7000000477,3509426.795069284,779143.5821124892,5250999.248412025
373164.7999999523,3509426.8446991118,779143.620381995,5250999.337002939
373164.90000009537,3509426.913982527,779143.637128877,5250999.277698093
373165.0,3509426.9556518593,779143.6833481666,5250999.297626767
373165.09999990463,3509426.9130679495,779143.6622309891,5250999.173715447
373165.2000000477,3509426.9487678097,779143.7106958892,5250999.22270225
373165.2999999523,3509426.948923269,779143.7078744558,5250999.2576091
373165.40000009537,3509426.8934038184,779143.6737156532,5250999.034593773
373165.5,3509426.906974227,779143.6827127484,5250999.033192661
373165.59999990463,3509426.9167583217,779143.686934318,5250998.960024987
373165.7000000477,3509426.986884582,779143.6843808246,5250998.952509132
373165.7999999523,3509427.002803053,779143.6323803175,5250998.8532762155
373165.90000009537,3509427.045344764,779143.6124331888,5250998.773329815
373166.0,3509427.1184136206,779143.5646170906,5250998.6519567175
373166.09999990463,3509427.168675589,779143.5655792318,5250998.671008367
373166.2000000477,3509427.2246540817,779143.564071051,5250998.593212325
373166.2999999523,3509427.2593343905,779143.5929329338,5250998.687607811
373166.40000009537,3509427.230224294,779143.5512257114,5250998.614112536
373166.5,3509427.2236321243,779143.5641990509,5250998.617037766
373166.59999990463,3509427.196962753,779143.564896127,5250998.60556292
373166.7000000477,3509427.2164079263,779143.584876681,5250998.524478296
373166.7999999523,3509427.201595188,779143.5866053292,5250998.56258904
373166.90000009537,3509427.287499172,779143.6257208796,5250998.688776337
373167.0,3509427.3298883503,779143.6496892403,5250998.73227831
373167.09999990463,3509427.356339854,779143.6180654299,5250998.794502851
373167.2000000477,3509427.286571915,779143.6175291813,5250998.756535322
373167.2999999523,3509427.3280819575,779143.6355785253,5250998.733773164
373167.40000009537,3509427.407180622,779143.61194922,5250998.762091561
373167.5,3509427.4398154602,779143.5980249367,5250998.785436292
373167.59999990463,3509427.474533491,779143.6398384095,5250998.860723048
373167.7000000477,3509427.481255895,779143.641311141,5250998.791331549
373167.7999999523,3509427.4692605385,779143.6570156531,5250998.82075709
373167.90000009537,3509427.500060323,779143.639775236,5250998.842480764
373168.0,3509427.5578685333,779143.6947517678,5250998.942486856
373168.09999990463,3509427.5506595755,779143.7596248401,5250998.945691928
373168.2000000477,3509427.6018140796,779143.7148453005,5250998.895379641
373168.2999999523,3509427.6131144734,779143.7120005002,5250998.8654508125
373168.40000009537,3509427.592967894,779143.7284142337,5250998.946416081
373168.5,3509427.632665609,779143.7094658663,5250998.995825954
373168.59999990463,3509427.6886781766,779143.7147359713,5250999.100902285
373168.7000000477,3509427.6911416897,779143.7124888416,5250998.97332307
373168.7999999523,3509427.716856658,779143.7034728747,5250998.989943588
373168.90000009537,3509427.704222979,779143.6992645522,5250999.0327375755
373169.0,3509427.7046341174,779143.6803833083,5250999.098422895
373169.09999990463,3509427.658215552,779143.71049961,5250999.013234682
373169.2000000477,3509427.6658156505,779143.744735298,5250999.104700584
373169.2999999523,3509427.6863987483,779143.7151356168,5250999.198765967
373169.40000009537,3509427.733365297,779143.737492616,5250999.242934702
373169.5,3509427.7032400714,779143.7400502849,5250999.130812194
373169.59999990463,3509427.6395910066,779143.7200346891,5250998.927193747
373169.7000000477,3509427.6405008864,779143.7411633631,5250999.015691912
373169.7999999523,3509427.664092795,779143.7814427549,5250998.995713679
373169.90000009537,3509427.605056621,779143.7700136135,5250998.96504617
373170.0,3509427.4659111975,779143.796815165,5250998.985457587
373170.09999990463,3509427.399724041,779143.822714756,5250998.9565139515
373170.2000000477,3509427.388171776,779143.83092637,5250998.970542044
373170.2999999523,3509427.3980858047,779143.8449136596,5250999.037706623
373170.40000009537,3509427.358447908,779143.8412097794,5250999.062329418
373170.5,3509427.3175109043,779143.9038921925,5250999.035982781
373170.59999990463,3509427.2195822266,779143.9314510954,5250999.075490274
373170.7000000477,3509427.1151978914,779143.9444667319,5250999.217804054
373170.7999999523,3509427.121418591,779143.9567010336,5250999.329620079
373170.90000009537,3509427.0684101377,779143.9517793518,5250999.38700452
373171.0,3509427.011631908,779143.9264532182,5250999.327748872
373171.09999990463,3509427.026464324,779143.9087261973,5250999.435083619
373171.2000000477,3509426.9562778403,779143.9719628755,5250999.510480837
373171.2999999523,3509426.9258807334,779143.9848842324,5250999.46744234
373171.40000009537,3509426.904730458,779143.9859303586,5250999.44189255
373171.5,3509426.8735499717,779143.9741464271,5250999.389100174
373171.59999990463,3509426.9160642303,779144.019229007,5250999.508041811
373171.7000000477,3509426.8225715905,779144.0089186771,5250999.381137886
373171.7999999523,3509426.8235194827,779144.0429544713,5250999.415689206
373171.90000009537,3509426.809893378,779144.0066018912,5250999.500133997
373172.0,3509426.764879977,779144.0566658351,5250999.557406228
373172.09999990463,3509426.754869887,779144.084511287,5250999.596069655
373172.2000000477,3509426.6626871494,779144.0740609057,5250999.67909327
373172.2999999523,3509426.6778246383,779144.0801506861,5250999.726090559
373172.40000009537,3509426.6719491174,779144.1141978346,5250999.783749712
373172.5,3509426.6796821365,779144.0488261181,5250999.614480978
373172.59999990463,3509426.594153739,779144.0083378629,5250999.301534401
373172.7000000477,3509426.621355399,779143.9970985189,5250999.236194771
373172.7999999523,3509426.6767576747,779143.9535836229,5250999.139188442
373172.90000009537,3509426.7461018516,779143.913987101,5250999.1321036955
373173.0,3509426.8304750854,779143.9199172843,5250999.113999619
373173.09999990463,3509426.8385629915,779143.8832272625,5250998.8917846745
373173.2000000477,3509426.8498608,779143.8905807433,5250998.92838328
373173.2999999523,3509426.7991068284,779143.8721826565,5250998.763175898
373173.40000009537,3509426.8707198617,779143.873067743,5250998.950729847
373173.5,3509426.9123390918,779143.8849179038,5250999.02911844
373173.59999990463,3509426.8730746126,779143.9032430189,5250998.863403194
373173.7000000477,3509426.866008277,779143.9074702414,5250999.002446418
373173.7999999523,3509426.893701781,779143.8969829807,5250999.157049417
373173.90000009537,3509426.831945986,779143.877581222,5250998.938246575
373174.0,3509426.8873021435,779143.8510558113,5250998.845714304
373174.09999990463,3509426.941558379,779143.839057673,5250998.746056702
373174.2000000477,3509426.928024803,779143.8711443808,5250998.761813482
373174.2999999523,3509426.914478266,779143.8681017858,5250998.842320513
373174.40000009537,3509426.955697458,779143.8716097545,5250998.98747305
373174.5,3509426.9948156765,779143.9038065905,5250999.116827716
373174.59999990463,3509426.9941572854,779143.9091335925,5250999.150306953
373174.7000000477,3509427.0193614615,779143.914056725,5250999.281166766
373174.7999999523,3509427.069798109,779143.8868364779,5250999.426293196
373174.90000009537,3509427.0984795876,779143.8495076012,5250999.302292012
373175.0,3509427.1523502194,779143.8072027132,5250999.198193457
373175.09999990463,3509427.133123433,779143.8209552943,5250999.325808219
373175.2000000477,3509427.056926884,779143.8649245929,5250999.379204141
373175.2999999523,3509427.0022468828,779143.8250297934,5250999.254299845
373175.40000009537,3509427.039686083,779143.8255325889,5250999.267521617
373175.5,3509427.0627720933,779143.8103702405,5250999.307438123
373175.59999990463,3509427.0843971935,779143.8006062746,5250999.346819615
373175.7000000477,3509427.108479848,779143.8323696807,5250999.472872542
373175.7999999523,3509427.070806523,779143.8568501318,5250999.642966202
373175.90000009537,3509427.005884377,779143.904776026,5250999.746956663
373176.0,3509426.9391957186,779143.9563500405,5250999.964948841
373176.09999990463,3509426.9892949704,779143.9628338473,5251000.010024107
373176.2000000477,3509427.0888662525,779143.9717849765,5250999.936196441
373176.2999999523,3509427.121707883,779143.9781735478,5250999.933062721
373176.40000009537,3509427.042139846,779143.9924530407,5251000.041799168
373176.5,3509427.013438916,779143.9516804161,5250999.974764659
373176.59999990463,3509426.9124702387,779143.9511968859,5250999.849443028
373176.7000000477,3509426.9029733613,779143.9726974984,5250999.903278741
373176.7999999523,3509426.975199917,779143.9716245213,5251000.031596626
373176.90000009537,3509426.920977133,779143.9717560784,5251000.093012135
373177.0,3509426.8718709475,779143.9971614592,5251000.139153469
373177.09999990463,3509426.9596505277,779144.0554786011,5251000.151702473
373177.2000000477,3509426.930065261,779143.9956296666,5251000.138936436
373177.2999999523,3509426.911569537,779143.956758663,5251000.025410775
373177.40000009537,3509427.053860423,779143.9030720174,5250999.897136941
373177.5,3509427.0462247916,779143.9166965354,5250999.803341359
373177.59999990463,3509427.0731516215,779143.9459784874,5250999.841858451
373177.7000000477,3509427.147531004,779143.9170440998,5250999.838647098
373177.7999999523,3509427.168683339,779143.9275963051,5250999.914997422
373177.90000009537,3509427.174182332,779143.9696856153,5250999.896057996
373178.0,3509427.195480978,779143.9244631347,5250999.792097964
373178.09999990463,3509427.2101778327,779143.8926777348,5250999.728337955
373178.2000000477,3509427.312428149,779143.8548633851,5250999.672624927
373178.2999999523,3509427.3873449904,779143.8527720704,5250999.660474239
373178.40000009537,3509427.4441681798,779143.8611975893,5250999.687826122
373178.5,3509427.464341265,779143.7995215196,5250999.429007436
373178.59999990463,3509427.4973722566,779143.770577131,5250999.08384002
373178.7000000477,3509427.5710358783,779143.8300357256,5250999.20822479
373178.7999999523,3509427.544725429,779143.7909142735,5250999.139988273
373178.90000009537,3509427.4263595785,779143.8190752129,5250999.295735539
373179.0,3509427.493715924,779143.8449271924,5250999.512484962
373179.09999990463,3509427.5867641293,779143.8460263319,5250999.603237375
373179.2000000477,3509427.6181235905,779143.7904207725,5250999.435056597
373179.2999999523,3509427.630668158,779143.7694362405,5250999.320575193
373179.40000009537,3509427.7008289318,779143.7736525754,5250999.395949474
373179.5,3509427.712539691,779143.7771239791,5250999.40275894
373179.59999990463,3509427.666504367,779143.7831368954,5250999.373027537
373179.7000000477,3509427.70726083,779143.7976721274,5250999.343022849
373179.7999999523,3509427.612213549,779143.7892625909,5250999.154965688
373179.90000009537,3509427.602152,779143.8274607783,5250999.3376890505
373180.0,3509427.598736465,779143.8290221567,5250999.347273206
373180.09999990463,3509427.614103578,779143.8270859285,5250999.287309832
373180.2000000477,3509427.559175774,779143.8060051551,5250999.158588546
373180.2999999523,3509427.5591034913,779143.7753030603,5250999.069660499
373180.40000009537,3509427.590067862,779143.792063798,5250998.991873105
373180.5,3509427.503082732,779143.8443839494,5250999.072976846
373180.59999990463,3509427.5162846306,779143.8903614879,5250999.222819051
373180.7000000477,3509427.538389312,779143.875277268,5250999.164998619
373180.7999999523,3509427.5439452194,779143.8244306135,5250998.877753632
373180.90000009537,3509427.720341835,779143.7582744835,5250998.796194589
373181.0,3509427.6392205013,779143.7751829685,5250998.912817299
373181.09999990463,3509427.6583109563,779143.7921450615,5250998.807608543
373181.2000000477,3509427.8050514245,779143.6953554915,5250998.783542791
373181.2999999523,3509427.8440579977,779143.6643209287,5250998.705607911
373181.40000009537,3509427.7834260203,779143.6106392009,5250998.605773312
373181.5,3509427.8250560444,779143.5848370696,5250998.5381020615
373181.59999990463,3509427.8749317056,779143.6183544608,5250998.596551089
373181.7000000477,3509427.8765628096,779143.5783198912,5250998.564640417
373181.7999999523,3509427.8355207643,779143.5357720277,5250998.486815718
373181.90000009537,3509427.8440211467,779143.5325084194,5250998.455362908
373182.0,3509427.793029789,779143.4808477056,5250998.461919147
373182.09999990463,3509427.8337655095,779143.4373771031,5250998.391457266
373182.2000000477,3509427.927157841,779143.5202048871,5250998.367002655
373182.2999999523,3509427.990360615,779143.5814387798,5250998.455247282
373182.40000009537,3509428.0840724423,779143.5935408344,5250998.543273033
373182.5,3509428.223438709,779143.6312903449,5250998.442268506
373182.59999990463,3509428.3631173773,779143.5800960738,5250998.302763943
373182.7000000477,3509428.561302425,779143.6242031183,5250998.538752324
373182.7999999523,3509428.657898453,779143.6434580976,5250998.625029691
373182.90000009537,3509428.7065203795,779143.6023694027,5250998.740948812
373183.0,3509428.667054561,779143.5502379951,5250998.737349689
373183.09999990463,3509428.575621295,779143.5702715548,5250998.7837610245
373183.2000000477,3509428.603398166,779143.5648157365,5250998.890808473
373183.2999999523,3509428.389127063,779143.5157464057,5250998.842460477
373183.40000009537,3509428.2754910057,779143.5762833756,5250999.030675711
373183.5,3509428.21069473,779143.7257293297,5250999.397835765
373183.59999990463,3509427.967912065,779143.6992342193,5250999.360800699
373183.7000000477,3509427.8295364017,779143.6826137734,5250999.450739269
373183.7999999523,3509427.7909351555,779143.749939783,5250999.7399321925
373183.90000009537,3509427.73105701,779143.8377576187,5250999.794525369
373184.0,3509427.7177443183,779143.8292617771,5250999.807158608
373184.09999990463,3509427.7360189757,779143.8053159411,5250999.739220006
373184.2000000477,3509427.6933934097,779143.8274156895,5250999.929971625
373184.2999999523,3509427.594400497,779143.8215683267,5250999.900463005
373184.40000009537,3509427.470205694,779143.8135292368,5250999.872736833
373184.5,3509427.4399148123,779143.8242172732,5250999.788113824
373184.59999990463,3509427.365489472,779143.8358575191,5250999.720490321
373184.7000000477,3509427.300804763,779143.8257047649,5250999.670703654
373184.7999999523,3509427.2957441583,779143.7535651441,5250999.783709011
373184.90000009537,3509427.307001557,779143.7784974185,5250999.872348451
373185.0,3509427.318536776,779143.766663425,5250999.989862939
373185.09999990463,3509427.268620846,779143.7415178695,5250999.969406813
373185.2000000477,3509427.202302686,779143.7410265036,5250999.881228327
373185.2999999523,3509427.1418519826,779143.7094810207,5250999.7797862245
373185.40000009537,3509427.10931883,779143.6618252394,5250999.722410816
373185.5,3509427.034822227,779143.6614936235,5250999.663763857
373185.59999990463,3509427.0236104387,779143.6638614029,5250999.7240159055
373185.7000000477,3509426.9646887584,779143.6207306986,5250999.604006522
373185.7999999523,3509426.9961568303,779143.667675679,5250999.623757723
373185.90000009537,3509427.0202338477,779143.7002859516,5250999.754127551
373186.0,3509427.053094454,779143.6942015294,5250999.832048035
373186.09999990463,3509427.038792125,779143.6511147255,5250999.78103026
373186.2000000477,3509426.980845938,779143.6348107277,5250999.6391618075
373186.2999999523,3509426.964713724,779143.6230465056,5250999.603163624
373186.40000009537,3509426.9720421555,779143.665332702,5250999.7076
373186.5,3509426.9212356857,779143.6864636283,5250999.736566585
373186.59999990463,3509426.883631114,779143.717682532,5250999.5650288155
373186.7000000477,3509426.9037584225,779143.7262818936,5250999.692742019
373186.7999999523,3509426.945458629,779143.742124312,5250999.81154563
373186.90000009537,3509426.8802485103,779143.7111865553,5250999.666712574
373187.0,3509426.91281684,779143.7161711865,5250999.738266374
373187.09999990463,3509426.8745422214,779143.7716400641,5250999.844079883
373187.2000000477,3509426.917515192,779143.7481228624,5250999.725755959
373187.2999999523,3509426.866571365,779143.7302618724,5250999.609466623
373187.40000009537,3509426.8458333183,779143.7681268244,5250999.717445783
373187.5,3509426.848045981,779143.7864061083,5250999.919953668
373187.59999990463,3509426.875967602,779143.7374320588,5250999.886384492
373187.7000000477,3509426.9276561374,779143.7218081352,5250999.791649553
373187.7999999523,3509426.911298803,779143.7173089193,5250999.5946935415
373187.90000009537,3509427.0496022445,779143.676809574,5250999.553910797
373188.0,3509427.027409822,779143.7022668791,5250999.592777232
373188.09999990463,3509427.040324607,779143.696291906,5250999.485714518
373188.2000000477,3509427.0122284335,779143.6639196479,5250999.2763005495
373188.2999999523,3509427.050151217,779143.7613854783,5250999.419520546
373188.40000009537,3509427.0460311016,779143.768255061,5250999.440682884
373188.5,3509427.083847067,779143.8208962448,5250999.42402318
373188.59999990463,3509427.126122242,779143.8006677185,5250999.337506714
373188.7000000477,3509427.193038329,779143.7446367203,5250999.248702731
373188.7999999523,3509427.2027799557,779143.7437367648,5250999.328499102
373188.90000009537,3509427.1933922675,779143.6908248785,5250999.264009744
373189.0,3509427.178422314,779143.6978021465,5250999.212985982
373189.09999990463,3509427.1899763206,779143.7273257006,5250999.170865586
373189.2000000477,3509427.196413099,779143.7389169754,5250999.199655919
373189.2999999523,3509427.176287775,779143.7799274474,5250999.270714245
373189.40000009537,3509427.1817011326,779143.7269514939,5250998.9602591265
373189.5,3509427.2193104527,779143.669368183,5250998.953729433
373189.59999990463,3509427.175896441,779143.7009015295,5250998.973733805
373189.7000000477,3509427.138898396,779143.7296930029,5250998.943795776
373189.7999999523,3509427.116833211,779143.725367719,5250998.823905688
373189.90000009537,3509427.1566989627,779143.6945108954,5250998.813749503
373190.0,3509427.154003033,779143.6989725718,5250998.81069538
373190.09999990463,3509427.2291652267,779143.7611924742,5250998.9607464615
373190.2000000477,3509427.2149164556,779143.770383855,5250998.940934515
373190.2999999523,3509427.2215701425,779143.7164259732,5250998.866831579
373190.40000009537,3509427.150506682,779143.7641101013,5250998.860431912
373190.5,3509427.1219807197,779143.7914001065,5250998.90895234
373190.59999990463,3509427.12832607,779143.7722930752,5250998.857025654
373190.7000000477,3509427.0344053404,779143.7545138153,5250998.753200891
373190.7999999523,3509427.030890343,779143.7998303825,5250998.763677423
373190.90000009537,3509426.986703689,779143.7608920283,5250998.611140925
373191.0,3509427.076958385,779143.8279587729,5250998.67737274
373191.09999990463,3509427.148966181,779143.915799086,5250998.954398067
373191.2000000477,3509427.1928015617,779143.9568052563,5250998.894602034
373191.2999999523,3509427.200924496,779143.9217597714,5250998.67457922
373191.40000009537,3509427.2459364324,779143.9321120967,5250998.793240478
373191.5,3509427.255408292,779143.9076482547,5250998.657687464
373191.59999990463,3509427.2935087564,779143.9139638413,5250998.809617445
373191.7000000477,3509427.2950388826,779143.977371731,5250998.887696776
373191.7999999523,3509427.2597518675,779144.0734052877,5250999.00116828
373191.90000009537,3509427.289287021,779144.0965325432,5250998.946095681
373192.0,3509428.0094439695,779143.9296543987,5250998.569361442
373192.09999990463,3509427.3763812566,779144.1174543744,5250998.8693952495
373192.2000000477,3509427.2756909877,779144.1845368082,5250998.812897956
373192.2999999523,3509427.3636954855,779144.1648918912,5250998.782956883
373192.40000009537,3509427.4231675304,779144.1913160761,5250999.072171434
373192.5,3509427.408085548,779144.1688471979,5250999.122160114
373192.59999990463,3509427.3274835953,779144.1007854184,5250999.31303458
373192.7000000477,3509427.207437347,779144.174107301,5250999.533624787
373192.7999999523,3509427.028196226,779144.2744372757,5250999.669372787
373192.90000009537,3509427.8285169876,779144.1408680032,5250999.359089296
373193.0,3509427.0708367475,779144.3827338619,5250999.97419445
373193.09999990463,3509427.0019796463,779144.3899507956,5250999.941174808
373193.2000000477,3509426.8714952944,779144.3837790324,5250999.750208721
373193.2999999523,3509426.9227651786,779144.4365561281,5250999.799315364
373193.40000009537,3509426.855079736,779144.5063873752,5250999.960513664
373193.5,3509426.719588627,779144.4652875072,5250999.96699221
373193.59999990463,3509426.740219086,779144.519539554,5251000.310862665
373193.7000000477,3509426.810946818,779144.508601795,5251000.1838607555
373193.7999999523,3509426.801532642,779144.5513864384,5251000.322544571
373193.90000009537,3509426.778223633,779144.3936141637,5251000.127082192
373194.0,3509424.8895258303,779145.9341867113,5251007.770626114
373194.09999990463,3509424.8714016294,779145.9499361232,5251007.728004224
373194.2000000477,3509424.906218368,779145.9618965207,5251007.724850514
373194.2999999523,3509427.1311078365,779144.3376551596,5250999.637974019
373194.40000009537,3509427.2678209413,779144.3431818625,5250999.518193054
373194.5,3509427.2705339817,779144.2995714222,5250999.500602475
373194.59999990463,3509427.396914368,779144.3154685855,5250999.681108568
373194.7000000477,3509427.6278851368,779144.4238291546,5250999.715143697
373194.7999999523,3509427.6182275787,779144.3885894687,5250999.622705795
373194.90000009537,3509427.6325314674,779144.3375251123,5250999.57141901
373195.0,3509427.602432003,779144.4522984389,5250999.650601529
373195.09999990463,3509425.5068894047,779146.0540841174,5251007.438714295
373195.2000000477,3509427.655409037,779144.3913139574,5250999.510757197
373195.2999999523,3509427.864200685,779144.2418144278,5250998.81300157
373195.40000009537,3509427.9525742875,779144.1973270605,5250998.667547846
373195.5,3509428.0369532937,779144.2177037267,5250998.470806898
373195.59999990463,3509428.039058903,779144.2077609882,5250998.604607711
373195.7000000477,3509428.1690955353,779144.2318972073,5250998.669233884
373195.7999999523,3509428.170688352,779144.1329007674,5250998.573941923
373195.90000009537,3509428.1321161753,779144.0819572399,5250998.410805552
373196.0,3509428.1173054767,779144.0815126695,5250998.398441621
373196.09999990463,3509428.204220969,779144.0528619234,5250998.469238058
373196.2000000477,3509428.273812547,779144.0132002041,5250998.437439907
373196.2999999523,3509428.2780922498,779144.0396041422,5250998.406456556
373196.40000009537,3509428.171144437,779143.9823209475,5250998.331014474
373196.5,3509428.1545452275,779143.9616501202,5250998.035474734
373196.59999990463,3509428.08387421,779143.9350675849,5250997.965518679
373196.7000000477,3509428.1220864826,779143.9808389337,5250998.080096775
373196.7999999523,3509428.0717155356,779143.9776472427,5250998.094969103
373196.90000009537,3509428.057529654,779143.9146659658,5250998.069259192
373197.0,3509428.0900223474,779143.884233674,5250998.120598418
373197.09999990463,3509428.067387688,779143.8453259282,5250998.091688405
373197.2000000477,3509428.0558724096,779143.9195041435,5250998.157311561
373197.2999999523,3509428.111447669,779143.8985099684,5250998.124935711
373197.40000009537,3509428.144311213,779143.8939725967,5250998.09706743
373197.5,3509428.153437325,779143.9564898424,5250998.360515535
373197.59999990463,3509428.0781974364,779143.9796323135,5250998.334313659
373197.7000000477,3509428.1558443992,779144.0291325595,5250998.390023123
373197.7999999523,3509428.066322149,779144.0132251515,5250998.671040459
373197.90000009537,3509427.979000655,779144.0237219313,5250998.6551647885
373198.0,3509428.0049220314,779144.0124329112,5250998.815616652
373198.09999990463,3509428.0505593214,779143.9799067819,5250998.998610903
373198.2000000477,3509428.072978499,779143.966218432,5250999.001690069
373198.2999999523,3509428.0255889455,779143.8953410704,5250998.933886689
373198.40000009537,3509427.997850516,779143.9299509709,5250998.972169431
373198.5,3509427.919147988,779143.9616783377,5250998.95075779
373198.59999990463,3509427.9726740196,779144.0112145717,5250999.149581522
373198.7000000477,3509427.9081979655,779143.9945163496,5250998.968495249
373198.7999999523,3509427.874000943,779143.9578423658,5250998.683726853
373198.90000009537,3509427.8458596747,779143.9350728288,5250998.81519597
373199.0,3509427.8616552306,779143.9482959168,5250999.054262082
373199.09999990463,3509427.837219216,779143.9455853881,5250999.071716661
373199.2000000477,3509427.782769148,779143.9332943499,5250999.119985695
373199.2999999523,3509427.694666197,779143.9420357317,5250999.047184227
373199.40000009537,3509427.637157159,779144.0217939786,5250999.049127205
373199.5,3509427.735780334,779144.0447005993,5250999.275692356
373199.59999990463,3509427.7265383843,779144.028829004,5250999.255117156
373199.7000000477,3509427.7152048084,779144.0382010061,5250999.390050021
373199.7999999523,3509427.6031627585,779144.0230858385,5250999.365932875
373199.90000009537,3509427.6114353854,779144.0736160355,5250999.405644166
373200.0,3509427.6469544102,779144.1412503538,5250999.521400084
373200.09999990463,3509427.440538561,779144.0531722563,5250999.437613448
373200.2000000477,3509427.4374528467,779144.099601436,5250999.47006479
373200.2999999523,3509427.54515964,779144.1254885283,5250999.331333999
373200.40000009537,3509427.5500569465,779144.1403094248,5250999.386016431
373200.5,3509427.512392849,779144.1820629983,5250999.436374481
373200.59999990463,3509427.4286798546,779144.1576666175,5250999.413319113
373200.7000000477,3509427.4077000506,779144.1956605405,5250999.657950535
373200.7999999523,3509427.322213548,779144.2195017711,5250999.7863546545
373200.90000009537,3509427.3470391626,779144.2451010284,5250999.74582889
373201.0,3509427.3689249405,779144.3022726517,5250999.8523890525
373201.09999990463,3509427.3779313453,779144.2957305886,5250999.950041384
373201.2000000477,3509427.3841650714,779144.3567032963,5250999.973190441
373201.2999999523,3509427.425365002,779144.349879932,5250999.882221219
373201.40000009537,3509427.4158950425,779144.311152376,5250999.795790509
373201.5,3509427.5423926935,779144.3081476334,5250999.817255064
373201.59999990463,3509427.397332776,779144.242039763,5250999.758618246
373201.7000000477,3509427.4788065804,779144.2583026176,5250999.8847801285
373201.7999999523,3509427.494946934,779144.2201459286,5250999.852075992
373201.90000009537,3509427.4541788297,779144.1980615,5250999.781506624
373202.0,3509427.5565893217,779144.2612836685,5251000.033915558
373202.09999990463,3509427.542111131,779144.2860427523,5251000.134514743
373202.2000000477,3509427.4859247585,779144.2897562792,5251000.246345982
373202.2999999523,3509427.4586581523,779144.2769425755,5251000.256241567
373202.40000009537,3509427.4364875276,779144.286728774,5251000.215047005
373202.5,3509427.3840257674,779144.3263964879,5251000.3450114895
373202.59999990463,3509427.3294159197,779144.355413386,5251000.23506075
373202.7000000477,3509427.3238577843,779144.3092283509,5251000.258729124
373202.7999999523,3509427.3332029195,779144.3532604016,5251000.36843656
373202.90000009537,3509427.32280611,779144.3346432641,5251000.35522348
373203.0,3509427.385389256,779144.3237330304,5251000.369875877
373203.09999990463,3509427.418970001,779144.3095722235,5251000.312877181
373203.2000000477,3509427.451113848,779144.3451194979,5251000.477548788
373203.2999999523,3509427.417568502,779144.3290507672,5251000.466688882
373203.40000009537,3509427.4190636547,779144.3526639782,5251000.543052812
373203.5,3509427.41375072,779144.2956112036,5251000.402421866
373203.59999990463,3509427.402526476,779144.3151216402,5251000.37863373
373203.7000000477,3509427.3716605096,779144.2603844777,5251000.239875461
373203.7999999523,3509427.3729527867,779144.2191210932,5251000.301501675
373203.90000009537,3509427.3575437623,779144.2463499291,5251000.277564589
373204.0,3509427.3100884613,779144.2046743095,5251000.205989245
373204.09999990463,3509427.2636664477,779144.1780235193,5251000.163960754
373204.2000000477,3509427.24609049,779144.1579686303,5251000.146921798
373204.2999999523,3509427.185157612,779144.2043807827,5251000.162320564
373204.40000009537,3509427.208901748,779144.2226389507,5251000.159942905
373204.5,3509427.216156678,779144.2128143801,5251000.159800836
373204.59999990463,3509427.144126723,779144.2018939289,5250999.9953782065
373204.7000000477,3509427.162957599,779144.1968738601,5250999.960967469
373204.7999999523,3509427.1755255703,779144.2080868625,5250999.953614583
373204.90000009537,3509427.149018272,779144.224895806,5251000.056077146
373205.0,3509427.0896915714,779144.1967511609,5250999.996485193
373205.09999990463,3509427.1375890104,779144.2051572872,5251000.091248611
373205.2000000477,3509427.227448141,779144.2053931396,5251000.240485771
373205.2999999523,3509427.2454930865,779144.1239897815,5251000.276947681
373205.40000009537,3509427.1544516105,779144.0800614639,5251000.230603302
373205.5,3509427.262257477,779144.1338066191,5251000.195100848
373205.59999990463,3509427.2357405145,779144.2087782429,5251000.10996264
373205.7000000477,3509427.2063005366,779144.1380854144,5251000.268595565
373205.7999999523,3509427.162886472,779144.1157476926,5251000.200193254
373205.90000009537,3509427.2060609623,779144.1347174938,5251000.194875785
373206.0,3509427.208413906,779144.1502337895,5251000.131196693
373206.09999990463,3509427.233479238,779144.1588963919,5251000.107448974
373206.2000000477,3509427.298243899,779144.1844594349,5251000.1310431715
373206.2999999523,3509427.305151265,779144.2227398084,5251000.176337334
373206.40000009537,3509427.2612642236,779144.214474212,5251000.210659941
373206.5,3509427.214068441,779144.2289763836,5251000.269065278
373206.59999990463,3509427.2693254175,779144.3488422516,5251000.435494184
373206.7000000477,3509427.3023199234,779144.3015427691,5251000.363499389
373206.7999999523,3509427.2648136094,779144.2636852014,5251000.3499601325
373206.90000009537,3509427.0859460286,779144.2379988442,5251000.169436237
373207.0,3509427.0483859787,779144.2100724223,5251000.066114622
373207.09999990463,3509427.0918744896,779144.1901527796,5250999.991724196
373207.2000000477,3509427.0554862195,779144.1470981212,5250999.928971382
373207.2999999523,3509427.111260057,779144.135142093,5251000.075002013
373207.40000009537,3509427.1164202294,779144.1282880806,5251000.109705273
373207.5,3509427.0642918088,779144.1557079148,5251000.212711033
373207.59999990463,3509427.0126413214,779144.2284122311,5251000.207663871
373207.7000000477,3509426.9996431014,779144.2386538099,5251000.1355522955
373207.7999999523,3509427.0373065486,779144.2284789218,5251000.208278641
373207.90000009537,3509427.041491806,779144.2816375867,5251000.237179014
373208.0,3509427.0271284897,779144.285180601,5251000.213363808
373208.09999990463,3509427.0784873236,779144.2997044763,5251000.26432246
373208.2000000477,3509427.1280794954,779144.3307749932,5251000.278776228
373208.2999999523,3509427.2473780876,779144.3562592942,5251000.342276749
373208.40000009537,3509427.2067007604,779144.3577983462,5251000.359807186
373208.5,3509427.182570559,779144.3376171731,5251000.248720383
373208.59999990463,3509427.214524104,779144.251163059,5251000.179325327
373208.7000000477,3509427.1609741817,779144.2511153033,5251000.106074006
373208.7999999523,3509427.250276884,779144.259745871,5251000.187634804
373208.90000009537,3509427.2351517337,779144.2405839677,5251000.094190042
373209.0,3509427.1965214754,779144.2129940661,5251000.052533895
373209.09999990463,3509427.233107017,779144.2250312343,5250999.968021761
373209.2000000477,3509427.2484464874,779144.1352040018,5250999.972340067
373209.2999999523,3509427.2297539595,779144.1739038385,5251000.037470113
373209.40000009537,3509427.2206082903,779144.160013242,5250999.966870417
373209.5,3509427.169567418,779144.139854008,5250999.886246024
373209.59999990463,3509427.1759351273,779144.147738572,5251000.014872096
373209.7000000477,3509427.1403340264,779144.1805330401,5250999.972223116
373209.7999999523,3509427.193936857,779144.1846119397,5250999.898058043
373209.90000009537,3509427.2663866044,779144.1647564706,5250999.949648655
373210.0,3509427.1254398664,779144.1968865504,5250999.624958655
373210.09999990463,3509427.2840517196,779144.4448015178,5250999.746864107
373210.2000000477,3509427.4794117417,779144.642110982,5250999.902060305
373210.2999999523,3509427.6207479043,779144.7865269007,5251000.068240985
373210.40000009537,3509427.7042970415,779144.8328965416,5251000.162641143
373210.5,3509428.3033111305,779145.3410904249,5251000.739437536
373210.59999990463,3509428.3376203757,779145.3087164519,5251000.71644783
373210.7000000477,3509428.290404967,779145.2507068462,5251000.759147669
373210.7999999523,3509428.2684083697,779145.1940005635,5251000.764224992
373210.90000009537,3509428.1899788813,779145.1470760681,5251000.685162812
373211.0,3509428.129164243,779145.0856895518,5251000.585730226
373211.09999990463,3509428.092064432,779145.0707691018,5251000.479906411
373211.2000000477,3509428.043582331,779145.0621406324,5251000.4398417175
373211.2999999523,3509428.0654390375,779145.0491112329,5251000.368619552
373211.40000009537,3509428.25736554,779145.1606097274,5251000.578129364
373211.5,3509428.3545190007,779145.2042076604,5251000.635480676
373211.59999990463,3509428.3414455885,779145.1492860079,5251000.562565743
373211.7000000477,3509428.436973278,779145.1778102542,5251000.58978382
373211.7999999523,3509428.49320035,779145.2060893584,5251000.66757835
373211.90000009537,3509428.470199216,779145.1568661805,5251000.690373892
373212.0,3509428.3555428972,779144.9722230954,5251000.622489045
373212.09999990463,3509428.425247425,779144.7894393718,5251000.513179785
373212.2000000477,3509428.8057879633,779145.1808843472,5251000.879128094
373212.2999999523,3509429.3850300955,779145.6221727863,5251001.430179232
373212.40000009537,3509429.9549818314,779146.0561308014,5251001.971231526
373212.5,3509430.2911086157,779146.3435864066,5251002.351349698
373212.59999990463,3509430.4475219073,779146.419959503,5251002.523500008
373212.7000000477,3509430.2782031465,779146.2835769354,5251002.370529625
373212.7999999523,3509429.9628353007,779145.9591189529,5251002.078041615
373212.90000009537,3509429.940162202,779145.8500468826,5251002.018817362
373213.0,3509429.8518642513,779145.7547499802,5251001.932059879
373213.09999990463,3509429.493429485,779145.3621066157,5251001.4662339715
373213.2000000477,3509428.995483669,779144.9011428778,5251000.940871912
373213.2999999523,3509428.749635315,779144.6783681287,5251000.846895737
373213.40000009537,3509428.718418806,779144.6550103606,5251000.897741185
373213.5,3509428.8009348423,779144.6934424029,5251000.902532152
373213.59999990463,3509428.8736265027,779144.7582673477,5251000.99648534
373213.7000000477,3509428.842009483,779144.7997978678,5251000.988184097
373213.7999999523,3509428.9666914204,779144.8671185866,5251001.019928276
373213.90000009537,3509429.018015496,779144.9490211648,5251001.070094627
373214.0,3509428.9672882636,779144.8208880881,5251001.016074628
373214.09999990463,3509428.924827426,779144.7340402331,5251001.105680398
373214.2000000477,3509428.797255619,779144.6922259149,5251000.884027642
373214.2999999523,3509428.753950619,779144.6341148106,5251000.806072315
373214.40000009537,3509428.626911522,779144.5779175241,5251000.747464401
373214.5,3509428.5275477036,779144.6059684345,5251000.630461988
373214.59999990463,3509428.5269862916,779144.7215719025,5251000.653645872
373214.7000000477,3509428.4594543437,779144.8052129885,5251000.6443849765
373214.7999999523,3509428.310824797,779144.7167920874,5251000.643222183
373214.90000009537,3509428.135723136,779144.7564700362,5251000.669203812
373215.0,3509426.9886275833,779144.9791333226,5251000.875012548
373215.09999990463,3509426.917674763,779144.9813462783,5251000.837655943
373215.2000000477,3509426.80272415,779144.9575821342,5251000.660075784
373215.2999999523,3509426.747578412,779144.9356456059,5251000.502768848
373215.40000009537,3509426.7700458285,779145.0000315737,5251000.463224885
373215.5,3509426.86405539,779145.0209876104,5251000.403190919
373215.59999990463,3509426.8142606188,779145.0129114006,5251000.510545675
373215.7000000477,3509426.800887971,779144.9843919835,5251000.2957663555
373215.7999999523,3509426.9553492693,779144.967013928,5251000.274024159
373215.90000009537,3509428.13153684,779144.7157617913,5250999.828649948
373216.0,3509428.112299625,779144.7139210649,5250999.654718536
373216.09999990463,3509427.449894381,779144.9074649487,5250999.976519083
373216.2000000477,3509427.3961788556,779144.9072657046,5250999.827297976
373216.2999999523,3509427.2018728126,779144.9361503541,5250999.811303154
373216.40000009537,3509427.1414424763,779145.0145874514,5250999.9531681845
373216.5,3509427.165627713,779145.0906325948,5250999.974463677
373216.59999990463,3509427.181206054,779145.1422420231,5251000.007678178
373216.7000000477,3509427.1632842296,779145.1851634772,5251000.047442616
373216.7999999523,3509427.239497662,779145.2722558704,5251000.119909125
373216.90000009537,3509427.2971346476,779145.2767201653,5250999.915849758
373217.0,3509427.232887559,779145.378297705,5250999.99418948
373217.09999990463,3509427.1938749556,779145.3881528133,5251000.005211382
373217.2000000477,3509427.2457201923,779145.3403926146,5250999.868594865
373217.2999999523,3509427.283885271,779145.2938546465,5250999.673598243
373217.40000009537,3509427.336333763,779145.3044904097,5250999.676456612
373217.5,3509427.3960132403,779145.3395291126,5250999.782539265
373217.59999990463,3509427.513111232,779145.4178947157,5250999.786392797
373217.7000000477,3509427.531546795,779145.471885952,5250999.748214363
373217.7999999523,3509427.525362848,779145.5193942148,5250999.723169457
373217.90000009537,3509427.575421838,779145.5373463015,5250999.733767902
373218.0,3509427.624157845,779145.5443221543,5250999.593307415
373218.09999990463,3509427.588482825,779145.5745715373,5250999.523013329
373218.2000000477,3509427.6003391193,779145.629207385,5250999.591298005
373218.2999999523,3509427.612723255,779145.6574655778,5250999.631409146
373218.40000009537,3509427.5999901374,779145.6330033231,5250999.491331986
373218.5,3509427.607539915,779145.6263186012,5250999.359268209
373218.59999990463,3509427.6049045487,779145.5945798643,5250999.195826677
373218.7000000477,3509427.704339577,779145.5640458075,5250999.148356622
373218.7999999523,3509427.849267261,779145.5682833986,5250999.055830193
373218.90000009537,3509427.790446669,779145.5844903365,5250998.923764133
373219.0,3509427.757532357,779145.6056181509,5250998.996402552
373219.09999990463,3509427.710238199,779145.5751512835,5250998.944221588
373219.2000000477,3509427.7799638696,779145.5771170307,5250998.741279766
373219.2999999523,3509427.7731987312,779145.5350287214,5250998.637916746
373219.40000009537,3509427.8717662827,779145.7010926346,5250998.869930439
373219.5,3509427.957168857,779145.7506111999,5250999.0093442155
373219.59999990463,3509428.0149360714,779145.7845546479,5250999.08815346
373219.7000000477,3509428.047057868,779145.7837514583,5250998.973975362
373219.7999999523,3509428.056265956,779145.8855903912,5250999.027931139
373219.90000009537,3509428.0549440947,779145.8440543201,5250998.98750176
373220.0,3509428.0657277196,779145.7923927549,5250998.8473682515
373220.09999990463,3509428.2088689236,779145.8006126521,5250998.780521959
373220.2000000477,3509429.180631667,779145.6245281448,5250998.410252747
373220.2999999523,3509428.3417559415,779145.8346956833,5250998.698401357
373220.40000009537,3509428.352763571,779145.8763641904,5250998.860821926
373220.5,3509428.3160688034,779145.9341748965,5250998.917073949
373220.59999990463,3509428.2103566024,779145.9359673011,5250998.652166269
373220.7000000477,3509428.211272973,779146.072817493,5250998.594343836
373220.7999999523,3509428.2683624234,779146.1896544448,5250998.697261954
373220.90000009537,3509428.2926643137,779146.2832038976,5250998.887976038
373221.0,3509428.3110233005,779146.325249351,5250998.9208668005
373221.09999990463,3509428.7780391145,779145.6671707956,5250998.021786275
373221.2000000477,3509428.1365211895,779146.3828498437,5250998.582865543
373221.2999999523,3509428.8589297617,779145.8662705411,5250998.065386945
373221.40000009537,3509428.390897576,779146.4850254279,5250998.549817006
373221.5,3509428.328441828,779146.5522229638,5250998.643604935
373221.59999990463,3509428.299276748,779146.609361964,5250998.67490148
373221.7000000477,3509428.285781638,779146.689297539,5250998.767419193
373221.7999999523,3509428.2714280193,779146.7448973168,5250998.879608055
373221.90000009537,3509428.192223588,779146.7942092237,5250998.912108123
373222.0,3509428.1512107453,779146.8105566505,5250998.89788302
373222.09999990463,3509428.0777759543,779146.8581863885,5250998.92013853
373222.2000000477,3509428.0458028265,779146.8794395673,5250998.925416885
373222.2999999523,3509428.0704590254,779146.9597907023,5250998.976591869
373222.40000009537,3509428.112581182,779147.0816226323,5250998.999838605
373222.5,3509428.1207564143,779147.135979166,5250998.896835174
373222.59999990463,3509428.1300809006,779147.1620004987,5250998.859957578
373222.7000000477,3509428.1412482774,779147.2404133546,5250998.939462569
373222.7999999523,3509428.121905538,779147.324992519,5250999.103829347
373222.90000009537,3509428.1249225754,779147.3603055949,5250999.186222578
373223.0,3509428.1284193397,779147.4422788145,5250999.271253227
373223.09999990463,3509428.1272913325,779147.5900814187,5250999.445443508
373223.2000000477,3509428.1053398345,779147.7394125719,5250999.585437179
373223.2999999523,3509428.024129084,779147.8599294302,5250999.664799201
373223.40000009537,3509428.0572582055,779147.9365801257,5250999.847182639
373223.5,3509428.121399486,779148.0041942203,5250999.941070539
373223.59999990463,3509428.0953064123,779148.0536749057,5250999.8646707395
373223.7000000477,3509428.030038672,779148.0911019681,5250999.814559018
373223.7999999523,3509427.9285884416,779148.1256351154,5250999.748746114
373223.90000009537,3509427.899521775,779148.1301925806,5250999.623238112
373224.0,3509427.9088174906,779148.1760704353,5250999.613622987
373224.09999990463,3509427.94015289,779148.2153852942,5250999.687127596
373224.2000000477,3509427.9224748304,779148.2767871004,5250999.694777232
373224.2999999523,3509427.863874492,779148.3108552139,5250999.650284111
373224.40000009537,3509427.831616891,779148.3673941339,5250999.652075529
373224.5,3509427.7712300913,779148.4423126375,5250999.636891035
373224.59999990463,3509427.71638548,779148.5109726023,5250999.651238818
373224.7000000477,3509427.734798303,779148.5763481442,5250999.615905997
373224.7999999523,3509427.8405778534,779148.6343990456,5250999.585483784
373224.90000009537,3509427.9763500965,779148.7038043616,5250999.5264557535
373225.0,3509428.0498608416,779148.7834597684,5250999.470750475
373225.09999990463,3509428.068751587,779148.8624941353,5250999.430487565
373225.2000000477,3509428.022835361,779148.9119786031,5250999.364246879
373225.2999999523,3509428.061738509,779148.93543093,5250999.3831443135
373225.40000009537,3509428.113842962,779148.9354066637,5250999.408602565
373225.5,3509428.1341490764,779148.9327640182,5250999.50135066
373225.59999990463,3509428.1153377215,779148.9720950986,5250999.5462561175
373225.7000000477,3509428.117399479,779149.0262140912,5250999.525279955
373225.7999999523,3509428.14761829,779149.0966101788,5250999.491531802
373225.90000009537,3509428.10895959,779149.157803322,5250999.400900425
373226.0,3509428.1030686805,779149.1980887328,5250999.413608222
373226.09999990463,3509428.143013954,779149.238029118,5250999.46508424
373226.2000000477,3509428.102407475,779149.2918703492,5250999.360402651
373226.2999999523,3509428.0692173834,779149.3622596742,5250999.357469307
373226.40000009537,3509428.0444208332,779149.3951977193,5250999.381488525
373226.5,3509428.03256691,779149.4344438136,5250999.490817566
373226.59999990463,3509427.996406922,779149.5093579018,5250999.578817181
373226.7000000477,3509427.969682998,779149.548969948,5250999.552276124
373226.7999999523,3509427.9257839946,779149.5620866172,5250999.470659049
373226.90000009537,3509427.91359364,779149.5735722738,5250999.450113575
373227.0,3509427.8864305224,779149.6204543815,5250999.42110343
373227.09999990463,3509427.8773138863,779149.647245589,5250999.144554476
373227.2000000477,3509427.90180474,779149.6208880993,5250999.062121052
373227.2999999523,3509427.9231647053,779149.6979981965,5250999.1144862
373227.40000009537,3509427.9306892226,779149.7448556195,5250999.189343895
373227.5,3509427.8919739295,779149.7910411055,5250999.326653259
373227.59999990463,3509427.874954676,779149.8519469849,5250999.20990535
373227.7000000477,3509423.188733672,779149.4186216686,5250980.54180067
373227.7999999523,3509427.8864639197,779149.9954840423,5250999.631356957
373227.90000009537,3509427.8663505926,779149.9746920342,5250999.538477495
373228.0,3509427.959900947,779150.0686762214,5250999.593730764
373228.09999990463,3509427.8295398825,779150.1714687534,5250999.676268151
373228.2000000477,3509427.7567079547,779150.1161229361,5250999.6539603565
373228.2999999523,3509427.6946980287,779150.1273031187,5250999.5430635195
373228.40000009537,3509427.6903848704,779150.2021843252,5250999.431799732
373228.5,3509427.688943947,779150.2044506825,5250999.383609476
373228.59999990463,3509427.6387783787,779150.2785008718,5250999.235916707
373228.7000000477,3509427.6469148737,779150.401361054,5250999.265483531
373228.7999999523,3509427.7239065105,779150.4003497468,5250999.179503699
373228.90000009537,3509427.726659512,779150.4934200856,5250999.187726622
373229.0,3509427.610140542,779150.494947691,5250998.994187528
373229.09999990463,3509427.640253739,779150.5344833438,5250998.994759043
373229.2000000477,3509427.6709866137,779150.5656277235,5250998.991083244
373229.2999999523,3509427.64006497,779150.5777639415,5250998.931637998
373229.40000009537,3509427.559403017,779150.6387208835,5250999.084423329
373229.5,3509427.5512849754,779150.7420600489,5250999.243942577
373229.59999990463,3509427.5955794263,779150.8487589958,5250999.26970019
373229.7000000477,3509428.376868473,779150.054912765,5250998.395101157
373229.7999999523,3509427.7276136344,779150.9208262798,5250999.279336169
373229.90000009537,3509427.779364136,779150.9201390613,5250999.191983071
373230.0,3509427.8244555164,779150.9139951474,5250999.196527766
373230.09999990463,3509427.779302876,779150.9863842324,5250999.22826209
373230.2000000477,3509428.4809053172,779150.2324977069,5250998.342418362
373230.2999999523,3509427.711110282,779151.1277119892,5250999.189569531
373230.40000009537,3509427.6359072872,779151.1744828651,5250999.124514554
373230.5,3509427.616662123,779151.1989425089,5250999.081480728
373230.59999990463,3509427.6677133217,779151.2240382889,5250999.053250243
373230.7000000477,3509427.6790344585,779151.2994168347,5250999.0701353485
373230.7999999523,3509427.627606535,779151.355208758,5250998.979461484
373230.90000009537,3509427.619148761,779151.3990102038,5250998.807421463
373231.0,3509427.647159332,779151.4356234331,5250998.712179433
373231.09999990463,3509427.6444571563,779151.4806144515,5250998.70882056
373231.2000000477,3509427.6215367955,779151.5268108639,5250998.720272206
373231.2999999523,3509427.607081563,779151.55692633,5250998.705227138
373231.40000009537,3509427.5975800534,779151.6325810908,5250998.647259512
373231.5,3509427.5424649655,779151.6597915279,5250998.4493869385
373231.59999990463,3509427.4660231383,779151.6956057305,5250998.397571864
373231.7000000477,3509427.4151733033,779151.7494863553,5250998.406653878
373231.7999999523,3509427.5172641515,779151.7517373946,5250998.3414438
373231.90000009537,3509427.5413955026,779151.737159407,5250998.247127213
373232.0,3509427.5269485503,779151.7840048616,5250998.275108569
373232.09999990463,3509427.584318326,779151.8533179252,5250998.442034263
373232.2000000477,3509427.6132446025,779151.907667075,5250998.635323551
373232.2999999523,3509427.647364344,779151.9215148734,5250998.717085664
373232.40000009537,3509427.6609460777,779151.960321379,5250998.824683212
373232.5,3509427.7016890952,779151.9924299088,5250998.919122593
373232.59999990463,3509427.6922175647,779152.0319310807,5250998.908093679
373232.7000000477,3509427.719723373,779152.0528746798,5250998.918016282
373232.7999999523,3509428.386877743,779151.4229418829,5250998.293865105
373232.90000009537,3509427.8634235323,779152.1477731066,5250999.1878126
373233.0,3509427.9449572386,779152.1318258315,5250999.2333084
373233.09999990463,3509427.9448857876,779152.1695515823,5250999.288602177
373233.2000000477,3509427.9766528923,779152.1972264604,5250999.285683456
373233.2999999523,3509428.0134332217,779152.2163905874,5250999.278464928
373233.40000009537,3509428.066367653,779152.2935467156,5250999.312460728
373233.5,3509428.087968444,779152.3791227683,5250999.359959545
373233.59999990463,3509428.0546981953,779152.4203106163,5250999.3685709
373233.7000000477,3509428.038639739,779152.4975299989,5250999.371910822
373233.7999999523,3509428.099238284,779152.5268433981,5250999.406211969
373233.90000009537,3509428.084341409,779152.5888981367,5250999.399262571
373234.0,3509428.0361628113,779152.7166514095,5250999.410558162
373234.09999990463,3509428.010089682,779152.774368803,5250999.300186565
373234.2000000477,3509428.001561885,779152.8101284811,5250999.224664549
373234.2999999523,3509427.903925021,779152.8164348592,5250999.1392936595
373234.40000009537,3509428.3401912297,779152.2244020774,5250998.506085962
373234.5,3509427.7646106705,779152.937092572,5250999.1422379585
373234.59999990463,3509427.694351552,779153.0657069889,5250999.044676499
373234.7000000477,3509427.6631795214,779153.0952223589,5250998.848952403
373234.7999999523,3509427.6048871195,779153.1432605215,5250998.798985974
373234.90000009537,3509427.549407014,779153.1484242621,5250998.730034775
373235.0,3509427.5793885114,779153.1950000846,5250998.755730876
373235.09999990463,3509427.6064734617,779153.2212823201,5250998.7958698515
373235.2000000477,3509427.571413936,779153.2855317629,5250998.851883056
373235.2999999523,3509427.565107575,779153.3989782105,5250998.831743063
373235.40000009537,3509427.5638367953,779153.4902267911,5250998.882321072
373235.5,3509427.611205599,779153.5392846281,5250998.905006822
373235.59999990463,3509427.544931622,779153.5781850107,5250998.773201694
373235.7000000477,3509427.504888094,779153.5707096554,5250998.742980497
373235.7999999523,3509427.533500592,779153.5942946135,5250998.789697916
373235.90000009537,3509427.568244307,779153.6332028559,5250998.753499894
373236.0,3509427.604762664,779153.7819410407,5250998.817504788
373236.09999990463,3509427.658910203,779153.772973043,5250998.770382051
373236.2000000477,3509427.701056727,779153.716217864,5250998.623212832
373236.2999999523,3509427.7063590284,779153.7679930147,5250998.653857621
373236.40000009537,3509427.6908945716,779153.8856130487,5250998.74058828
373236.5,3509427.706317251,779153.9327745602,5250998.7216845965
373236.59999990463,3509427.76655289,779153.9373003603,5250998.685742964
373236.7000000477,3509427.82964568,779153.9312046185,5250998.561328641
373236.7999999523,3509427.8741371054,779153.9176505599,5250998.513557436
373236.90000009537,3509427.9561328315,779153.8856957067,5250998.490377794
373237.0,3509428.0444800425,779153.8869215673,5250998.486568446
373237.09999990463,3509428.0931759994,779153.9007055906,5250998.447979765
373237.2000000477,3509428.180070881,779153.9634888183,5250998.482849441
373237.2999999523,3509428.2748580333,779154.0833542107,5250998.414250304
373237.40000009537,3509428.3258639476,779154.2245527948,5250998.408867635
373237.5,3509428.3525792304,779154.3502763931,5250998.479201642
373237.59999990463,3509428.38640453,779154.4136739552,5250998.535291379
373237.7000000477,3509428.4252482294,779154.433567061,5250998.460332182
373237.7999999523,3509428.501371937,779154.4437798084,5250998.431469861
373237.90000009537,3509428.5179256564,779154.5200776124,5250998.452564671
373238.0,3509428.5681669908,779154.5926114152,5250998.472287932
373238.09999990463,3509428.6046255827,779154.667283113,5250998.509041091
373238.2000000477,3509428.611043852,779154.7421046786,5250998.501020274
373238.2999999523,3509428.596558171,779154.8258588656,5250998.469861187
373238.40000009537,3509428.5671864985,779154.9206710267,5250998.4705265965
373238.5,3509428.518183728,779154.9887533924,5250998.456969862
373238.59999990463,3509428.528748653,779155.0383905387,5250998.354417481
373238.7000000477,3509428.53338883,779155.0813865368,5250998.351957876
373238.7999999523,3509428.5065446254,779155.1432640546,5250998.3281122865
373238.90000009537,3509428.520561921,779155.203575603,5250998.329690455
373239.0,3509428.4562922576,779155.301488416,5250998.216903063
373239.09999990463,3509428.3981021447,779155.3618576536,5250998.117972703
373239.2000000477,3509428.3762956564,779155.3883093164,5250998.132218028
373239.2999999523,3509428.3726319806,779155.4551649935,5250998.0398383355
373239.40000009537,3509428.426693138,779155.5547489908,5250997.959606517
373239.5,3509428.4084186335,779155.6431105105,5250997.91237781
373239.59999990463,3509428.4146844815,779155.7386046894,5250997.873845487
373239.7000000477,3509428.491186865,779155.7795132541,5250997.894177358
373239.7999999523,3509428.580367799,779155.7788149195,5250997.876343484
373239.90000009537,3509428.650364854,779155.7991553812,5250997.8021343
373240.0,3509428.5968800164,779155.8514881998,5250997.70607808
373240.09999990463,3509428.551110746,779155.891321434,5250997.600878804
373240.2000000477,3509428.5148698217,779155.9422082019,5250997.542967927
373240.2999999523,3509428.526642626,779156.0164725721,5250997.600190578
373240.40000009537,3509429.023871543,779155.6154202393,5250997.243549776
373240.5,3509429.080560143,779155.6629477739,5250997.313331272
373240.59999990463,3509428.7770243823,779156.1126313116,5250997.8127131825
373240.7000000477,3509428.883580896,779156.1646473205,5250997.846240807
373240.7999999523,3509428.9354155776,779156.2866419388,5250997.955417257
373240.90000009537,3509428.856411553,779156.4298481749,5250998.024385979
373241.0,3509428.8335899953,779156.5060076703,5250997.992838672
373241.09999990463,3509428.8126680907,779156.5814368867,5250998.002782342
373241.2000000477,3509428.8063927987,779156.664600953,5250998.058311725
373241.2999999523,3509428.8145142514,779156.7639006989,5250998.143087751
373241.40000009537,3509428.8998003216,779156.8278497304,5250998.134718512
373241.5,3509428.9951588335,779156.8267681599,5250997.966346366
373241.59999990463,3509429.024980366,779156.9125923333,5250997.959060023
373241.7000000477,3509429.028615054,779157.034381201,5250997.99480917
373241.7999999523,3509429.0503482614,779157.1398416541,5250998.039045508
373241.90000009537,3509429.1067602495,779157.2364237471,5250998.10305769
373242.0,3509429.1104080277,779157.3825887445,5250998.167131138
373242.09999990463,3509429.054411707,779157.5432843379,5250998.211936317
373242.2000000477,3509429.0660336367,779157.6092222661,5250998.169674906
373242.2999999523,3509429.0841201893,779157.672802457,5250998.122921265
373242.40000009537,3509429.0999148116,779157.7490709972,5250998.136124786
373242.5,3509429.136598213,779157.7651377369,5250998.167294118
373242.59999990463,3509429.115368952,779157.8157183159,5250998.037362903
373242.7000000477,3509429.1247173967,779157.9210659406,5250997.990967303
373242.7999999523,3509429.2103765015,779158.0164617114,5250997.995037611
373242.90000009537,3509429.2147041503,779158.1202265688,5250997.929485431
373243.0,3509429.235345909,779158.1896559665,5250997.853365308
373243.09999990463,3509429.2145616966,779158.2960397342,5250997.793755853
373243.2000000477,3509429.1344766845,779158.4597564992,5250997.772384196
373243.2999999523,3509429.121060966,779158.5482167612,5250997.737211458
373243.40000009537,3509429.1783605544,779158.6409691351,5250997.7851713365
373243.5,3509429.2069408316,779158.7193387462,5250997.578643697
373243.59999990463,3509429.2258956847,779158.8213028124,5250997.462362081
373243.7000000477,3509429.3006308,779158.8820790632,5250997.564960481
373243.7999999523,3509429.4097023853,779158.9424445063,5250997.613697785
373243.90000009537,3509429.4617593535,779159.057291082,5250997.5705812685
373244.0,3509429.447592763,779159.1877194542,5250997.551950536
373244.09999990463,3509429.564728493,779159.2668085073,5250997.576761424
373244.2000000477,3509429.6692614364,779159.3366891973,5250997.586904128
373244.2999999523,3509429.667471119,779159.4062586675,5250997.65985465
373244.40000009537,3509430.6467235424,779159.2609705317,5250997.284806265
373244.5,3509429.6598869236,779159.5714883091,5250997.698605755
373244.59999990463,3509429.7113621244,779159.6519832435,5250997.595852173
373244.7000000477,3509430.6198057467,779159.5718389759,5250997.276563102
373244.7999999523,3509429.8559843036,779159.8259338507,5250997.6876090225
373244.90000009537,3509429.849250216,779159.8956807762,5250997.620366674
373245.0,3509429.7908695177,779159.9782714499,5250997.540741724
373245.09999990463,3509429.8785606935,779160.0669336625,5250997.55819381
373245.2000000477,3509429.93091,779160.1290361587,5250997.499228948
373245.2999999523,3509429.9941584156,779160.186928018,5250997.451754586
373245.40000009537,3509430.0107695404,779160.2608880176,5250997.347818867
373245.5,3509429.9962287545,779160.369265227,5250997.382378595
373245.59999990463,3509430.549840193,779160.33462881,5250997.18783549
373245.7000000477,3509429.887519139,779160.5469295811,5250997.485324165
373245.7999999523,3509429.8807817716,779160.6076937754,5250997.523345399
373245.90000009537,3509430.4898338118,779160.5384024183,5250997.291394795
373246.0,3509429.9833719395,779160.7229356237,5250997.470239832
373246.09999990463,3509429.9768163194,779160.7786509001,5250997.387226007
373246.2000000477,3509429.937687185,779160.8472182645,5250997.4147864245
373246.2999999523,3509429.9912166307,779160.9102340674,5250997.387844533
373246.40000009537,3509430.489244367,779160.8919168833,5250997.180291436
373246.5,3509429.9831120344,779161.0985338438,5250997.497765621
373246.59999990463,3509430.05328841,779161.2014426345,5250997.547458733
373246.7000000477,3509430.093243754,779161.2792844081,5250997.540239458
373246.7999999523,3509430.0247354,779161.3634649108,5250997.5319590345
373246.90000009537,3509429.994589478,779161.433844899,5250997.513302679
373247.0,3509429.9941659076,779161.4960271078,5250997.446453605
373247.09999990463,3509429.9669659175,779161.5949262801,5250997.440957776
373247.2000000477,3509429.9707398443,779161.7068868149,5250997.406142251
373247.2999999523,3509429.962198228,779161.7565736572,5250997.385059457
373247.40000009537,3509430.066094792,779161.8182649731,5250997.401138383
373247.5,3509430.1563027427,779161.8945433078,5250997.378380561
373247.59999990463,3509424.7008516705,779161.573215044,5250977.699619093
373247.7000000477,3509430.2765831887,779162.0380913186,5250997.321035131
373247.7999999523,3509430.2926970934,779162.1061871396,5250997.107259632
373247.90000009537,3509430.4107433693,779162.1377216381,5250996.888194247
373248.0,3509430.510178748,779162.1723559328,5250996.858411393
373248.09999990463,3509430.4605524284,779162.1989907633,5250996.80273081
373248.2000000477,3509430.4853104185,779162.2525988106,5250996.782149436
373248.2999999523,3509430.433330537,779162.3490281759,5250996.867626655
373248.40000009537,3509430.5996006164,779162.3854412286,5250996.86165287
373248.5,3509430.65781049,779162.4408670017,5250996.9482856
373248.59999990463,3509430.8339697975,779162.4818444297,5250996.967516409
373248.7000000477,3509430.913590327,779162.5111399082,5250996.917406628
373248.7999999523,3509430.9244097946,779162.562189722,5250996.890796664
373248.90000009537,3509430.9415213875,779162.5882126468,5250996.77618682
373249.0,3509430.929703265,779162.6345208706,5250996.765234166
373249.09999990463,3509430.5262516253,779162.832561714,5250996.962863164
373249.2000000477,3509430.542463081,779162.896497953,5250997.015915575
373249.2999999523,3509431.081590151,779162.86950945,5250996.96322351
373249.40000009537,3509430.9602577398,779162.9502693163,5250997.136905423
373249.5,3509430.877107267,779163.0367329044,5250997.193783984
373249.59999990463,3509430.801074448,779163.1217782263,5250997.257964728
373249.7000000477,3509430.7250293815,779163.2028194024,5250997.368902581
373249.7999999523,3509430.7194165066,779163.2842572893,5250997.5517610535
373249.90000009537,3509430.7485288912,779163.377872937,5250997.862050334
373250.0,3509430.576627224,779163.4767506893,5250998.113779263
373250.09999990463,3509430.4335848694,779163.5851123817,5250998.339473753
373250.2000000477,3509430.387703525,779163.7108112845,5250998.670313583
373250.2999999523,3509430.3042691173,779163.770767381,5250998.927036873
373250.40000009537,3509430.2208518824,779163.8391963346,5250999.006470842
373250.5,3509430.1811627313,779163.8946013771,5250999.109890322
373250.59999990463,3509430.4516835823,779163.8868896684,5250998.983376708
373250.7000000477,3509430.096185685,779164.0097968013,5250999.182076187
373250.7999999523,3509430.059788374,779164.0277128132,5250999.227137918
373250.90000009537,3509429.968800855,779164.0692839826,5250999.129330796
373251.0,3509429.7868020074,779164.112314239,5250999.097485815
373251.09999990463,3509429.6175454124,779164.1556868365,5250999.214780588
373251.2000000477,3509429.545131227,779164.2031637965,5250999.372337572
373251.2999999523,3509429.579322725,779164.2369352333,5250999.527194314
373251.40000009537,3509429.5320364875,779164.2987106394,5250999.686705316
373251.5,3509429.498766357,779164.3527595918,5250999.773858235
373251.59999990463,3509429.3941486115,779164.4147031794,5250999.89725018
373251.7000000477,3509429.2689515785,779164.4503779119,5250999.735154786
373251.7999999523,3509429.2030225964,779164.5313273917,5250999.661634777
373251.90000009537,3509429.124210363,779164.5866720978,5250999.664765222
373252.0,3509428.95947692,779164.610572406,5250999.655330645
373252.09999990463,3509428.834594724,779164.6506145152,5250999.645529065
373252.2000000477,3509428.790135507,779164.7316226824,5250999.836850203
373252.2999999523,3509428.713804073,779164.8271079516,5250999.920545458
373252.40000009537,3509428.6723305644,779164.8661663311,5250999.981090837
373252.5,3509428.696795866,779164.8661535808,5251000.042415116
373252.59999990463,3509428.577010075,779164.8863265465,5251000.141881205
373252.7000000477,3509428.479148051,779164.9419632761,5251000.383580571
373252.7999999523,3509428.521720494,779164.9772738968,5251000.610363534
373252.90000009537,3509428.555901934,779164.9937225113,5251000.726031918
373253.0,3509428.5124099525,779164.990729332,5251000.75583592
373253.09999990463,3509428.411911227,779164.9493806172,5251000.491101556
373253.2000000477,3509428.416287163,779164.9732840887,5251000.684161861
373253.2999999523,3509428.4034816357,779165.001745049,5251000.86601079
373253.40000009537,3509428.287234118,779165.0158270593,5251000.710745654
373253.5,3509428.1956011117,779165.0030841897,5251000.584703819
373253.59999990463,3509428.0816406547,779164.9847236751,5251000.590280672
373253.7000000477,3509427.9453228875,779164.9834519004,5251000.785193654
373253.7999999523,3509427.858434932,779165.0132461567,5251000.912565372
373253.90000009537,3509427.8368935236,779165.0195070514,5251001.030217597
373254.0,3509427.694630648,779165.0211934533,5251001.004312821
373254.09999990463,3509427.6596705755,779164.99285295,5251000.890587591
373254.2000000477,3509427.5998480814,779164.9798175185,5251000.737726643
373254.2999999523,3509427.5173987243,779164.9821829185,5251000.619768063
373254.40000009537,3509427.4803267447,779164.9890971783,5251000.737538917
373254.5,3509427.401887861,779165.0090958234,5251000.824031365
373254.59999990463,3509427.3137212624,779165.0753812356,5251000.971549254
373254.7000000477,3509427.256955942,779165.0813506603,5251000.913351803
373254.7999999523,3509427.261624696,779165.0993004844,5251000.88147021
373254.90000009537,3509427.2214768734,779165.1079857553,5251001.063214914
373255.0,3509427.668070494,779164.965034633,5251000.968665307
373255.09999990463,3509426.9020604105,779165.0707423213,5251001.264421902
373255.2000000477,3509426.857538809,779165.1024434944,5251001.332051986
373255.2999999523,3509426.82848441,779165.1075817934,5251001.466998124
373255.40000009537,3509426.6911621317,779165.1428835712,5251001.743020928
373255.5,3509426.6200685734,779165.1755997036,5251001.678642932
373255.59999990463,3509427.1625970346,779163.0448412579,5251001.707641987
373255.7000000477,3509426.4580572834,779165.1946230609,5251001.625932047
373255.7999999523,3509426.4175423123,779165.1765958653,5251001.649704385
373255.90000009537,3509426.3102852954,779165.1568553505,5251001.584547831
373256.0,3509426.222375346,779165.1939080759,5251001.512847353
373256.09999990463,3509426.1670452934,779165.2475999853,5251001.567383195
373256.2000000477,3509426.0392997866,779165.2666497424,5251001.599485185
373256.2999999523,3509425.9549724828,779165.3037787604,5251001.540166216
373256.40000009537,3509426.689127922,779165.167871537,5251001.139912725
373256.5,3509425.7364862184,779165.4273285604,5251001.569124092
373256.59999990463,3509425.689240439,779165.4270731225,5251001.5949330395
373256.7000000477,3509425.5282721114,779165.3870613643,5251001.568453131
373256.7999999523,3509425.433597554,779165.3539325765,5251001.747721804
373256.90000009537,3509425.354156466,779165.3032982522,5251001.833332865
373257.0,3509425.1743083517,779165.2312558005,5251001.637706405
373257.09999990463,3509425.134071504,779165.193192189,5251001.460398003
373257.2000000477,3509426.0286969915,779165.0888608856,5251001.159037439
373257.2999999523,3509425.1628955104,779165.3124230527,5251001.596584062
373257.40000009537,3509425.1020136476,779165.3008172628,5251001.527259996
373257.5,3509425.0057926606,779165.3131197549,5251001.424405656
373257.59999990463,3509424.890947532,779165.3080839785,5251001.312807344
373257.7000000477,3509424.876879979,779165.3498675945,5251001.332095575
373257.7999999523,3509425.6511046733,779165.3073316739,5251001.0776681835
373257.90000009537,3509424.837140126,779165.4040071907,5251001.090574359
373258.0,3509424.96106672,779165.1908004443,5251000.674300884
373258.09999990463,3509424.8620564356,779165.0507628078,5251000.390629898
373258.2000000477,3509424.7140844073,779165.0175678629,5251000.350549713
373258.2999999523,3509424.5743587934,779165.1059792298,5251000.394958492
373258.40000009537,3509424.656492914,779165.2126810914,5251000.511985575
373258.5,3509424.726310482,779165.292397087,5251000.512941897
373258.59999990463,3509424.717429536,779165.3337654414,5251000.464229172
373258.7000000477,3509424.6791069377,779165.3714395273,5251000.38776552
373258.7999999523,3509427.770860748,779168.2682772247,5251003.083537091
373258.90000009537,3509427.780309946,779168.4123098523,5251003.110570766
373259.0,3509427.6731413384,779168.4415196007,5251003.145978806
373259.09999990463,3509424.564316679,779165.7573268836,5251000.393189047
373259.2000000477,3509424.5864889603,779165.7846983476,5251000.457029367
373259.2999999523,3509424.5295902235,779165.8949464079,5251000.438674539
373259.40000009537,3509424.322886394,779165.9392805673,5251000.434981652
373259.5,3509424.2395451344,779165.9500346744,5251000.487559394
373259.59999990463,3509424.249281861,779166.0228716547,5251000.635227923
373259.7000000477,3509425.236979209,779164.8164769914,5250999.415820491
373259.7999999523,3509424.208261741,779165.9137487427,5251000.753332414
373259.90000009537,3509424.15851165,779165.8264831238,5251000.8386007445
373260.0,3509424.161355475,779165.8437141402,5251000.976694946
373260.09999990463,3509424.109419775,779165.8519018792,5251001.125541494
373260.2000000477,3509424.0805766014,779165.873665271,5251001.238684017
373260.2999999523,3509424.0356962676,779165.8645223584,5251001.337692616
373260.40000009537,3509423.9919569925,779165.8398364546,5251001.368193963
373260.5,3509423.9226278667,779165.7717211171,5251001.304304441
373260.59999990463,3509423.8655557195,779165.6935708649,5251001.295654851
373260.7000000477,3509423.793717204,779165.7184480053,5251001.460601898
373260.7999999523,3509423.835757577,779165.8022449611,5251001.646412951
373260.90000009537,3509423.8691965393,779165.8876618382,5251001.827786412
373261.0,3509423.923786984,779165.9258163286,5251001.94727908
373261.09999990463,3509423.9056031997,779165.8676140774,5251001.8508477155
373261.2000000477,3509423.95422015,779165.7818588148,5251001.795144177
373261.2999999523,3509423.757270983,779164.9900288845,5251000.197733936
373261.40000009537,3509422.862738667,779164.4741910566,5250999.914604699
373261.5,3509423.770777093,779162.5631249304,5251000.696204506
373261.59999990463,3509424.2583417217,779165.859462911,5251001.1636730265
373261.7000000477,3509424.210474187,779165.9129369077,5251001.261477776
373261.7999999523,3509422.6289310358,779164.6854690303,5251000.458301384
373261.90000009537,3509422.4808505983,779164.6892714583,5251000.562230554
373262.0,3509422.367809839,779164.6868741879,5251000.729661798
373262.09999990463,3509422.1717618946,779164.7173221143,5251000.759920349
373262.2000000477,3509422.0759900915,779164.7215706852,5251000.717099207
373262.2999999523,3509422.0371412504,779164.691872238,5251000.814749405
373262.40000009537,3509418.258083638,779165.510562848,5250983.664503616
373262.5,3509421.812247926,779164.7056794768,5251001.0622376995
373262.59999990463,3509421.7305909926,779164.8196882318,5251001.222982155
373262.7000000477,3509418.007154945,779165.7627383227,5250984.134845239
373262.7999999523,3509423.187685255,779166.3182560691,5251001.993919402
373262.90000009537,3509421.981623314,779165.1250671396,5251001.112090731
373263.0,3509421.754806177,779165.0465198853,5251001.186778313
373263.09999990463,3509421.7034822986,779165.0925607097,5251001.16844168
373263.2000000477,3509421.6452076617,779165.1242133949,5251001.199740841
373263.2999999523,3509421.5672466927,779165.1345580309,5251001.236444252
373263.40000009537,3509420.4967648215,779165.4203402748,5251001.782639905
373263.5,3509420.636465742,779165.2832914132,5251001.644127365
373263.59999990463,3509420.509542128,779165.2447164811,5251001.526173705
373263.7000000477,3509420.4119280167,779165.3079404873,5251001.613462195
373263.7999999523,3509420.2431059433,779165.3627877546,5251001.709857454
373263.90000009537,3509420.045947465,779165.3990883069,5251001.782526002
373264.0,3509419.957258376,779165.4880089602,5251002.00703659
373264.09999990463,3509419.9219507533,779165.5976937575,5251002.163225614
373264.2000000477,3509419.7935212627,779165.6050024614,5251002.229777743
373264.2999999523,3509419.708614023,779165.5753511549,5251002.196328109
373264.40000009537,3509419.622066028,779165.5313547676,5251002.100479057
373264.5,3509419.471409213,779165.503463744,5251002.023306739
373264.59999990463,3509419.3500444824,779165.5966964556,5251002.155282402
373264.7000000477,3509419.3151554633,779165.6295271484,5251002.3114394285
373264.7999999523,3509419.233408941,779165.6621060021,5251002.410011909
373264.90000009537,3509419.139342122,779165.6411550562,5251002.32920016
373265.0,3509419.1015510615,779165.6050306398,5251002.321205022
373265.09999990463,3509419.0201655966,779165.6756082238,5251002.350249924
373265.2000000477,3509418.9154330194,779165.7986413734,5251002.392819477
373265.2999999523,3509418.8600711245,779165.7704619011,5251002.418885687
373265.40000009537,3509419.5910060112,779164.1634853439,5251002.918850146
373265.5,3509418.7987379334,779165.8147801857,5251002.662626781
373265.59999990463,3509418.775628311,779165.8163063236,5251002.914043266
373265.7000000477,3509418.795885298,779165.8379480253,5251003.195728073
373265.7999999523,3509419.6015012474,779164.3517751282,5251003.810326148
373265.90000009537,3509419.859164739,779165.0231225007,5251002.55108977
373266.0,3509418.826788345,779166.0706647057,5251003.753292188
373266.09999990463,3509420.0222422546,779164.9263095759,5251002.652735768
373266.2000000477,3509419.104754451,779165.9220747906,5251003.7373561915
373266.2999999523,3509419.34990479,779165.887161337,5251003.730176441
373266.40000009537,3509419.448313471,779165.8600709419,5251003.7423572475
373266.5,3509419.4560825117,779165.8903084685,5251003.881774191
373266.59999990463,3509420.3685623,779164.8947702837,5251002.886192319
373266.7000000477,3509419.3405625164,779165.844141972,5251003.852728621
373266.7999999523,3509419.2890901547,779165.7311883434,5251003.664018997
373266.90000009537,3509419.1892798897,779165.6369492654,5251003.523800123
373267.0,3509419.1911418983,779165.5521261357,5251003.478397445
373267.09999990463,3509419.0769319455,779165.5474324744,5251003.600860191
373267.2000000477,3509419.059845028,779165.5340489979,5251003.652582679
373267.2999999523,3509419.0209187577,779165.501078525,5251003.569490482
373267.40000009537,3509418.9358937927,779165.5365394623,5251003.503193973
373267.5,3509418.9382676966,779165.6137008015,5251003.539308337
373267.59999990463,3509418.874464458,779165.7103472739,5251003.538226274
373267.7000000477,3509418.7225592015,779165.7085753512,5251003.530165256
373267.7999999523,3509418.5917651546,779165.6831853577,5251003.483660312
373267.90000009537,3509418.4821642153,779165.6572574953,5251003.454633005
373268.0,3509418.323104078,779165.6942585545,5251003.543398786
373268.09999990463,3509418.1413991763,779165.7626881665,5251003.689751303
373268.2000000477,3509418.1575452588,779165.7822224527,5251003.6706041945
373268.2999999523,3509418.121177187,779165.8267129365,5251003.700425493
373268.40000009537,3509418.1589915724,779165.8223504525,5251003.846726261
373268.5,3509418.125325169,779165.8001193203,5251003.96480013
373268.59999990463,3509418.0149100414,779165.7537928922,5251003.895676676
373268.7000000477,3509417.9982874906,779165.7233070133,5251003.796602318
373268.7999999523,3509414.275368945,779166.5227561698,5250986.884094677
373268.90000009537,3509414.176421867,779166.4332702883,5250986.963876259
373269.0,3509414.010933885,779166.3641563987,5250987.059602375
373269.09999990463,3509417.509279214,779165.4593818948,5251003.945383805
373269.2000000477,3509417.52028066,779165.4159489658,5251004.186295667
373269.2999999523,3509417.533415399,779165.400779267,5251004.2766535515
373269.40000009537,3509417.546271532,779165.3558241496,5251004.55652862
373269.5,3509417.4523041286,779165.2698258597,5251004.432740756
373269.59999990463,3509417.4860226386,779165.2743787664,5251004.340318279
373269.7000000477,3509417.589885348,779165.2945402293,5251004.502723353
373269.7999999523,3509417.6142289927,779165.2254940098,5251004.673018078
373269.90000009537,3509417.485847265,779165.1766548244,5251004.488584882
373270.0,3509417.2993106595,779164.9796052292,5251004.590874131
373270.09999990463,3509417.1632673084,779164.7417094037,5251005.022980462
373270.2000000477,3509417.1686894284,779164.6447323794,5251005.621689317
373270.2999999523,3509417.1411750405,779164.5430306381,5251005.988127202
373270.40000009537,3509417.0847289152,779164.4607001318,5251006.117165868
373270.5,3509417.082924561,779164.366921338,5251006.379602236
373270.59999990463,3509417.1030806815,779164.2428611242,5251006.796693722
373270.7000000477,3509412.817334789,779165.0728163681,5250987.313986963
373270.7999999523,3509417.103695819,779164.0340990587,5251007.239402021
373270.90000009537,3509412.8486007126,779164.8956051226,5250987.3291467475
373271.0,3509412.855067553,779164.799087282,5250987.382582872
373271.09999990463,3509412.8187994645,779164.7157238242,5250987.392769544
373271.2000000477,3509412.798375282,779164.6026066073,5250987.402768418
373271.2999999523,3509412.7910271776,779164.548950376,5250987.427950121
373271.40000009537,3509412.861256399,779164.4592909927,5250987.375673067
373271.5,3509412.958334384,779164.2656779304,5250987.27658718
373271.59999990463,3509412.9707952254,779164.1944467021,5250987.3853282025
373271.7000000477,3509412.984684615,779164.1868579756,5250987.513101303
373271.7999999523,3509413.006717394,779164.1509695618,5250987.5354931895
373271.90000009537,3509412.985606774,779164.08481123,5250987.466259929
373272.0,3509412.898374345,779163.9828947766,5250987.537197046
373272.09999990463,3509412.844697781,779163.8655747247,5250987.525735978
373272.2000000477,3509412.7911509117,779163.797683389,5250987.501693338
373272.2999999523,3509412.737228705,779163.7721957014,5250987.559726526
373272.40000009537,3509412.704279531,779163.7122773032,5250987.61302946
373272.5,3509412.6174518005,779163.6406958007,5250987.567939979
373272.59999990463,3509412.651841409,779163.5771584668,5250987.636899447
373272.7000000477,3509412.639429249,779163.5369048088,5250987.761335003
373272.7999999523,3509412.5731701194,779163.4615455887,5250987.775901267
373272.90000009537,3509412.509457286,779163.3656101637,5250987.746045817
373273.0,3509412.445152968,779163.2989262205,5250987.739427821
373273.09999990463,3509412.4747531465,779163.1937911599,5250987.725124821
373273.2000000477,3509417.334566137,779162.013462396,5251010.75791963
373273.2999999523,3509412.249502207,779163.054162869,5250987.799410889
373273.40000009537,3509417.1850219695,779161.8513346384,5251010.9416386895
373273.5,3509417.0282591768,779161.676939659,5251010.964301014
373273.59999990463,3509416.9128188826,779161.532972239,5251011.039407923
373273.7000000477,3509416.891823901,779161.4612857167,5251011.132713152
373273.7999999523,3509416.903584679,779161.4083686679,5251011.256470099
373273.90000009537,3509416.964136784,779161.4052649387,5251011.401154331
373274.0,3509416.792639285,779161.229875996,5251011.401405034
373274.09999990463,3509416.6425960227,779161.0093953256,5251011.413099451
373274.2000000477,3509416.650553337,779160.9366447842,5251011.508049316
373274.2999999523,3509416.6955585494,779160.8401699836,5251011.676454801
373274.40000009537,3509416.8711877665,779160.7594964609,5251011.8009991655
373274.5,3509416.973753834,779160.684274492,5251011.884324376
373274.59999990463,3509417.064881118,779160.6742744168,5251012.040219874
373274.7000000477,3509417.0638168245,779160.7209658949,5251012.259159549
373274.7999999523,3509417.122178194,779160.6406918523,5251012.436426197
373274.90000009537,3509417.1802943368,779160.5899082791,5251012.636588888
373275.0,3509417.235605334,779160.5534390495,5251012.839209921
373275.09999990463,3509417.326926666,779160.4402905675,5251012.85747611
373275.2000000477,3509417.4530793647,779160.3539690656,5251012.891798128
373275.2999999523,3509417.4768361514,779160.2719497652,5251012.898897701
373275.40000009537,3509417.521827705,779160.2565914798,5251012.97573527
373275.5,3509417.499868618,779160.2222524346,5251013.1521344315
373275.59999990463,3509417.486384436,779160.1084301096,5251013.23666414
373275.7000000477,3509418.5224048044,779157.7916917495,5251013.909922305
373275.7999999523,3509417.498574601,779160.0695631837,5251013.604474437
373275.90000009537,3509418.6751269912,779157.5851535198,5251014.629173046
373276.0,3509417.5265039694,779159.945984994,5251014.047446751
373276.09999990463,3509417.50958378,779159.8200463253,5251014.070243299
373276.2000000477,3509417.49981244,779159.6940658893,5251014.0738299955
373276.2999999523,3509417.3664110964,779159.7085948889,5251013.86440224
373276.40000009537,3509417.301439485,779159.5799537847,5251013.69199468
373276.5,3509417.2161274296,779159.4385795199,5251013.610183385
373276.59999990463,3509417.0520996144,779159.3469424708,5251013.473408769
373276.7000000477,3509417.0568926972,779159.1791338534,5251013.269380695
373276.7999999523,3509417.063663258,779159.0815379879,5251013.115370923
373276.90000009537,3509417.020835069,779158.9726158315,5251013.135459177
373277.0,3509417.015048779,779158.8793477874,5251013.160097934
373277.09999990463,3509417.011076216,779158.8329539701,5251013.108819068
373277.2000000477,3509417.0086332527,779158.6978640276,5251012.97722765
373277.2999999523,3509416.9036457185,779158.5372459153,5251012.817411935
373277.40000009537,3509416.7245849418,779158.3479753861,5251012.531671007
373277.5,3509416.5683023417,779158.1903359446,5251012.258594384
373277.59999990463,3509416.588206123,779158.0812033126,5251011.991568099
373277.7000000477,3509416.675012621,779158.0358198566,5251011.802171016
373277.7999999523,3509416.8189164177,779158.0251449179,5251011.776183872
373277.90000009537,3509416.9378197347,779157.9818518443,5251011.879686238
373278.0,3509416.9194826894,779157.8498016768,5251011.961446034
373278.09999990463,3509416.7973334393,779157.7172778123,5251011.973723753
373278.2000000477,3509416.6236828086,779157.5742786652,5251012.009955612
373278.2999999523,3509416.505187127,779157.4316281595,5251011.961126952
373278.40000009537,3509416.486099504,779157.2921253756,5251011.977513727
373278.5,3509416.5902192956,779157.1468385491,5251011.962404411
373278.59999990463,3509416.6577946055,779157.0299403404,5251012.030310995
373278.7000000477,3509416.6861149427,779156.9945146882,5251012.145676009
373278.7999999523,3509416.6813064734,779156.9309053955,5251012.031439092
373278.90000009537,3509416.6288634012,779156.8423903312,5251011.812071702
373279.0,3509416.6091906587,779156.8196121459,5251011.8042741595
373279.09999990463,3509416.587763508,779156.778720678,5251011.765400225
373279.2000000477,3509416.547407584,779156.6871519133,5251012.037853593
373279.2999999523,3509416.5564496308,779156.5420061857,5251012.268238354
373279.40000009537,3509416.572192786,779156.4271427005,5251012.565785693
373279.5,3509416.60394983,779156.3431254844,5251012.626060696
373279.59999990463,3509416.5247814017,779156.2298059844,5251012.460600976
373279.7000000477,3509416.416959143,779156.0927833209,5251012.348468109
373279.7999999523,3509416.3837333987,779155.9657748361,5251012.1963874195
373279.90000009537,3509416.270155929,779155.9032389096,5251011.807982319
373280.0,3509416.121923648,779155.8594658569,5251011.554363945
373280.09999990463,3509415.9840659522,779155.7553836884,5251011.413525024
373280.2000000477,3509415.8845624058,779155.6359435769,5251011.212043297
373280.2999999523,3509415.676147997,779155.5704248265,5251011.055271233
373280.40000009537,3509415.5723455925,779155.5153311886,5251010.923639054
373280.5,3509415.532947041,779155.4885392443,5251010.966139783
373280.59999990463,3509415.489735064,779155.4240217516,5251010.908881491
373280.7000000477,3509415.5122258086,779155.3713456881,5251010.797962414
373280.7999999523,3509415.626767649,779155.3403119198,5251010.618430742
373280.90000009537,3509415.764992248,779155.2559806178,5251010.579420162
373281.0,3509415.955635289,779155.0785058122,5251010.506645012
373281.09999990463,3509416.3348142547,779154.8610780267,5251010.23303928
373281.2000000477,3509416.3239630586,779154.7400454099,5251010.145559266
373281.2999999523,3509416.3056619097,779154.609161412,5251010.157778301
373281.40000009537,3509416.2034857,779154.4693907814,5251010.108959716
373281.5,3509416.168903782,779154.3675396435,5251010.016443983
373281.59999990463,3509415.934454735,779154.220620773,5251009.750509652
373281.7000000477,3509415.61810046,779154.0189021546,5251009.542689675
373281.7999999523,3509415.639725344,779153.8953911117,5251009.4175490085
373281.90000009537,3509415.6271010656,779153.7632455699,5251009.427712019
373282.0,3509415.6609944426,779153.6774025211,5251009.45951142
373282.09999990463,3509415.918196263,779153.6898935384,5251009.497380984
373282.2000000477,3509416.1273998623,779153.6988367253,5251009.443099836
373282.2999999523,3509416.140625483,779153.6168808899,5251009.328471752
373282.40000009537,3509416.021481801,779153.4305411591,5251009.198095426
373282.5,3509415.9487720197,779153.2396307538,5251009.024726674
373282.59999990463,3509415.965847105,779153.1226705224,5251008.962041639
373282.7000000477,3509416.0838034325,779153.0610126791,5251008.883946917
373282.7999999523,3509416.1948038787,779153.0388959799,5251008.854909693
373282.90000009537,3509416.159701422,779152.9964494584,5251008.826503777
373283.0,3509416.1714547966,779152.8897727386,5251008.718650576
373283.09999990463,3509416.295543121,779152.818742411,5251008.625230327
373283.2000000477,3509416.2906280044,779152.7653651462,5251008.389897825
373283.2999999523,3509416.1949897427,779152.6801171878,5251008.157331552
373283.40000009537,3509415.9383284478,779152.6341470544,5251008.125941759
373283.5,3509415.3584190346,779152.7007248437,5251008.285996014
373283.59999990463,3509415.404398998,779152.6047909383,5251008.204941908
373283.7000000477,3509415.401893211,779152.532251348,5251008.021034285
373283.7999999523,3509415.47654461,779152.4656498979,5251007.864019557
373283.90000009537,3509411.5974205486,779153.0017900234,5250989.95129181
373284.0,3509415.238165656,779151.8610603083,5251007.464566979
373284.09999990463,3509415.3051170395,779151.7862607868,5251007.380555853
373284.2000000477,3509415.2871823166,779151.7478061625,5251007.347078273
373284.2999999523,3509415.2239730638,779151.6619282085,5251007.380720569
373284.40000009537,3509415.3129481752,779151.5165947785,5251007.422582692
373284.5,3509415.364674779,779151.4028551307,5251007.482733188
373284.59999990463,3509415.5366527927,779151.3109425962,5251007.449772565
373284.7000000477,3509415.6990198256,779151.2252310769,5251007.470995772
373284.7999999523,3509415.654149572,779151.1160249588,5251007.426602829
373284.90000009537,3509415.648113624,779151.018969028,5251007.43568462
373285.0,3509415.743730771,779150.8576100937,5251007.491805937
373285.09999990463,3509415.718077547,779150.7824071425,5251007.572132572
373285.2000000477,3509415.809911857,779150.6455983839,5251007.459639282
373285.2999999523,3509415.8112303126,779150.5411595665,5251007.3081564745
373285.40000009537,3509415.797104039,779150.4628803082,5251007.364501913
373285.5,3509415.8101977464,779150.4156318125,5251007.4293866595
373285.59999990463,3509415.840813152,779150.3062962823,5251007.349923666
373285.7000000477,3509415.870679106,779150.1891228174,5251007.362633371
373285.7999999523,3509415.869305669,779150.0552832062,5251007.414175147
373285.90000009537,3509415.785730206,779149.9274680922,5251007.316861483
373286.0,3509415.9159374,779149.9140276037,5251007.278208083
373286.09999990463,3509416.1181266187,779149.9052968256,5251007.2567116525
373286.2000000477,3509416.011119556,779149.8126610846,5251007.192601859
373286.2999999523,3509415.9902330535,779149.7001254034,5251007.077124169
373286.40000009537,3509416.049736492,779149.5988936102,5251007.02567261
373286.5,3509416.162745229,779149.5516513803,5251006.862217755
373286.59999990463,3509417.2174439724,779147.2708261908,5251007.180444578
373286.7000000477,3509416.237219535,779149.3531654873,5251006.36462459
373286.7999999523,3509414.5731314407,779149.763225859,5251007.232013316
373286.90000009537,3509414.505302471,779149.6288174592,5251007.219502286
373287.0,3509414.556549358,779149.5407793003,5251007.136664617
373287.09999990463,3509416.6995276627,779147.0327661705,5251007.103242211
373287.2000000477,3509414.6966350963,779149.3526132909,5251007.090489677
373287.2999999523,3509414.66113428,779149.2510412053,5251007.073508286
373287.40000009537,3509414.640976999,779149.105000643,5251007.10170148
373287.5,3509414.542784172,779148.9666809111,5251007.144530264
373287.59999990463,3509414.570204471,779148.7853986394,5251007.199779976
373287.7000000477,3509414.650650905,779148.6595269943,5251007.3019269
373287.7999999523,3509414.6719938857,779148.5568429056,5251007.445137078
373287.90000009537,3509414.65350188,779148.4078676024,5251007.440585025
373288.0,3509414.5556920194,779148.2781320019,5251007.375133001
373288.09999990463,3509413.927846373,779148.3746570033,5251007.839185091
373288.2000000477,3509413.5036365595,779148.4413212078,5251008.532312841
373288.2999999523,3509413.5090284417,779148.306856548,5251008.798493061
373288.40000009537,3509413.484605748,779148.2143387065,5251008.836962541
373288.5,3509413.502616017,779148.1644110618,5251008.959566049
373288.59999990463,3509413.4502523197,779148.1269146996,5251009.126584427
373288.7000000477,3509413.574281675,779148.0392479256,5251009.138072123
373288.7999999523,3509413.57860425,779147.9687160308,5251009.107287147
373288.90000009537,3509413.4485334265,779147.8824181388,5251009.105122202
373289.0,3509413.567697131,779147.7225383441,5251009.071048573
373289.09999990463,3509413.657271638,779147.6440382753,5251009.136851393
373289.2000000477,3509413.9452384915,779147.523718144,5251009.097821066
373289.2999999523,3509413.9657656616,779147.4092952661,5251009.099526278
373289.40000009537,3509414.043870708,779147.2542482653,5251009.067709555
373289.5,3509414.2124616145,779146.9675065015,5251008.912948173
373289.59999990463,3509414.316074,779146.7233201524,5251008.825496902
373289.7000000477,3509414.3815592057,779146.5604698849,5251008.851128863
373289.7999999523,3509414.307026049,779146.4574652213,5251008.881944611
373289.90000009537,3509414.3607263574,779146.4071138261,5251008.997088949
373290.0,3509414.4156055558,779146.3569792294,5251009.100593404
373290.09999990463,3509414.4587568343,779146.2191956016,5251009.057240042
373290.2000000477,3509414.511281438,779146.002492252,5251009.000710826
373290.2999999523,3509414.341700237,779145.8117905281,5251009.06011135
373290.40000009537,3509414.338697582,779145.671579499,5251009.105371734
373290.5,3509414.3731670245,779145.5481214103,5251009.087617014
373290.59999990463,3509414.5066052875,779145.3724613272,5251009.040635053
373290.7000000477,3509414.561815096,779145.2756512776,5251009.116083676
373290.7999999523,3509414.656163804,779145.1736999693,5251009.163624316
373290.90000009537,3509414.807410312,779145.0760038883,5251009.164703685
373291.0,3509414.7893550517,779144.9983781829,5251009.18167466
373291.09999990463,3509414.7559317537,779144.8041123805,5251009.116821312
373291.2000000477,3509414.820173401,779144.5947874994,5251008.964506293
373291.2999999523,3509414.878970119,779144.4363037788,5251008.881239073
373291.40000009537,3509414.897240543,779144.3105410591,5251008.942050669
373291.5,3509414.809846388,779144.2568966275,5251009.089338567
373291.59999990463,3509414.7741965675,779144.2417804772,5251009.215309405
373291.7000000477,3509414.7015900183,779144.1810054648,5251009.247201053
373291.7999999523,3509414.6450686515,779144.0887800329,5251009.22556055
373291.90000009537,3509414.7587003596,779143.9521962752,5251009.171348911
373292.0,3509414.759706861,779143.8839231818,5251009.282583209
373292.09999990463,3509414.6610673163,779143.8556020214,5251009.370837958
373292.2000000477,3509414.5528230043,779143.7729332885,5251009.355536661
373292.2999999523,3509414.420487967,779143.700752108,5251009.434230644
373292.40000009537,3509414.3070023907,779143.6321914064,5251009.520098624
373292.5,3509414.4677365767,779143.4811053787,5251009.421920783
373292.59999990463,3509414.7598940283,779143.3572582423,5251009.330562736
373292.7000000477,3509414.8251503715,779143.3237601641,5251009.310777348
373292.7999999523,3509414.8232274298,779143.255247939,5251009.32279962
373292.90000009537,3509414.936701426,779143.20478783,5251009.374757728
373293.0,3509414.9945153804,779143.1590502419,5251009.398254818
373293.09999990463,3509413.104627224,779143.6289331932,5251010.486124527
373293.2000000477,3509413.5064363023,779143.5394711221,5251010.48506126
373293.2999999523,3509413.7312759818,779143.639001187,5251010.625414883
373293.40000009537,3509413.9879409126,779143.5826580985,5251010.513856581
373293.5,3509414.1353234435,779143.540097698,5251010.451178577
373293.59999990463,3509414.2621313347,779143.3928535539,5251010.383420216
373293.7000000477,3509414.283214557,779143.2641716653,5251010.411797441
373293.7999999523,3509414.445787371,779143.198147514,5251010.489921788
373293.90000009537,3509414.620050631,779143.1530312502,5251010.587355914
373294.0,3509414.8322323677,779143.0345489593,5251010.5807360355
373294.09999990463,3509414.858072933,779142.9659415745,5251010.596472161
373294.2000000477,3509414.8853183957,779142.8454217934,5251010.604043329
373294.2999999523,3509414.896910512,779142.6796593678,5251010.544689104
373294.40000009537,3509414.8754405556,779142.5184195356,5251010.484917436
373294.5,3509414.944936962,779142.307362606,5251010.3086303165
373294.59999990463,3509414.9482866335,779142.1220460664,5251010.262244682
373294.7000000477,3509415.0671536983,779141.956022632,5251010.185665947
373294.7999999523,3509415.428763963,779141.7082532438,5251009.94850005
373294.90000009537,3509415.3488993393,779141.5826605237,5251010.036313461
373295.0,3509415.297868892,779141.4294674124,5251010.095376004
373295.09999990463,3509415.2624274697,779141.2913527128,5251010.157810057
373295.2000000477,3509415.1055829665,779141.139643316,5251010.20236097
373295.2999999523,3509415.116485453,779141.0268897013,5251010.236498406
373295.40000009537,3509415.2102671494,779140.9671861837,5251010.285352639
373295.5,3509415.1947055585,779140.8470255183,5251010.296124099
373295.59999990463,3509415.137175632,779140.7054631364,5251010.272119689
373295.7000000477,3509415.0814380273,779140.5759484625,5251010.292114965
373295.7999999523,3509415.460515439,779140.2861076077,5251009.971008401
373295.90000009537,3509415.294016637,779140.1649803846,5251009.970633289
373296.0,3509415.214059823,779140.1077552612,5251009.991754176
373296.09999990463,3509415.113213019,779140.0405062014,5251010.059071825
373296.2000000477,3509415.0794940265,779139.9599254739,5251010.105446125
373296.2999999523,3509415.1147393975,779139.8525406108,5251010.146637427
373296.40000009537,3509415.143445644,779139.68069267,5251010.041800164
373296.5,3509415.0203604116,779139.4752368394,5251009.886597271
373296.59999990463,3509414.9011493265,779139.3595215903,5251009.977070158
373296.7000000477,3509414.9621270085,779139.2714593337,5251009.974006401
373296.7999999523,3509415.0183570283,779139.2131277833,5251010.088516293
373296.90000009537,3509415.15878366,779139.0602100637,5251010.0303839855
373297.0,3509415.124165016,779138.942770383,5251009.988903893
373297.09999990463,3509410.953254824,779139.613874933,5250991.69899887
373297.2000000477,3509414.665016207,779138.6456129387,5251010.018053523
373297.2999999523,3509414.4464976997,779138.5465806237,5251010.114693985
373297.40000009537,3509414.3517048773,779138.458514075,5251010.142066069
373297.5,3509414.4544818485,779138.4820469846,5251010.1562439315
373297.59999990463,3509414.765551389,779138.4166444074,5251010.046705313
373297.7000000477,3509415.2399169104,779138.2984313786,5251009.909533188
373297.7999999523,3509415.487192903,779138.2316433579,5251010.05182833
373297.90000009537,3509415.4341656095,779138.0526541276,5251010.075328244
373298.0,3509415.3529519285,779137.8207962998,5251010.030795443
373298.09999990463,3509415.363872714,779137.7365956784,5251010.126592879
373298.2000000477,3509415.2764290664,779137.7400063695,5251010.38279231
373298.2999999523,3509415.4457700555,779137.6430642084,5251010.509506651
373298.40000009537,3509415.5425991816,779137.4458490656,5251010.464146411
373298.5,3509415.6108713616,779137.3418593779,5251010.564372117
373298.59999990463,3509415.57430573,779137.304806395,5251010.735391424
373298.7000000477,3509415.678900932,779137.2496543727,5251010.843094559
373298.7999999523,3509415.947069736,779137.1910053266,5251010.848503993
373298.90000009537,3509416.1023719623,779137.1010514473,5251010.787385455
373299.0,3509416.131279794,779136.9237520569,5251010.540288758
373299.09999990463,3509416.222957118,779136.7677875133,5251010.396857276
373299.2000000477,3509416.3823255934,779136.6574810839,5251010.290650021
373299.2999999523,3509416.3157774853,779136.4465497057,5251010.20940402
373299.40000009537,3509416.1814060025,779136.3580966758,5251010.306055829
373299.5,3509416.256457299,779136.2986147747,5251010.340229879
373299.59999990463,3509416.3373279395,779136.2173222107,5251010.274511754
373299.7000000477,3509416.2636386002,779136.0643362801,5251010.061341119
373299.7999999523,3509416.186625674,779135.8839314396,5251009.9356733365
373299.90000009537,3509415.9868782586,779135.756363807,5251010.017817582
373300.0,3509415.611299392,779135.6177670658,5251010.083617506
373300.09999990463,3509415.356534113,779135.4855949446,5251010.1236854885
373300.2000000477,3509415.370235661,779135.393125237,5251010.240202328
373300.2999999523,3509415.5115108965,779135.2776883407,5251010.31282056
373300.40000009537,3509415.5598360626,779135.1954272921,5251010.490880348
373300.5,3509415.7009685333,779135.0366236002,5251010.401274588
373300.59999990463,3509417.337500646,779137.145638948,5251013.680901817
373300.7000000477,3509417.340528339,779137.1247718373,5251013.872970465
373300.7999999523,3509417.450498842,779136.9519024467,5251013.820703899
373300.90000009537,3509415.770743794,779134.6697236378,5251010.7017229665
373301.0,3509415.2664807066,779134.6414723932,5251010.869712214
373301.09999990463,3509415.089679816,779134.5724857718,5251010.917615918
373301.2000000477,3509415.112831875,779134.4607846799,5251010.94534755
373301.2999999523,3509416.6225153403,779136.3238163248,5251013.851623666
373301.40000009537,3509415.203186917,779134.2079059946,5251010.968850898
373301.5,3509415.308513308,779134.1952212336,5251011.057446483
373301.59999990463,3509415.3617055872,779134.1631966485,5251011.102014809
373301.7000000477,3509416.8572410354,779136.0163387421,5251013.996178476
373301.7999999523,3509416.863423993,779135.9490736044,5251014.109810755
373301.90000009537,3509415.2753537064,779133.7646860135,5251011.172656871
373302.0,3509415.0650894777,779133.4346087812,5251010.852248893
373302.09999990463,3509416.940654482,779135.6272328664,5251014.130466002
373302.2000000477,3509416.9892374845,779135.4850631776,5251014.057195938
373302.2999999523,3509415.2255556947,779133.06338173,5251010.733589912
373302.40000009537,3509415.065111839,779132.898640821,5251010.682092474
373302.5,3509414.9562172843,779132.6361980417,5251010.578572389
373302.59999990463,3509415.011738952,779132.4337881764,5251010.553846192
373302.7000000477,3509415.089443276,779132.3941738749,5251010.731852049
373302.7999999523,3509415.0976586225,779132.286944858,5251010.799014495
373302.90000009537,3509416.5951201287,779134.3230419436,5251014.016043805
373303.0,3509415.09749945,779131.9656126337,5251010.622012648
373303.09999990463,3509415.2030230253,779131.7386395807,5251010.407309295
373303.2000000477,3509415.0593128493,779131.4936011272,5251010.234567958
373303.2999999523,3509414.995216853,779131.2817515634,5251010.182044248
373303.40000009537,3509415.062231404,779131.1057093813,5251010.187691378
373303.5,3509415.1120606507,779130.9395989734,5251010.275802816
373303.59999990463,3509415.0941636804,779130.8307127884,5251010.350669159
373303.7000000477,3509415.0734861144,779130.7659693343,5251010.487218874
373303.7999999523,3509415.0682695154,779130.689203231,5251010.599047627
373303.90000009537,3509415.1615848546,779130.6398777367,5251010.647155314
373304.0,3509415.2075105864,779130.5161219692,5251010.597479654
373304.09999990463,3509415.307545213,779130.3884284304,5251010.701138695
373304.2000000477,3509415.25100628,779130.2674662067,5251010.793808241
373304.2999999523,3509415.24765529,779130.2334632312,5251011.0063449005
373304.40000009537,3509415.3800626583,779130.1919323815,5251011.104566026
373304.5,3509415.5062959585,779130.1805069814,5251011.124204477
373304.59999990463,3509415.4876858587,779130.0818608366,5251011.14246551
373304.7000000477,3509415.501584114,779129.959576674,5251011.086342617
373304.7999999523,3509415.696163724,779129.9272258077,5251011.098949997
373304.90000009537,3509415.933719715,779129.9805650861,5251011.251502225
373305.0,3509416.080260117,779130.0378939927,5251011.486568456
373305.09999990463,3509416.1361773605,779130.001047894,5251011.6676696595
373305.2000000477,3509416.2569486443,779129.9259436396,5251011.717459167
373305.2999999523,3509416.306227481,779129.8147263242,5251011.751598125
373305.40000009537,3509416.2815108513,779129.6366850085,5251011.712335464
373305.5,3509416.28840016,779129.5142377156,5251011.718360927
373305.59999990463,3509416.4258758193,779129.4813668418,5251011.8638315145
373305.7000000477,3509416.5002110326,779129.4421216383,5251011.945768956
373305.7999999523,3509416.601448624,779129.3473438693,5251012.011012258
373305.90000009537,3509416.4993523564,779129.2848393325,5251012.20348154
373306.0,3509416.454023694,779129.1834991849,5251012.305812574
373306.09999990463,3509416.4995181723,779129.0733003413,5251012.332532873
373306.2000000477,3509416.568023365,779128.9575916467,5251012.358118235
373306.2999999523,3509416.6745911087,779128.8387884743,5251012.435968783
373306.40000009537,3509416.6705209855,779128.6245586046,5251012.389170353
373306.5,3509416.4809771623,779128.3576903351,5251012.26447986
373306.59999990463,3509416.2838917123,779128.2763044309,5251012.438155306
373306.7000000477,3509416.3454489224,779128.08603753,5251012.4981828155
373306.7999999523,3509416.190914649,779127.9416394543,5251012.61174473
373306.90000009537,3509416.259481677,779127.8100879056,5251012.6408755975
373307.0,3509416.439872681,779127.6245080504,5251012.557456064
373307.09999990463,3509416.5169862304,779127.49014247,5251012.556147664
373307.2000000477,3509416.6144121042,779127.3363251527,5251012.475380537
373307.2999999523,3509416.70193112,779127.2333674172,5251012.484569946
373307.40000009537,3509416.813405989,779127.052415283,5251012.470274297
373307.5,3509416.939446242,779126.8315240577,5251012.427451976
373307.59999990463,3509416.884800608,779126.668518936,5251012.501539808
373307.7000000477,3509416.9444178217,779126.6025301401,5251012.552967062
373307.7999999523,3509416.9347333517,779126.5593362009,5251012.73145896
373307.90000009537,3509416.634101512,779126.3932284995,5251012.66694825
373308.0,3509416.2006952222,779125.9755113238,5251012.293510682
373308.09999990463,3509416.2759558926,779125.7766352358,5251012.123634889
373308.2000000477,3509416.1477984553,779125.6931916653,5251012.2209422495
373308.2999999523,3509416.1879374166,779125.5777427322,5251012.336880687
373308.40000009537,3509416.287649674,779125.3678650489,5251012.378990302
373308.5,3509412.293163622,779126.1208220315,5250993.925227966
373308.59999990463,3509416.5635977746,779125.3730217982,5251012.71354777
373308.7000000477,3509416.7454367597,779125.4507429901,5251012.897323678
373308.7999999523,3509416.738526427,779125.3876062578,5251012.995941985
373308.90000009537,3509416.788388069,779125.2372480052,5251013.130204189
373309.0,3509412.841289469,779125.9762783449,5250994.435354418
373309.09999990463,3509413.101349868,779125.9425815406,5250994.598173114
373309.2000000477,3509417.2851102515,779125.0569582245,5251013.529361026
373309.2999999523,3509417.396273384,779124.93988259,5251013.452106221
373309.40000009537,3509417.3587636854,779124.8225059847,5251013.374554971
373309.5,3509417.37296525,779124.7795576365,5251013.437419768
373309.59999990463,3509417.425752264,779124.7238271206,5251013.472896746
373309.7000000477,3509417.729770848,779124.649901518,5251013.4257021425
373309.7999999523,3509417.8420828646,779124.6938108804,5251013.5702521885
373309.90000009537,3509417.850337609,779124.6009012619,5251013.700351841
373310.0,3509417.8431011154,779124.5627793442,5251013.7277086545
373310.09999990463,3509415.494572615,779125.3482469572,5251015.003301729
373310.2000000477,3509415.5216919873,779125.293578374,5251015.014203933
373310.2999999523,3509415.3860387187,779125.241593301,5251014.988885614
373310.40000009537,3509415.192524332,779125.1587394703,5251014.875290011
373310.5,3509415.0811019125,779125.1378039683,5251014.934265894
373310.59999990463,3509415.0656759697,779125.2144564264,5251015.022326941
373310.7000000477,3509415.020066973,779125.257139302,5251015.038894467
373310.7999999523,3509414.981562992,779125.2221520402,5251015.143958926
373310.90000009537,3509414.955835435,779125.2730795401,5251015.256162773
373311.0,3509414.9314392414,779125.3362264315,5251015.314273834
373311.09999990463,3509414.900172411,779125.3880832057,5251015.442592172
373311.2000000477,3509417.984493768,779123.4959311334,5251013.274210205
373311.2999999523,3509410.0212082677,779126.7392254936,5250996.283785208
373311.40000009537,3509415.2521663588,779125.6854170323,5251015.886112059
373311.5,3509415.2439334774,779125.74850962,5251016.029315201
373311.59999990463,3509415.284264603,779125.8530917971,5251016.194600021
373311.7000000477,3509415.2985668126,779125.9332818127,5251016.379825015
373311.7999999523,3509415.1904539554,779125.9537141933,5251016.419812828
373311.90000009537,3509415.2321837647,779125.9093664414,5251016.483560491
373312.0,3509415.246472919,779125.9001829425,5251016.533484793
373312.09999990463,3509418.127932207,779123.8860198307,5251014.138763221
373312.2000000477,3509415.1623431407,779125.9245506843,5251016.503328081
373312.2999999523,3509415.044013353,779125.943583777,5251016.563179805
373312.40000009537,3509414.803882218,779125.9170185205,5251016.642691537
373312.5,3509414.6467565033,779125.9073465837,5251016.815099993
373312.59999990463,3509414.470004314,779125.9310689429,5251016.998983878
373312.7000000477,3509417.345945712,779123.9232367326,5251014.905652463
373312.7999999523,3509414.595807363,779125.7388323438,5251017.432356202
373312.90000009537,3509414.673624356,779125.6838692183,5251017.984894696
373313.0,3509414.746800059,779125.7858953655,5251018.379034009
373313.09999990463,3509414.679709432,779125.8234707575,5251018.495760352
373313.2000000477,3509414.5226272596,779125.8214021696,5251018.687439657
373313.2999999523,3509414.3136588815,779125.7899571252,5251018.860891333
373313.40000009537,3509414.111801381,779125.7690358509,5251018.9676609645
373313.5,3509414.15070866,779125.8860232665,5251019.044388837
373313.59999990463,3509414.2371406304,779126.0251268545,5251019.128371096
373313.7000000477,3509414.1215142305,779126.0085182429,5251019.057605168
373313.7999999523,3509414.21790897,779126.0505279254,5251019.1551806
373313.90000009537,3509414.2718309374,779126.0829104991,5251019.431715135
373314.0,3509414.246535184,779126.1560681681,5251019.583685084
373314.09999990463,3509414.183020873,779126.2646595249,5251019.660827862
373314.2000000477,3509413.9966182876,779126.2264397155,5251019.58899209
373314.2999999523,3509413.842310565,779126.1708088907,5251019.5609318605
373314.40000009537,3509413.729673882,779126.169587065,5251019.5481818775
373314.5,3509413.6692586564,779126.1720129985,5251019.536757783
373314.59999990463,3509413.513815531,779126.2092015923,5251019.541369023
373314.7000000477,3509413.3894844307,779126.184324021,5251019.581084968
373314.7999999523,3509413.2926562205,779126.1537061982,5251019.521618111
373314.90000009537,3509408.0338836825,779127.4345980834,5250999.030268997
373315.0,3509408.2878712662,779127.5252373341,5250999.198091075
373315.09999990463,3509413.5600348935,779126.3429079616,5251019.537057863
373315.2000000477,3509408.2335695717,779127.5021503189,5250999.314845434
373315.2999999523,3509413.580606036,779126.3728881482,5251019.566954629
373315.40000009537,3509413.5079230065,779126.3000729072,5251019.574450348
373315.5,3509413.5067566056,779126.1743123224,5251019.496953929
373315.59999990463,3509408.2744895765,779127.3060482327,5250999.367886466
373315.7000000477,3509413.4976826436,779126.1331208486,5251019.443385072
373315.7999999523,3509413.4623827916,779126.1175070056,5251019.633086628
373315.90000009537,3509413.653093759,779126.1605965778,5251020.100678627
373316.0,3509413.8993162573,779126.2012966265,5251020.559071258
373316.09999990463,3509413.9657098413,779126.2832247727,5251020.731510166
373316.2000000477,3509414.016181162,779126.2976262036,5251020.733390799
373316.2999999523,3509413.924851682,779126.396147016,5251020.834240289
373316.40000009537,3509413.7701124935,779126.3646428483,5251021.002562522
373316.5,3509413.355602147,779126.2514946708,5251021.079459248
373316.59999990463,3509413.241572246,779126.2516951392,5251021.130635472
373316.7000000477,3509413.350962225,779126.336424276,5251021.092890998
373316.7999999523,3509413.5097098085,779126.3931277796,5251021.045072399
373316.90000009537,3509413.7158899223,779126.4421402051,5251020.904344815
373317.0,3509413.8343194667,779126.4223954227,5251021.132341767
373317.09999990463,3509413.984435916,779126.3658543573,5251021.291153168
373317.2000000477,3509413.9368084744,779126.320974946,5251021.171575843
373317.2999999523,3509413.8487674897,779126.2887016514,5251021.053180145
373317.40000009537,3509414.817530828,779125.7026682944,5251020.559127469
373317.5,3509414.17829804,779126.3462590158,5251021.57101633
373317.59999990463,3509414.33818528,779126.4750293596,5251021.910614086
373317.7000000477,3509414.777640216,779125.8998472737,5251021.604791421
373317.7999999523,3509414.445779912,779125.8967976291,5251022.005719059
373317.90000009537,3509413.866881248,779125.8624162911,5251022.244899838
373318.0,3509413.8547290047,779125.9406775396,5251022.428452217
373318.09999990463,3509413.839743339,779126.0525744612,5251022.471178679
373318.2000000477,3509413.865338743,779126.1391047124,5251022.491464179
373318.2999999523,3509413.8787674005,779126.229150001,5251022.616628607
373318.40000009537,3509413.9878382585,779126.325292124,5251022.832851131
373318.5,3509414.044118755,779126.3878773976,5251023.076889009
373318.59999990463,3509401.7207343155,779129.2725965902,5250998.674350652
373318.7000000477,3509401.5863014474,779129.3839346062,5250998.793934586
373318.7999999523,3509401.5977945365,779129.4738455241,5250998.74092199
373318.90000009537,3509401.672121231,779129.6226966776,5250998.795366282
373319.0,3509403.2109549954,779130.0662927043,5250999.302331593
373319.09999990463,3509403.5197998597,779130.2606637644,5250999.43044909
373319.2000000477,3509403.5809102464,779130.4118114064,5250999.52918369
373319.2999999523,3509403.5185162714,779130.5452293578,5250999.66009132
373319.40000009537,3509403.7294152775,779130.6970395509,5250999.712293104
373319.5,3509404.0603759177,779130.8509686695,5250999.7787768645
373319.59999990463,3509404.10732702,779130.9774286479,5250999.914408499
373319.7000000477,3509403.9230168792,779131.0718579913,5250999.93211602
373319.7999999523,3509403.749113982,779131.157514456,5250999.917430277
373319.90000009537,3509403.7980850628,779131.2607339593,5250999.922509748
373320.0,3509403.786573542,779131.353804802,5250999.950788071
373320.09999990463,3509401.815454578,779131.1022026394,5250999.768439103
373320.2000000477,3509401.8456756845,779131.229373309,5250999.818187615
373320.2999999523,3509401.7880424643,779131.321280386,5250999.807002163
373320.40000009537,3509401.7401033295,779131.39202092,5250999.797982641
373320.5,3509401.773201475,779131.4897429063,5250999.724159711
373320.59999990463,3509401.7483017305,779131.5598827598,5250999.655850535
373320.7000000477,3509401.72371533,779131.6783543677,5250999.663760159
373320.7999999523,3509401.7548969034,779131.8272699398,5250999.706377496
373320.90000009537,3509401.681531971,779131.9211737976,5250999.647013687
373321.0,3509401.5689132023,779132.0382523702,5250999.64260312
373321.09999990463,3509401.4698560922,779132.147166237,5250999.589622308
373321.2000000477,3509401.370568159,779132.2268517137,5250999.4616242135
373321.2999999523,3509401.3167137923,779132.3258066507,5250999.394732736
373321.40000009537,3509401.3743722765,779132.474995666,5250999.450405027
373321.5,3509401.370439515,779132.5977017825,5250999.497961569
373321.59999990463,3509401.395784275,779132.7212486835,5250999.4851655485
373321.7000000477,3509401.4186486267,779132.8109323779,5250999.424695998
373321.7999999523,3509401.3999658497,779132.8582590815,5250999.299970458
373321.90000009537,3509401.4647898404,779132.9344977792,5250999.236652801
373322.0,3509401.437876754,779132.9946907564,5250999.162618273
373322.09999990463,3509401.4839803507,779133.0680465079,5250999.079893499
373322.2000000477,3509415.2384355525,779129.0166657631,5250998.76476431
373322.2999999523,3509414.8107233937,779129.1882361377,5250998.608869205
373322.40000009537,3509414.817619229,779129.2564444559,5250998.521571537
373322.5,3509414.852874447,779129.3426615404,5250998.470996139
373322.59999990463,3509414.8535521682,779129.4074104021,5250998.451779267
373322.7000000477,3509414.9233286344,779129.4692562796,5250998.467560304
373322.7999999523,3509415.020471859,779129.5534898079,5250998.554085653
373322.90000009537,3509415.1123624872,779129.6558889264,5250998.575474728
373323.0,3509414.9915980287,779129.8532515642,5250998.549073436
373323.09999990463,3509415.0337674185,779129.985058468,5250998.557525363
373323.2000000477,3509412.035421708,779128.7099629754,5250997.712397784
373323.2999999523,3509412.044416947,779128.7384063769,5250997.634493111
373323.40000009537,3509412.0231906306,779128.7502858785,5250997.572609969
373323.5,3509415.558559332,779130.3438628814,5250998.431108901
373323.59999990463,3509412.463494976,779129.0601521811,5250997.608747329
373323.7000000477,3509412.329042842,779129.2176173711,5250997.729953441
373323.7999999523,3509412.3827515603,779129.3397486181,5250997.81047316
373323.90000009537,3509412.5153352423,779129.5149480101,5250997.846764214
373324.0,3509415.535947221,779130.9588263739,5250998.710373722
373324.09999990463,3509415.7410525866,779131.008299944,5250998.750395125
373324.2000000477,3509416.1179943327,779131.0216247775,5250998.728060419
373324.2999999523,3509416.31196764,779131.0691971969,5250998.624685599
373324.40000009537,3509416.1906133,779131.1829422888,5250998.55298865
373324.5,3509416.1516373223,779131.3176378591,5250998.511512989
373324.59999990463,3509413.5759524703,779130.2603831426,5250997.763718975
373324.7000000477,3509413.3860274116,779130.3637399694,5250997.655403468
373324.7999999523,3509413.3055456216,779130.4622712565,5250997.589222347
373324.90000009537,3509413.386507892,779130.4751726259,5250997.475787957
373325.0,3509416.173155868,779131.8731775971,5250998.134355389
373325.09999990463,3509416.1879048105,779131.9699596039,5250998.058253255
373325.2000000477,3509416.259551576,779132.0720711913,5250998.04368236
373325.2999999523,3509416.3697446953,779132.1730001814,5250997.993327356
373325.40000009537,3509416.411581072,779132.2838098479,5250997.988192573
373325.5,3509416.456673943,779132.3770470126,5250997.98337963
373325.59999990463,3509416.448101939,779132.4518874007,5250997.962449347
373325.7000000477,3509416.444043555,779132.5606507825,5250997.967150635
373325.7999999523,3509416.5009806002,779132.6419209945,5250998.023026256
373325.90000009537,3509401.9733418305,779137.0776314477,5250998.268404041
373326.0,3509414.621480515,779133.3998735743,5250998.1323575545
373326.09999990463,3509415.388597119,779133.2708921427,5250998.122042794
373326.2000000477,3509415.627150424,779133.2766750314,5250998.129727244
373326.2999999523,3509415.554152847,779133.3838051171,5250998.125167529
373326.40000009537,3509415.4102603677,779133.5175518795,5250998.099463785
373326.5,3509415.383648524,779133.6078362144,5250998.028063096
373326.59999990463,3509407.9612421226,779134.1469507323,5250998.261829599
373326.7000000477,3509407.6172838006,779134.2688007907,5250998.181548139
373326.7999999523,3509408.458808751,779134.2765522203,5250998.132258458
373326.90000009537,3509408.4736260134,779134.3594412177,5250998.17628522
373327.0,3509408.731798605,779134.4195673183,5250998.121789855
373327.09999990463,3509408.9857982513,779134.5548116467,5250998.038704171
373327.2000000477,3509415.835692472,779134.2448175206,5250997.6701715635
373327.2999999523,3509415.9041541386,779134.361103031,5250997.6761303805
373327.40000009537,3509416.0286630103,779134.4718111377,5250997.707220103
373327.5,3509415.9644696238,779134.6179558103,5250997.60529574
373327.59999990463,3509415.9181463695,779134.6882185705,5250997.480386916
373327.7000000477,3509415.9032076397,779134.7680240208,5250997.394701241
373327.7999999523,3509415.8742478834,779134.8831880159,5250997.334423566
373327.90000009537,3509415.930207304,779134.983990487,5250997.218685232
373328.0,3509416.489920567,779134.8924881159,5250997.078658532
373328.09999990463,3509416.50649461,779134.972558198,5250996.969040315
373328.2000000477,3509416.3735170723,779135.1351982281,5250996.8821158195
373328.2999999523,3509416.371216686,779135.2501117679,5250996.740709851
373328.40000009537,3509416.3823729693,779135.3606462462,5250996.565705215
373328.5,3509416.4689239752,779135.462630433,5250996.542517904
373328.59999990463,3509416.513692906,779135.536827733,5250996.61935
373328.7000000477,3509416.3657177486,779135.6434715602,5250996.646097857
373328.7999999523,3509416.2832674473,779135.743769183,5250996.689722785
373328.90000009537,3509416.2445677784,779135.8332690411,5250996.783904713
373329.0,3509416.156441778,779135.9342801906,5250996.876647426
373329.09999990463,3509416.1681307135,779136.029608476,5250996.935485204
373329.2000000477,3509416.4044213225,779136.063666536,5250996.950548218
373329.2999999523,3509416.471545871,779136.1688375019,5250996.974526222
373329.40000009537,3509416.3844682993,779136.2731601587,5250996.945262085
373329.5,3509416.1078750896,779136.4153442857,5250996.902608861
373329.59999990463,3509415.8798624007,779136.5558197596,5250996.953539415
373329.7000000477,3509415.8660476287,779136.6397287818,5250996.911103448
373329.7999999523,3509415.885726299,779136.7654641627,5250996.817806515
373329.90000009537,3509415.8421495724,779136.8627544862,5250996.792994932
373330.0,3509415.5775526753,779137.0164673992,5250996.892924722
373330.09999990463,3509415.5530906185,779137.1320831905,5250997.027974973
373330.2000000477,3509415.5073979828,779137.2342060586,5250997.055633949
373330.2999999523,3509415.620171708,779137.3480467191,5250997.097843801
373330.40000009537,3509415.626220429,779137.479282911,5250997.009186998
373330.5,3509415.5903621432,779137.5893636177,5250997.012196143
373330.59999990463,3509415.394169175,779137.710544181,5250997.058450768
373330.7000000477,3509415.1293458752,779137.869628082,5250997.03365229
373330.7999999523,3509414.9279992925,779138.0382142323,5250997.063727049
373330.90000009537,3509414.7781760185,779138.2010295679,5250997.153689659
373331.0,3509414.52836054,779138.3658804408,5250997.200721266
373331.09999990463,3509414.5371307274,779138.4464858875,5250997.232941488
373331.2000000477,3509414.691876794,779138.4613971385,5250997.187017483
373331.2999999523,3509414.6874158103,779138.5427952954,5250997.241622409
373331.40000009537,3509414.4669460603,779138.6963209423,5250997.379335027
373331.5,3509414.2563795545,779138.8598551999,5250997.459749287
373331.59999990463,3509402.4909494063,779142.4613970973,5250997.677313085
373331.7000000477,3509402.4222407853,779142.6074295995,5250997.7759290105
373331.7999999523,3509413.68301536,779139.3356247994,5250997.6607837975
373331.90000009537,3509402.2414586833,779142.7863729841,5250997.802323485
373332.0,3509402.215087438,779142.8538133621,5250997.771407761
373332.09999990463,3509402.256672437,779142.9563502535,5250997.834265689
373332.2000000477,3509402.253085082,779143.055885044,5250997.85626605
373332.2999999523,3509402.1894640047,779143.1511893542,5250997.809554359
373332.40000009537,3509402.1661141217,779143.2498898603,5250997.846642933
373332.5,3509413.06514821,779140.0974222411,5250997.630084952
373332.59999990463,3509413.0870340206,779140.1582289002,5250997.49943354
373332.7000000477,3509413.006825934,779140.273124337,5250997.391531891
373332.7999999523,3509402.193067717,779143.5967192105,5250997.441600477
373332.90000009537,3509411.3400950674,779139.837349611,5250996.776893704
373333.0,3509411.4918295774,779139.8531447652,5250996.661731285
373333.09999990463,3509411.530382053,779139.9565302362,5250996.612955143
373333.2000000477,3509411.423358257,779140.0984997283,5250996.582837042
373333.2999999523,3509411.4447498736,779140.2644483446,5250996.571533423
373333.40000009537,3509411.5167177236,779140.2740269202,5250996.41757536
373333.5,3509411.5419835597,779140.1868793975,5250996.2650419725
373333.59999990463,3509411.456496902,779140.2410469122,5250996.2871658765
373333.7000000477,3509411.3616997954,779140.3552096984,5250996.25737125
373333.7999999523,3509411.2603335404,779140.4376986873,5250996.104350328
373333.90000009537,3509410.9339490957,779140.4872281714,5250995.940750102
373334.0,3509410.759387302,779140.4323769107,5250995.711657344
373334.09999990463,3509410.5408361917,779140.5614549892,5250995.560473201
373334.2000000477,3509410.2741014054,779140.7010069331,5250995.509529488
373334.2999999523,3509410.322622631,779140.8128082807,5250995.475646072
373334.40000009537,3509410.4664932573,779140.8678630714,5250995.474127373
373334.5,3509410.299107734,779140.9517028361,5250995.484805226
373334.59999990463,3509410.2073063753,779140.9859486006,5250995.46833791
373334.7000000477,3509410.1357118166,779141.0923421085,5250995.528025219
373334.7999999523,3509410.072722171,779141.2078016537,5250995.530180383
373334.90000009537,3509410.1927082115,779141.3155024705,5250995.534825234
373335.0,3509410.389636677,779141.3921876248,5250995.479122318
373335.09999990463,3509410.3584960382,779141.4221773278,5250995.450794991
373335.2000000477,3509410.308416872,779141.5117402099,5250995.509975897
373335.2999999523,3509410.331489857,779141.6557850798,5250995.601919228
373335.40000009537,3509410.392250974,779141.8311095224,5250995.765427414
373335.5,3509410.4088691375,779142.0384601332,5250995.84741426
373335.59999990463,3509410.4114347505,779142.2602487687,5250995.9418418305
373335.7000000477,3509410.4260180183,779142.2834619468,5250995.990713759
373335.7999999523,3509410.4204547927,779142.3377059917,5250995.976183314
373335.90000009537,3509410.525715062,779142.5883970618,5250996.007419542
373336.0,3509410.580546474,779142.7957026869,5250995.972377669
373336.09999990463,3509410.6610915638,779142.9762915722,5250995.987705289
373336.2000000477,3509410.631302482,779143.2143479033,5250996.031048619
373336.2999999523,3509410.5674778093,779143.4314080215,5250996.127128594
373336.40000009537,3509410.47458954,779143.6191718938,5250996.167451047
373336.5,3509410.5569546865,779143.8846235729,5250996.322832075
373336.59999990463,3509404.8474376136,779147.7876072091,5250997.275173062
373336.7000000477,3509411.1008768785,779144.4737129473,5250996.667202462
373336.7999999523,3509411.1631755033,779144.4998235623,5250996.638429582
373336.90000009537,3509410.9998998377,779144.5984226628,5250996.548907943
373337.0,3509410.748220409,779144.7858985267,5250996.430187521
373337.09999990463,3509401.6824186617,779147.6283266649,5250996.316311681
373337.2000000477,3509401.749062783,779147.7493149103,5250996.302518859
373337.2999999523,3509410.5991908996,779145.2623280172,5250996.164008487
373337.40000009537,3509401.938721113,779147.9520791196,5250996.119337334
373337.5,3509401.962613903,779148.0648595432,5250996.079868142
373337.59999990463,3509402.0737819527,779148.2085322019,5250996.214128613
373337.7000000477,3509402.1885597906,779148.3520173726,5250996.285596768
373337.7999999523,3509402.1543903723,779148.4694803709,5250996.251567632
373337.90000009537,3509402.1838419028,779148.5526627867,5250996.204941699
373338.0,3509402.14871513,779148.6478370422,5250996.319261744
373338.09999990463,3509402.1604994955,779148.7366724621,5250996.339104892
373338.2000000477,3509402.1646484165,779148.8323725235,5250996.336584706
373338.2999999523,3509402.123425348,779148.9367543168,5250996.347543076
373338.40000009537,3509402.1103757797,779149.0498939197,5250996.298948323
373338.5,3509402.1263569426,779149.1671079528,5250996.224826251
373338.59999990463,3509402.1735638357,779149.2488356591,5250996.243180406
373338.7000000477,3509402.1993762306,779149.3351483208,5250996.283648727
373338.7999999523,3509402.196337773,779149.409980881,5250996.313413082
373338.90000009537,3509402.192328154,779149.475069055,5250996.287373684
373339.0,3509402.227654405,779149.5288052184,5250996.1735494165
373339.09999990463,3509402.2147757453,779149.6218777952,5250996.088728566
373339.2000000477,3509402.2414968633,779149.6970051624,5250995.958603707
373339.2999999523,3509402.2616797783,779149.7553639935,5250995.840664554
373339.40000009537,3509402.3068340365,779149.8331105732,5250995.7270506695
373339.5,3509402.3610027246,779149.94051601,5250995.729414551
373339.59999990463,3509402.439788824,779150.0167037424,5250995.727881168
373339.7000000477,3509402.434035834,779150.1121187446,5250995.820761033
373339.7999999523,3509402.4518652996,779150.1887463279,5250995.89301581
373339.90000009537,3509402.45703093,779150.268976449,5250995.937432475
373340.0,3509402.4798840806,779150.3428421301,5250995.9749716045
373340.09999990463,3509402.5117974416,779150.4175605364,5250995.912795919
373340.2000000477,3509402.54630601,779150.5156639304,5250995.882390582
373340.2999999523,3509402.595033802,779150.6449266264,5250995.798063991
373340.40000009537,3509402.5712431185,779150.7697660764,5250995.741701851
373340.5,3509406.610293651,779149.6780284679,5250995.6644841
373340.59999990463,3509407.180867136,779149.6123444315,5250995.6925772615
373340.7000000477,3509451.542383982,779142.3648674145,5251152.654785408
373340.7999999523,3509451.4225588986,779142.4939053822,5251152.3471751595
373340.90000009537,3509451.275610854,779142.6258619564,5251152.406180831
373341.0,3509455.3210456083,779130.8488693509,5251141.157156508
373341.09999990463,3509455.4642704683,779130.9551180485,5251141.242117577
373341.2000000477,3509456.0842825277,779131.1655306484,5251141.319729609
373341.2999999523,3509456.8363322383,779131.3977344282,5251141.557899593
373341.40000009537,3509456.9356168704,779131.49240957,5251141.612762946
373341.5,3509456.9468050473,779131.5602214596,5251141.637773095
373341.59999990463,3509457.1721260855,779131.6689073466,5251141.646326789
373341.7000000477,3509457.4540395476,779131.8617793493,5251141.726836706
373341.7999999523,3509457.668388134,779131.9948997711,5251141.886205844
373341.90000009537,3509457.904725239,779132.1075917749,5251142.083573092
373342.0,3509457.996210889,779132.2055942036,5251142.276677398
373342.09999990463,3509458.0546589997,779132.2794231018,5251142.631509687
373342.2000000477,3509457.705618407,779132.2942269087,5251142.863910968
373342.2999999523,3509457.3773736814,779132.2969188122,5251143.064781957
373342.40000009537,3509457.3572108317,779132.3980275638,5251143.055397087
373342.5,3509475.6182308863,779136.6499470358,5251143.23865537
373342.59999990463,3509475.6423180257,779136.7676630701,5251143.17920208
373342.7000000477,3509475.674490043,779136.8768129668,5251143.15735143
373342.7999999523,3509475.4220709046,779136.997075038,5251142.6484499425
373342.90000009537,3509475.014817062,779137.1655919455,5251141.927435192
373343.0,3509474.8953649234,779137.2930163634,5251141.78829726
373343.09999990463,3509474.8850300345,779137.4082079685,5251141.884867815
373343.2000000477,3509474.9553786293,779137.4735554424,5251142.184354958
373343.2999999523,3509475.0619697273,779137.5453414158,5251142.571015292
373343.40000009537,3509474.831117541,779137.684981355,5251142.122498519
373343.5,3509474.5396897434,779137.8140975052,5251141.5279559
373343.59999990463,3509402.3613637737,779153.893859043,5250996.293386144
373343.7000000477,3509402.331632091,779153.9874609263,5250996.285821648
373343.7999999523,3509402.350861673,779154.0883437037,5250996.284740711
373343.90000009537,3509402.3648211663,779154.1886305843,5250996.222107522
373344.0,3509402.3906985777,779154.2690297624,5250996.114112153
373344.09999990463,3509402.4772577314,779154.3486181346,5250995.971236417
373344.2000000477,3509402.558791415,779154.4030257735,5250995.859352433
373344.2999999523,3509402.5965551753,779154.5107151419,5250995.846708755
373344.40000009537,3509402.616588262,779154.6375561659,5250995.839429759
373344.5,3509402.6119644754,779154.7430125264,5250995.753369624
373344.59999990463,3509402.594329668,779154.8223804856,5250995.699872876
373344.7000000477,3509402.626847373,779154.936386914,5250995.782215251
373344.7999999523,3509402.553480525,779155.0217327217,5250995.774044033
373344.90000009537,3509402.5470385463,779155.0778928556,5250995.633281115
373345.0,3509402.5088145225,779155.1694717814,5250995.595270325
373345.09999990463,3509402.5259811957,779155.2472399609,5250995.588667612
373345.2000000477,3509402.557253882,779155.3301308225,5250995.499320637
373345.2999999523,3509402.6214911896,779155.410019997,5250995.444511048
373345.40000009537,3509402.7016316922,779155.4888668978,5250995.395440666
373345.5,3509403.3953303867,779155.4573274086,5250995.263213696
373345.59999990463,3509402.662264559,779155.6645147173,5250995.177626645
373345.7000000477,3509401.685680173,779155.928303792,5250995.115672056
373345.7999999523,3509402.0511785825,779155.9642278751,5250995.038691544
373345.90000009537,3509402.117855708,779156.0309080275,5250994.942291387
373346.0,3509402.305559813,779156.0752144038,5250994.884779523
373346.09999990463,3509401.1441426394,779156.5898737111,5250994.976639835
373346.2000000477,3509401.150166535,779156.6799007866,5250995.034379352
373346.2999999523,3509401.17128882,779156.7596899227,5250995.110307572
373346.40000009537,3509404.5324873724,779158.3580012338,5250996.144949126
373346.5,3509404.4280745,779158.4535212117,5250996.151762382
373346.59999990463,3509404.444479399,779158.6118908802,5250996.167154708
373346.7000000477,3509404.51317161,779158.7730478196,5250996.2065644525
373346.7999999523,3509400.9454574245,779157.3083731179,5250995.23370602
373346.90000009537,3509400.8458876647,779157.3879380393,5250995.238003923
373347.0,3509400.7974823425,779157.4591165618,5250995.267986701
373347.09999990463,3509400.7581536216,779157.5557877967,5250995.262260022
373347.2000000477,3509400.7975050495,779157.6503668698,5250995.221175628
373347.2999999523,3509400.844832296,779157.7597708348,5250995.26591292
373347.40000009537,3509400.86491822,779157.8920176404,5250995.343995956
373347.5,3509400.8746972946,779157.9545130839,5250995.347112981
373347.59999990463,3509400.897311327,779158.0246830522,5250995.333005837
373347.7000000477,3509400.8302487056,779158.1056824621,5250995.26647926
373347.7999999523,3509400.8526977594,779158.1653556249,5250995.182546886
373347.90000009537,3509400.8120050295,779158.2202867735,5250995.039310978
373348.0,3509400.780210801,779158.3304949758,5250994.966164645
373348.09999990463,3509400.753511902,779158.4252146123,5250994.905645449
373348.2000000477,3509400.767957599,779158.5293606267,5250994.872353716
373348.2999999523,3509400.756853471,779158.6566184883,5250994.85507494
373348.40000009537,3509400.6200681874,779158.7626225719,5250994.721207679
373348.5,3509400.58803464,779158.8757570779,5250994.6777116265
373348.59999990463,3509400.610468862,779158.986611127,5250994.692805627
373348.7000000477,3509400.575216469,779159.112208604,5250994.679521229
373348.7999999523,3509400.4918112652,779159.2602896309,5250994.563103192
373348.90000009537,3509400.4824395045,779159.388329958,5250994.420594265
373349.0,3509400.623760551,779159.4561590671,5250994.292304487
373349.09999990463,3509400.713642666,779159.51097081,5250994.2874243865
373349.2000000477,3509400.6652653045,779159.5925061904,5250994.290414433
373349.2999999523,3509400.5968535924,779159.7231108502,5250994.336244924
373349.40000009537,3509400.5903690658,779159.8218894161,5250994.340785551
373349.5,3509400.655812325,779159.8795483508,5250994.301145779
373349.59999990463,3509400.542056329,779159.9651653818,5250994.270983746
373349.7000000477,3509400.542837124,779160.0325133943,5250994.2030599695
373349.7999999523,3509400.5868097953,779160.0793356467,5250994.176748334
373349.90000009537,3509400.591684306,779160.1637816404,5250994.137836895
373350.0,3509400.5765609606,779160.2204979036,5250994.012794398
373350.09999990463,3509400.592693087,779160.2733806855,5250993.857378246
373350.2000000477,3509400.613965281,779160.3081391695,5250993.66783859
373350.2999999523,3509400.5794824483,779160.3952462387,5250993.632207361
373350.40000009537,3509398.930137875,779159.7585886144,5250993.170940663
373350.5,3509399.385470885,779159.9896196997,5250993.280549854
373350.59999990463,3509399.3300612485,779159.987853296,5250993.210240705
373350.7000000477,3509399.4260616787,779160.0474404811,5250993.049168563
373350.7999999523,3509400.951816565,779160.8353537272,5250993.369524555
373350.90000009537,3509400.949799696,779160.9068145122,5250993.3748270795
373351.0,3509401.0598780503,779160.9632654345,5250993.391711795
373351.09999990463,3509401.2082214695,779160.9970305153,5250993.372077218
373351.2000000477,3509401.1706707412,779161.0601449803,5250993.285343518
373351.2999999523,3509401.1612575646,779161.19763672,5250993.257720998
373351.40000009537,3509401.0971004185,779161.3562063659,5250993.289132897
373351.5,3509401.034862159,779161.491369276,5250993.330793947
373351.59999990463,3509401.211161814,779161.5266410284,5250993.327974865
373351.7000000477,3509401.197178796,779161.6111265221,5250993.3783862665
373351.7999999523,3509401.0761199524,779161.7547518169,5250993.409374069
373351.90000009537,3509400.83480266,779161.9363686062,5250993.465917192
373352.0,3509413.9773775614,779161.2944391484,5250993.254473993
373352.09999990463,3509413.867486877,779161.3764197595,5250993.303452547
373352.2000000477,3509413.7713811942,779161.4721682994,5250993.300575305
373352.2999999523,3509413.778082517,779161.5374286588,5250993.364882143
373352.40000009537,3509413.9599736636,779161.554334403,5250993.380435735
373352.5,3509414.0744765326,779161.582860249,5250993.307342727
373352.59999990463,3509414.0433562263,779161.6415942747,5250993.330041457
373352.7000000477,3509413.9163160846,779161.7345831709,5250993.417136635
373352.7999999523,3509413.906115951,779161.8190745295,5250993.445889478
373352.90000009537,3509413.969728824,779161.9159841847,5250993.452712109
373353.0,3509414.09892742,779162.0029784499,5250993.446589939
373353.09999990463,3509414.2955798027,779162.0138935158,5250993.383194647
373353.2000000477,3509414.4562418303,779162.0688808996,5250993.392530346
373353.2999999523,3509414.227232059,779162.129498432,5250993.457297756
373353.40000009537,3509412.3814657694,779160.9581228502,5250992.768515601
373353.5,3509412.302404658,779160.9615546566,5250992.83911326
373353.59999990463,3509412.1220087064,779160.9989154381,5250992.822520754
373353.7000000477,3509412.2127925456,779161.040102498,5250992.852672308
373353.7999999523,3509412.2683651284,779161.0321443094,5250992.801745722
373353.90000009537,3509412.2855579765,779161.1160922251,5250992.745805024
373354.0,3509412.1093681594,779161.3190016125,5250992.775013822
373354.09999990463,3509411.9669763185,779161.4779140918,5250992.834778592
373354.2000000477,3509411.8419425944,779161.5997867385,5250992.848481678
373354.2999999523,3509411.7933149203,779161.7507901704,5250992.71151085
373354.40000009537,3509411.802739063,779161.9169054984,5250992.568203394
373354.5,3509411.8957219175,779162.0379969329,5250992.529038636
373354.59999990463,3509411.788862051,779162.0403330873,5250992.412969862
373354.7000000477,3509411.5144006065,779162.0548980131,5250992.315626752
373354.7999999523,3509413.4148222823,779163.6450929281,5250993.300512239
373354.90000009537,3509412.760053845,779163.7551426173,5250993.303749836
373355.0,3509412.8167569283,779163.7853340787,5250993.154054864
373355.09999990463,3509412.6529383785,779163.9015232063,5250993.097518688
373355.2000000477,3509412.4608546514,779163.9814056383,5250992.970375004
373355.2999999523,3509412.3653333797,779164.0825918345,5250992.896797706
373355.40000009537,3509412.441704063,779164.1482341877,5250992.93817241
373355.5,3509412.708522699,779164.1940988248,5250993.032767225
373355.59999990463,3509412.7099224483,779164.2936798166,5250992.991776766
373355.7000000477,3509412.8807186554,779164.4097388522,5250993.038496703
373355.7999999523,3509418.891487224,779170.5872029973,5251002.518991125
373355.90000009537,3509412.745976564,779164.5502212486,5250993.168762541
373356.0,3509412.7525304346,779164.6055821901,5250993.191035818
373356.09999990463,3509412.762152806,779164.6325232222,5250992.983402953
373356.2000000477,3509412.6706483006,779164.5695929638,5250992.755267148
373356.2999999523,3509412.4775917293,779164.6158700191,5250992.711448416
373356.40000009537,3509412.446356725,779164.7379593146,5250992.761012974
373356.5,3509412.396599297,779164.7885173549,5250992.769125465
373356.59999990463,3509412.3676716033,779164.8741370703,5250992.897455095
373356.7000000477,3509412.4038824253,779165.020951272,5250993.026133428
373356.7999999523,3509412.323958838,779165.0403809214,5250992.991597307
373356.90000009537,3509403.2022670545,779165.5491335146,5250993.105547867
373357.0,3509412.0000021085,779165.1293601624,5250992.921955177
373357.09999990463,3509414.685411993,779163.7950405072,5250992.835954875
373357.2000000477,3509402.953813939,779165.8081629608,5250992.858803922
373357.2999999523,3509402.9245864013,779165.8678356911,5250992.766221332
373357.40000009537,3509403.874274884,779165.7227633903,5250992.734998685
373357.5,3509413.9837167156,779164.2425673526,5250992.517541044
373357.59999990463,3509419.843301893,779169.7782071361,5251001.096329018
373357.7000000477,3509411.714647128,779165.4948788966,5250992.318382334
373357.7999999523,3509411.5730299316,779165.4823479101,5250992.1525345575
373357.90000009537,3509411.655498589,779165.5961106148,5250992.199540724
373358.0,3509411.7416042625,779165.7584977396,5250992.349041883
373358.09999990463,3509411.7763903947,779165.8768037753,5250992.330943973
373358.2000000477,3509411.7468018504,779166.0015972501,5250992.3071616
373358.2999999523,3509411.703555153,779166.1024477469,5250992.286862131
373358.40000009537,3509404.6662808964,779166.5147234534,5250992.247551499
373358.5,3509404.894457031,779166.5246164567,5250992.159369654
373358.59999990463,3509405.166817111,779166.6020086687,5250992.135046824
373358.7000000477,3509416.3490911624,779170.6995918095,5250998.793727169
373358.7999999523,3509412.026546653,779166.2002561763,5250991.825457583
373358.90000009537,3509412.028673836,779166.1283005372,5250991.67498981
373359.0,3509412.0130238645,779166.1204950084,5250991.6774739865
373359.09999990463,3509412.0932038776,779166.1578308374,5250991.675559603
373359.2000000477,3509412.2971943566,779166.1085744421,5250991.661171462
373359.2999999523,3509412.384110911,779166.106411287,5250991.591299054
373359.40000009537,3509412.432283353,779166.1797479441,5250991.56186581
373359.5,3509412.3651580266,779166.2451844653,5250991.555225298
373359.59999990463,3509412.336095459,779166.2797942599,5250991.575757663
373359.7000000477,3509412.279553894,779166.2269014386,5250991.426120401
373359.7999999523,3509412.219546088,779166.1640235401,5250991.297991881
373359.90000009537,3509412.292019853,779166.1538236376,5250991.257543335
373360.0,3509412.2750174324,779166.1553127082,5250991.173307279
373360.09999990463,3509412.248529872,779166.1409738271,5250991.127695901
373360.2000000477,3509412.2627951507,779166.203977457,5250991.1126149995
373360.2999999523,3509412.1664104443,779166.2479993637,5250991.08176545
373360.40000009537,3509414.4216623255,779167.9762366769,5250992.106180198
373360.5,3509414.3653485375,779167.9254492997,5250992.039075497
373360.59999990463,3509411.869644616,779166.2739094984,5250990.869773288
373360.7000000477,3509411.9431043104,779166.4374872862,5250990.862753616
373360.7999999523,3509412.0569442115,779166.5502895216,5250990.88915481
373360.90000009537,3509406.4349731747,779166.9525654581,5250991.123198791
373361.0,3509411.837748627,779166.6415816944,5250991.0184201365
373361.09999990463,3509406.348061335,779166.9063287713,5250990.9501678385
373361.2000000477,3509406.30017036,779166.8797887125,5250990.822713875
373361.2999999523,3509411.906823758,779169.3539151198,5250992.352243762
373361.40000009537,3509411.956741977,779169.340606442,5250992.247003667
373361.5,3509414.151503731,779172.3510087042,5250990.473139744
373361.59999990463,3509411.914186085,779169.2435824443,5250992.085989945
373361.7000000477,3509411.941420497,779169.2204818773,5250992.141334234
373361.7999999523,3509414.0916709136,779168.4523757251,5250991.760634679
373361.90000009537,3509411.7345798,779169.0368817059,5250992.085325944
373362.0,3509411.633881464,779168.984256522,5250992.091011618
373362.09999990463,3509411.4670564695,779168.8501082584,5250992.131406103
373362.2000000477,3509411.387525108,779168.8325373818,5250992.09189614
373362.2999999523,3509411.4186351085,779168.8426810896,5250992.089615706
373362.40000009537,3509411.41290993,779168.8396992265,5250992.0344653865
373362.5,3509413.7610994685,779171.1905027864,5250996.528234275
373362.59999990463,3509411.47350437,779168.7876049638,5250991.943536001
373362.7000000477,3509411.4334231894,779168.7494134507,5250991.795441576
373362.7999999523,3509411.4313056464,779168.7427800036,5250991.721851051
373362.90000009537,3509411.617696405,779168.8151179906,5250991.803929668
373363.0,3509411.7473880327,779168.8447778535,5250991.808968533
373363.09999990463,3509411.788447143,779168.7858270948,5250991.617545861
373363.2000000477,3509411.83871713,779168.8196925352,5250991.520376474
373363.2999999523,3509411.87807954,779168.778029777,5250991.461673359
373363.40000009537,3509411.9356238996,779168.7064118942,5250991.3302769745
373363.5,3509412.1333045233,779168.7744302162,5250991.269754635
373363.59999990463,3509412.1094835615,779168.7032794151,5250991.046106571
373363.7000000477,3509412.053522903,779168.6255256177,5250990.898083814
373363.7999999523,3509412.072117373,779168.6666837016,5250990.949726096
373363.90000009537,3509412.148542382,779168.6985066305,5250990.87219049
373364.0,3509412.1956018624,779168.6827741946,5250990.753154212
373364.09999990463,3509412.1885747295,779168.6016189368,5250990.454820936
373364.2000000477,3509412.227191726,779168.5913040458,5250990.367582482
373364.2999999523,3509412.3517558426,779168.6277030784,5250990.2728974745
373364.40000009537,3509412.5114229815,779168.6888546174,5250990.250213316
373364.5,3509412.644439039,779168.6978791183,5250990.24056348
373364.59999990463,3509412.653526954,779168.6166779895,5250990.162262763
373364.7000000477,3509412.6181967882,779168.4956213123,5250989.926725043
373364.7999999523,3509412.5655715712,779168.4332537147,5250989.801114337
373364.90000009537,3509412.552942389,779168.3803778825,5250989.655352441
373365.0,3509412.5827305247,779168.3252929635,5250989.519368729
373365.09999990463,3509412.4273267398,779168.2569913237,5250989.349063151
373365.2000000477,3509412.489370526,779168.1426954911,5250989.197995935
373365.2999999523,3509412.095273525,779168.2654087787,5250991.456974155
373365.40000009537,3509412.5048503564,779168.1374411037,5250989.707179095
373365.5,3509412.627613519,779168.1482694617,5250989.84140936
373365.59999990463,3509412.7208550847,779168.1529548473,5250989.972836981
373365.7000000477,3509412.37789212,779168.2715467307,5250990.222335402
373365.7999999523,3509412.807038049,779168.1125633246,5250990.339244025
373365.90000009537,3509412.751668283,779168.0484680904,5250990.276975105
373366.0,3509412.7615569043,779168.011757838,5250990.133536386
373366.09999990463,3509412.8218982276,779167.9707955986,5250990.085887111
373366.2000000477,3509412.3690102887,779168.0351136237,5250989.990593291
373366.2999999523,3509412.6744621694,779167.9084154626,5250989.802640952
373366.40000009537,3509412.730720271,779167.909153578,5250989.736646602
373366.5,3509410.7405422283,779166.379429774,5250988.670681799
373366.59999990463,3509410.8592324792,779166.427846118,5250988.5900631035
373366.7000000477,3509410.9765014504,779166.4257302834,5250988.501794985
373366.7999999523,3509411.1180072846,779166.3916451734,5250988.381543333
373366.90000009537,3509411.134527052,779166.3358569139,5250988.273256106
373367.0,3509411.2097736737,779166.2760434443,5250988.180766706
373367.09999990463,3509411.2956457003,779166.2613950468,5250988.076674004
373367.2000000477,3509411.322456542,779166.2576940096,5250987.999465928
373367.2999999523,3509411.4401686876,779166.2649384864,5250987.952863305
373367.40000009537,3509411.493607795,779166.2548162994,5250987.831742482
373367.5,3509411.4496521153,779166.2171777504,5250987.712026995
373367.59999990463,3509411.381874041,779166.1769463883,5250987.550959826
373367.7000000477,3509411.3618366104,779166.1711041427,5250987.481814386
373367.7999999523,3509411.5092217256,779166.2263386128,5250987.343002277
373367.90000009537,3509411.6524594408,779166.2476499812,5250987.298421213
373368.0,3509411.7994183875,779166.2192211802,5250987.181289439
373368.09999990463,3509411.878480003,779166.2123597848,5250987.131650471
373368.2000000477,3509412.1251980844,779166.263700665,5250987.223827404
373368.2999999523,3509412.25302422,779166.3145506418,5250987.280172057
373368.40000009537,3509412.3701220006,779166.2908884906,5250987.21599811
373368.5,3509412.5257500964,779166.2851313597,5250987.149621159
373368.59999990463,3509412.7635129658,779166.2752885787,5250987.014867788
373368.7000000477,3509412.9920987743,779166.249810698,5250986.854894672
373368.7999999523,3509413.0341787757,779166.195679082,5250986.703562512
373368.90000009537,3509413.162730867,779166.1802659896,5250986.664478596
373369.0,3509413.1807856318,779166.0928391038,5250986.444838766
373369.09999990463,3509413.161155884,779166.008473275,5250986.254706021
373369.2000000477,3509413.3038766356,779165.9954837621,5250986.251838536
373369.2999999523,3509413.4794002576,779165.9935635936,5250986.070299035
373369.40000009537,3509413.647821567,779165.8871990604,5250985.765983883
373369.5,3509413.7465659822,779165.8246163493,5250985.648906924
373369.59999990463,3509412.783743655,779165.066206329,5250985.028892516
373369.7000000477,3509412.883063439,779165.0203531185,5250984.924923994
373369.7999999523,3509412.824484092,779165.0023053045,5250984.832692102
373369.90000009537,3509412.8324747253,779164.9775403069,5250984.739331638
373370.0,3509412.8031897363,779165.0023844779,5250984.63871433
373370.09999990463,3509412.731004197,779165.0585337679,5250984.53928886
373370.2000000477,3509412.9081674004,779165.033212926,5250984.421069592
373370.2999999523,3509413.051124169,779165.0418111394,5250984.341429423
373370.40000009537,3509413.3628374655,779165.101327068,5250984.395150041
373370.5,3509413.683754582,779165.2145064039,5250984.543427701
373370.59999990463,3509413.8908268465,779165.2718174254,5250984.608246626
373370.7000000477,3509414.0966825187,779165.271476069,5250984.563002221
373370.7999999523,3509414.1313377195,779165.3061485286,5250984.531727343
373370.90000009537,3509414.2920944295,779165.2914083882,5250984.548543809
373371.0,3509414.2792054974,779165.2554689156,5250984.537879255
373371.09999990463,3509414.2964049275,779165.174165291,5250984.432407905
373371.2000000477,3509414.4632365196,779165.1067879361,5250984.248277639
373371.2999999523,3509414.6279595294,779165.0954180236,5250984.308277299
373371.40000009537,3509414.7179874983,779165.1781149125,5250984.385903003
373371.5,3509414.768505054,779165.1627667681,5250984.3152887905
373371.59999990463,3509414.8479913417,779165.1718363895,5250984.2566140555
373371.7000000477,3509414.973366289,779165.1820081963,5250984.212011208
373371.7999999523,3509415.143527415,779165.1186048846,5250984.1240325
373371.90000009537,3509415.085543831,779164.9540776319,5250983.8954402795
373372.0,3509414.8343726727,779164.9177072291,5250983.627680984
373372.09999990463,3509414.8161360887,779164.9854133122,5250983.638754993
373372.2000000477,3509414.952721821,779165.0493187074,5250983.56299515
373372.2999999523,3509415.090527344,779165.0753842485,5250983.501372745
373372.40000009537,3509415.0785215073,779165.0642691539,5250983.44000776
373372.5,3509415.0744616464,779165.101735261,5250983.352762671
373372.59999990463,3509415.0537640094,779165.1395071988,5250983.344953838
373372.7000000477,3509415.1475471016,779165.1442962193,5250983.310753395
373372.7999999523,3509415.2635501595,779165.1516328673,5250983.142403691
373372.90000009537,3509415.381710001,779165.1573793243,5250983.062062247
373373.0,3509415.4109987584,779165.1109595939,5250983.021026654
373373.09999990463,3509416.0509868353,779164.2898017011,5250984.462697569
373373.2000000477,3509415.3883602917,779165.2047933989,5250982.675459906
373373.2999999523,3509415.4335174714,779165.2184569157,5250982.545604655
373373.40000009537,3509415.519669259,779165.1974821769,5250982.655580979
373373.5,3509415.681141221,779165.181793417,5250982.729942574
373373.59999990463,3509415.7890334176,779165.1392721137,5250982.648613039
373373.7000000477,3509415.294090903,779164.4653250693,5250981.381846445
373373.7999999523,3509416.085344725,779165.2390044021,5250982.8231388405
373373.90000009537,3509417.0398281165,779164.2558802335,5250984.67911818
373374.0,3509416.493352798,779165.1087989028,5250982.945679736
373374.09999990463,3509416.637034275,779165.0569430449,5250982.960879276
373374.2000000477,3509416.8067595013,779164.992576204,5250982.891437921
373374.2999999523,3509416.9696580865,779164.9234727826,5250982.777894098
373374.40000009537,3509417.110784068,779164.9351713606,5250982.757856897
373374.5,3509417.2665068917,779164.845020451,5250982.785900294
373374.59999990463,3509417.324946275,779164.7747116835,5250982.669129673
373374.7000000477,3509417.4600574085,779164.724943319,5250982.595047425
373374.7999999523,3509417.565077,779164.7283542537,5250982.495387762
373374.90000009537,3509417.623947106,779164.6476366103,5250982.262139457
373375.0,3509417.7706303634,779164.5649235182,5250982.137547651
373375.09999990463,3509418.111321084,779164.4494289802,5250982.084761123
373375.2000000477,3509420.0436571436,779166.9173782435,5250980.66611128
373375.2999999523,3509417.512865087,779164.6871714245,5250982.159826538
373375.40000009537,3509417.631968064,779164.7028347062,5250982.066253
373375.5,3509417.671857788,779164.716005497,5250981.970528305
373375.59999990463,3509417.8294019364,779164.6927521295,5250981.920080577
373375.7000000477,3509417.9857949913,779164.6615086861,5250981.816926
373375.7999999523,3509418.124121992,779164.6437033227,5250981.730045834
373375.90000009537,3509418.3980798675,779164.5739159988,5250981.709105067
373376.0,3509418.5817275364,779164.5892909223,5250981.739679924
373376.09999990463,3509418.6381893363,779164.5970664149,5250981.685565174
373376.2000000477,3509418.730561427,779164.5670410694,5250981.575508101
373376.2999999523,3509418.903537861,779164.4948900942,5250981.426148426
373376.40000009537,3509419.060477375,779164.4207960806,5250981.241347038
373376.5,3509419.1538556935,779164.4061332953,5250981.197280892
373376.59999990463,3509421.1103768866,779166.6762740292,5250979.787302308
373376.7000000477,3509419.2614098196,779164.3307476243,5250981.076022606
373376.7999999523,3509419.384900628,779164.2494034184,5250981.009802629
373376.90000009537,3509419.551743775,779164.2231552709,5250981.00582607
373377.0,3509419.662423625,779164.1893892444,5250980.979654407
373377.09999990463,3509419.6100783725,779164.1162774091,5250980.791903476
373377.2000000477,3509419.8118883157,779164.2209317219,5250980.962996969
373377.2999999523,3509420.0948281353,779164.2963862811,5250981.107739922
373377.40000009537,3509420.2913525407,779164.3451548781,5250981.229047633
373377.5,3509420.386022077,779164.410525471,5250981.332583717
373377.59999990463,3509420.3398356205,779164.3793503713,5250981.18483565
373377.7000000477,3509420.48115176,779164.2463897907,5250980.879395038
373377.7999999523,3509420.4628448635,779164.2085303726,5250980.591676848
373377.90000009537,3509420.465629276,779164.2098062659,5250980.47912009
373378.0,3509420.4565250874,779164.1206305943,5250980.333226252
373378.09999990463,3509420.42464169,779164.0288245786,5250980.152244164
373378.2000000477,3509420.3929825802,779164.0671364809,5250980.250662609
373378.2999999523,3509420.2735845223,779163.9539571755,5250979.946934105
373378.40000009537,3509420.0556448293,779163.713018537,5250979.328880924
373378.5,3509419.9718561843,779163.6262290088,5250979.087184087
373378.59999990463,3509419.8547935467,779163.6641857404,5250979.194589977
373378.7000000477,3509419.785982679,779163.6379186839,5250979.173372402
373378.7999999523,3509419.799463345,779163.6267865457,5250979.189971323
373378.90000009537,3509419.77149489,779163.663084078,5250979.2631158205
373379.0,3509419.7819615705,779163.6919670334,5250979.394662664
373379.09999990463,3509419.8127624635,779163.6712820983,5250979.324331556
373379.2000000477,3509419.821493124,779163.6822461328,5250979.208047555
373379.2999999523,3509419.8384914096,779163.7236543241,5250979.247908601
373379.40000009537,3509419.846146611,779163.6679929215,5250979.219648171
373379.5,3509419.945378331,779163.6833958747,5250979.3593291035
373379.59999990463,3509419.7795364275,779163.6694364934,5250979.4715731945
373379.7000000477,3509419.826071582,779163.7285300939,5250979.489820766
373379.7999999523,3509419.7715727175,779163.7151400722,5250979.545303166
373379.90000009537,3509419.7970145424,779163.6827242455,5250979.5477502635
373380.0,3509419.7235459695,779163.6251088615,5250979.353818959
373380.09999990463,3509421.5289345337,779165.7081418881,5250978.069380884
373380.2000000477,3509421.5247638323,779165.7220472074,5250978.028286556
373380.2999999523,3509421.606225687,779165.6804035807,5250978.0005783085
373380.40000009537,3509419.8382607773,779163.5467421802,5250979.1870409865
373380.5,3509419.8558029183,779163.6141050565,5250979.0261173975
373380.59999990463,3509419.862426635,779163.6118057314,5250979.005898734
373380.7000000477,3509419.967970654,779163.5852704024,5250979.105535866
373380.7999999523,3509420.005126772,779163.5366816866,5250978.924178085
373380.90000009537,3509420.084038169,779163.4091857978,5250978.80208136
373381.0,3509420.241030263,779163.4355326631,5250978.902594943
373381.09999990463,3509420.2640761063,779163.3258071527,5250978.839924398
373381.2000000477,3509420.3568313573,779163.3641975878,5250978.932622059
373381.2999999523,3509420.3190733814,779163.3414712014,5250978.954992181
373381.40000009537,3509420.364823873,779163.2166747864,5250978.981159712
373381.5,3509420.517750612,779163.2316898298,5250979.157667287
373381.59999990463,3509420.4802513802,779163.2249880311,5250979.137286994
373381.7000000477,3509420.6116027916,779163.2711974597,5250979.123482277
373381.7999999523,3509420.6659717453,779163.2946016882,5250979.119724592
373381.90000009537,3509420.751966021,779163.3513288151,5250979.342927118
373382.0,3509420.6902978574,779163.2819872857,5250979.335441373
373382.09999990463,3509420.676313237,779163.3087914713,5250979.386505855
373382.2000000477,3509420.708715457,779163.3489275357,5250979.5215296745
373382.2999999523,3509420.765735925,779163.3888337201,5250979.613384556
373382.40000009537,3509420.783556426,779163.4575720832,5250979.740531273
373382.5,3509420.7074498464,779163.4010685314,5250979.714172149
373382.59999990463,3509420.7131712823,779163.3609941774,5250979.663248212
373382.7000000477,3509420.8363928846,779163.422598754,5250979.9353003455
373382.7999999523,3509420.717318863,779163.4223236833,5250979.903405374
373382.90000009537,3509420.714296514,779163.4733006457,5250980.083027488
373383.0,3509420.6997207403,779163.5208345583,5250980.181343226
373383.09999990463,3509420.683441424,779163.5787837203,5250980.259451193
373383.2000000477,3509420.7526199184,779163.6107722874,5250980.28709937
373383.2999999523,3509420.8612076105,779163.6471792234,5250980.39830702
373383.40000009537,3509420.9110452137,779163.5849632951,5250980.458818951
373383.5,3509420.9483958217,779163.5994478435,5250980.487908403
373383.59999990463,3509420.990743081,779163.6027111397,5250980.461408566
373383.7000000477,3509421.07598199,779163.6470298052,5250980.5370349735
373383.7999999523,3509421.086504753,779163.6843021901,5250980.602666036
373383.90000009537,3509421.1399899824,779163.6681379275,5250980.636960243
373384.0,3509421.017368672,779163.6377206978,5250980.489813016
373384.09999990463,3509420.9901439976,779163.6153166387,5250980.407454794
373384.2000000477,3509420.988709834,779163.637695169,5250980.418057362
373384.2999999523,3509420.890024303,779163.5776563337,5250980.311645595
373384.40000009537,3509420.733960089,779163.4641754637,5250980.126417303
373384.5,3509420.6973641044,779163.4397772934,5250980.141807418
373384.59999990463,3509420.6818107874,779163.4657809484,5250980.161976587
373384.7000000477,3509420.652828848,779163.5070837141,5250980.232668105
373384.7999999523,3509420.66385409,779163.5133491487,5250980.356014133
373384.90000009537,3509420.6494602417,779163.4710508208,5250980.390905275
373385.0,3509420.7547198427,779163.5368750999,5250980.517529005
373385.09999990463,3509420.803606734,779163.5009314845,5250980.564066537
373385.2000000477,3509420.663480575,779163.4836679948,5250980.470703999
373385.2999999523,3509420.589918715,779163.5188012352,5250980.458957495
373385.40000009537,3509420.4995393003,779163.5099539805,5250980.429614823
373385.5,3509420.339489397,779163.5179886216,5250980.423405016
373385.59999990463,3509420.3081196877,779163.5679375986,5250980.527176892
373385.7000000477,3509420.3765753796,779163.643118767,5250980.797906257
373385.7999999523,3509420.4336991888,779163.6461617769,5250980.801021894
373385.90000009537,3509420.4712281507,779163.6465086421,5250980.766300232
373386.0,3509420.5289229713,779163.6381842203,5250980.7819267055
373386.09999990463,3509420.5639570775,779163.6563373166,5250980.745823746
373386.2000000477,3509420.4467560262,779163.6434655989,5250980.720214497
373386.2999999523,3509420.572848151,779163.7094335762,5250980.817932037
373386.40000009537,3509420.533154671,779163.726216729,5250980.852212172
373386.5,3509420.4063009648,779163.7274749972,5250980.910500839
373386.59999990463,3509420.3950585355,779163.7071462984,5250980.875640605
373386.7000000477,3509420.2827717387,779163.6598366104,5250980.770293339
373386.7999999523,3509420.2433820893,779163.6318958419,5250980.7390139755
373386.90000009537,3509420.1826851554,779163.6094087313,5250980.722359133
373387.0,3509420.12294508,779163.595262248,5250980.652096163
373387.09999990463,3509420.1329534934,779163.5805969846,5250980.712887971
373387.2000000477,3509420.22439817,779163.6747596796,5250980.826318673
373387.2999999523,3509420.190461695,779163.6643232657,5250980.743906887
373387.40000009537,3509420.0952464878,779163.7721207201,5250980.916333108
373387.5,3509420.074063599,779163.7518009276,5250980.917078894
373387.59999990463,3509420.172190105,779163.7472997857,5250980.950121622
373387.7000000477,3509420.2233248046,779163.7213947567,5250980.957438621
373387.7999999523,3509420.2011090415,779163.755748639,5250980.986663743
373387.90000009537,3509420.082750269,779163.8464865637,5250981.050866104
373388.0,3509420.1176884687,779163.8841033973,5250981.041593632
373388.09999990463,3509420.1265637446,779163.8056444733,5250980.988901732
373388.2000000477,3509420.195368127,779163.6833001681,5250980.907645285
373388.2999999523,3509420.1969413855,779163.7423111241,5250980.956405726
373388.40000009537,3509420.204111401,779163.8214813924,5250981.0091079855
373388.5,3509420.294751519,779163.8893023938,5250981.170592092
373388.59999990463,3509420.359032109,779163.9816871473,5250981.326256664
373388.7000000477,3509420.4953285516,779164.0286862938,5250981.498318105
373388.7999999523,3509420.5655142074,779164.0990066914,5250981.644848578
373388.90000009537,3509420.705672451,779164.0808736858,5250981.700636349
373389.0,3509420.6742302575,779164.0597893464,5250981.620485679
373389.09999990463,3509420.6984714954,779164.0081293219,5250981.537586868
373389.2000000477,3509420.816263454,779164.0791247567,5250981.5827670945
373389.2999999523,3509420.811309246,779163.9836734191,5250981.377834028
373389.40000009537,3509420.9281975315,779163.9626642079,5250981.391852077
373389.5,3509421.0461033145,779164.0608069598,5250981.591569467
373389.59999990463,3509421.0952454624,779164.0626285253,5250981.565265808
373389.7000000477,3509421.1275662906,779164.0470517977,5250981.564015955
373389.7999999523,3509421.1445570146,779164.0246076505,5250981.527757431
373389.90000009537,3509421.175792074,779164.078235577,5250981.53004269
373390.0,3509421.1364236223,779164.0239160121,5250981.491442217
373390.09999990463,3509421.175138858,779164.074727405,5250981.589899189
373390.2000000477,3509421.124696152,779164.0034765752,5250981.540419888
373390.2999999523,3509421.0275648697,779163.9013075354,5250981.383967165
373390.40000009537,3509421.1487791147,779163.8973397384,5250981.445490099
373390.5,3509421.2654344803,779163.9354686125,5250981.48167863
373390.59999990463,3509421.2816376155,779163.9630929152,5250981.474417877
373390.7000000477,3509421.3080093325,779163.9019285309,5250981.474572603
373390.7999999523,3509421.4194775717,779164.0004102911,5250981.686772183
373390.90000009537,3509421.392531232,779164.0469396643,5250981.6856301
373391.0,3509421.3974225554,779164.0936440605,5250981.70172996
373391.09999990463,3509421.326284014,779164.0880473577,5250981.580467527
373391.2000000477,3509421.355281477,779164.1091056493,5250981.593340434
373391.2999999523,3509421.3279417353,779164.2229774168,5250981.706073497
373391.40000009537,3509421.2699124506,779164.1907069733,5250981.646716893
373391.5,3509421.2602643943,779164.2252268225,5250981.608639971
373391.59999990463,3509421.322554842,779164.2213414328,5250981.635537997
373391.7000000477,3509421.3867727327,779164.2897179355,5250981.7539237505
373391.7999999523,3509421.4015622023,779164.3216963495,5250981.597484259
373391.90000009537,3509421.374145756,779164.3445124335,5250981.668430185
373392.0,3509421.3534646193,779164.3949393952,5250981.652254091
373392.09999990463,3509421.377621292,779164.4186609973,5250981.6660769805
373392.2000000477,3509421.4159310665,779164.3658014627,5250981.62631281
373392.2999999523,3509421.512323419,779164.4109051694,5250981.688070299
373392.40000009537,3509421.4531749496,779164.3860049369,5250981.651380656
373392.5,3509421.4368679468,779164.3418950994,5250981.595622305
373392.59999990463,3509421.3859673697,779164.2953711958,5250981.38361822
373392.7000000477,3509421.430901805,779164.3029696933,5250981.411318975
373392.7999999523,3509421.317186026,779164.3446644949,5250981.353175642
373392.90000009537,3509421.2952185255,779164.3537266931,5250981.287586383
373393.0,3509421.3305404633,779164.3919096325,5250981.3155451305
373393.09999990463,3509421.318223822,779164.3942097158,5250981.268105145
373393.2000000477,3509421.277381217,779164.308756657,5250981.195973442
373393.2999999523,3509421.225372516,779164.2389613214,5250981.014189011
373393.40000009537,3509421.328955843,779164.1958346124,5250980.982803924
373393.5,3509421.374879243,779164.1695895273,5250980.902128467
373393.59999990463,3509421.3705516974,779164.2299630118,5250981.019723052
373393.7000000477,3509421.3565942775,779164.249905983,5250981.014572827
373393.7999999523,3509421.37796668,779164.2885719455,5250980.955188445
373393.90000009537,3509421.3993077273,779164.3058292003,5250980.908311146
373394.0,3509421.3036162443,779164.2894399968,5250980.774177901
373394.09999990463,3509421.1982311304,779164.2771014116,5250980.741740028
373394.2000000477,3509421.2233285885,779164.342580039,5250980.845573899
373394.2999999523,3509421.2111361604,779164.4520333596,5250980.855937794
373394.40000009537,3509421.1622665795,779164.4814404456,5250980.858297717
373394.5,3509421.1905003465,779164.4784084267,5250980.893429295
373394.59999990463,3509421.118140888,779164.4744213199,5250980.810223101
373394.7000000477,3509421.045502697,779164.5991117714,5250980.869225837
373394.7999999523,3509421.0428562597,779164.6244843322,5250980.890912412
373394.90000009537,3509421.063607843,779164.5340961547,5250980.826325819
373395.0,3509420.95437437,779164.5468696114,5250980.791844649
373395.09999990463,3509420.899094536,779164.6263077505,5250980.856682505
373395.2000000477,3509420.8087948393,779164.646680789,5250980.809640008
373395.2999999523,3509420.6971213976,779164.6101654699,5250980.66067301
373395.40000009537,3509420.642468569,779164.6761223872,5250980.731527676
373395.5,3509420.5927178473,779164.6300712555,5250980.626480228
373395.59999990463,3509420.639604175,779164.626435106,5250980.587168585
373395.7000000477,3509420.692516956,779164.5933516413,5250980.544889125
373395.7999999523,3509420.7962623117,779164.5089363417,5250980.558641529
373395.90000009537,3509420.8459646204,779164.5611319455,5250980.565152427
373396.0,3509420.9267937304,779164.5675030691,5250980.575857267
373396.09999990463,3509421.0175774237,779164.5729120489,5250980.6936112335
373396.2000000477,3509420.9796765773,779164.5631989156,5250980.661502754
373396.2999999523,3509420.8815615615,779164.6108406192,5250980.792386905
373396.40000009537,3509420.895928217,779164.7180528252,5250981.028485006
373396.5,3509420.8326036423,779164.7030653629,5250980.899992653
373396.59999990463,3509420.734596788,779164.6930232323,5250980.877881338
373396.7000000477,3509420.7399869906,779164.6995040033,5250980.913949781
373396.7999999523,3509420.7511938703,779164.6538710395,5250980.818586562
373396.90000009537,3509420.7324770237,779164.663745454,5250980.7940028645
373397.0,3509420.718080798,779164.8026125338,5250980.8536198335
373397.09999990463,3509420.6448359145,779164.7786738211,5250980.818064701
373397.2000000477,3509420.540006804,779164.7604550585,5250980.638995789
373397.2999999523,3509420.5773262284,779164.786622138,5250980.639688375
373397.40000009537,3509420.553166525,779164.8135424095,5250980.679983413
373397.5,3509420.6530823098,779164.9120058414,5250980.948636641
373397.59999990463,3509420.628365093,779164.9419888675,5250980.958403914
373397.7000000477,3509420.6994383824,779164.8226752484,5250980.882541285
373397.7999999523,3509420.747923026,779164.8083202591,5250980.822656627
373397.90000009537,3509420.7735356605,779164.7699223422,5250980.712985614
373398.0,3509420.81418471,779164.7508281757,5250980.706622448
373398.09999990463,3509420.8289463855,779164.7930017987,5250980.706365914
373398.2000000477,3509420.867169277,779164.7336694974,5250980.742091681
373398.2999999523,3509420.884853873,779164.6566166158,5250980.6531514125
373398.40000009537,3509420.8844838873,779164.6752030082,5250980.65921347
373398.5,3509420.902423249,779164.6644669141,5250980.606192008
373398.59999990463,3509420.9602921894,779164.6511574592,5250980.676014673
373398.7000000477,3509420.8640267937,779164.645187496,5250980.550763592
373398.7999999523,3509420.776947971,779164.6397863497,5250980.493069969
373398.90000009537,3509420.779787553,779164.6753640259,5250980.579242196
373399.0,3509420.792754854,779164.7217657152,5250980.621577441
373399.09999990463,3509420.7930960692,779164.7270607728,5250980.61401776
373399.2000000477,3509420.685297456,779164.7287401964,5250980.557957068
373399.2999999523,3509420.7775342157,779164.7911932545,5250980.6925784405
373399.40000009537,3509420.8685300397,779164.8065752762,5250980.751429098
373399.5,3509420.8390448955,779164.8215596454,5250980.798271394
373399.59999990463,3509420.879283644,779164.7643732217,5250980.70214023
373399.7000000477,3509420.817893012,779164.7074164216,5250980.634956426
373399.7999999523,3509420.8317966824,779164.613673514,5250980.660411086
373399.90000009537,3509420.907318426,779164.572805077,5250980.647222219
373400.0,3509421.008208804,779164.6455404705,5250980.690481565
373400.09999990463,3509421.010009708,779164.5865294845,5250980.596465222
373400.2000000477,3509421.0821142094,779164.5964149404,5250980.746482307
373400.2999999523,3509421.0604125247,779164.6401008099,5250980.874916896
373400.40000009537,3509421.0908148168,779164.5707917425,5250980.836574866
373400.5,3509421.183255422,779164.5472748973,5250980.799881211
373400.59999990463,3509421.1957106916,779164.478335968,5250980.746393911
373400.7000000477,3509421.2311425763,779164.4509586806,5250980.770433255
373400.7999999523,3509421.2432556953,779164.4572703523,5250980.7987652365
373400.90000009537,3509421.2706673504,779164.4725764686,5250980.919168959
373401.0,3509421.316855801,779164.4838098012,5250980.988337757
373401.09999990463,3509421.3208921594,779164.4410612636,5250980.955682096
373401.2000000477,3509421.3231784953,779164.4805281732,5250980.975950519
373401.2999999523,3509421.4232411007,779164.505389139,5250981.046197618
373401.40000009537,3509421.404993586,779164.5170331657,5250980.884082826
373401.5,3509421.5216257363,779164.5551271588,5250980.989423293
373401.59999990463,3509421.6176085747,779164.540541452,5250981.0565497475
373401.7000000477,3509421.648130657,779164.5076566046,5250980.988740404
373401.7999999523,3509421.6835483257,779164.53799686,5250981.014430902
373401.90000009537,3509421.6421486083,779164.4483635764,5250981.053298183
373402.0,3509421.627681119,779164.3624802734,5250980.987741737
373402.09999990463,3509421.695142592,779164.3311579393,5250981.070353955
373402.2000000477,3509421.6585757476,779164.3082888519,5250981.005950874
373402.2999999523,3509421.6168486774,779164.308597758,5250980.9997413615
373402.40000009537,3509421.57423418,779164.2765210618,5250980.924157433
373402.5,3509421.686389443,779164.2509841928,5250981.136159475
373402.59999990463,3509421.7109060255,779164.2654248988,5250981.194183497
373402.7000000477,3509421.6792704733,779164.2275367737,5250981.009664965
373402.7999999523,3509421.7498816224,779164.2206550216,5250981.203992287
373402.90000009537,3509421.793677961,779164.2571436437,5250981.300448706
373403.0,3509421.880235171,779164.232769182,5250981.487378605
373403.09999990463,3509421.929803351,779164.1962067143,5250981.434096636
373403.2000000477,3509421.897245122,779164.1727089074,5250981.412581981
373403.2999999523,3509421.8884815574,779164.1805114892,5250981.429223503
373403.40000009537,3509421.886159608,779164.163699885,5250981.449606018
373403.5,3509421.8920665164,779164.1325892763,5250981.468948529
373403.59999990463,3509421.8056288217,779164.1249634207,5250981.388740563
373403.7000000477,3509421.782324549,779164.0820439429,5250981.418256235
373403.7999999523,3509421.7893804903,779164.1002302939,5250981.449116108
373403.90000009537,3509421.737854345,779164.059150148,5250981.431531033
373404.0,3509421.7142749256,779163.992520866,5250981.337220275
373404.09999990463,3509421.6559031433,779163.9856594935,5250981.3290586015
373404.2000000477,3509421.783241981,779164.0105054632,5250981.501299523
373404.2999999523,3509421.8286206494,779163.9415207735,5250981.514615197
373404.40000009537,3509421.785447784,779163.8858870812,5250981.466099037
373404.5,3509421.724301191,779163.8083998829,5250981.42138375
373404.59999990463,3509421.8872314985,779163.8480247828,5250981.568727043
373404.7000000477,3509421.9597509047,779163.8159323134,5250981.630345688
373404.7999999523,3509421.9705033205,779163.7155702065,5250981.641704322
373404.90000009537,3509421.990758358,779163.6823776866,5250981.573963413
373405.0,3509422.0257155453,779163.7081310041,5250981.709664448
373405.09999990463,3509422.04538547,779163.6949858678,5250981.757424134
373405.2000000477,3509422.0763691207,779163.7195548251,5250981.969982152
373405.2999999523,3509422.152172707,779163.641842178,5250981.950559029
373405.40000009537,3509422.1936156633,779163.5997862002,5250981.832589735
373405.5,3509422.2112659416,779163.6019094745,5250981.819768795
373405.59999990463,3509422.1545956875,779163.5371553466,5250981.728493225
373405.7000000477,3509422.205055664,779163.5275465943,5250981.728867855
373405.7999999523,3509422.1762412265,779163.4858180633,5250981.520927752
373405.90000009537,3509422.19178862,779163.4444277047,5250981.595398623
373406.0,3509422.1699395785,779163.365045353,5250981.552450478
373406.09999990463,3509422.229905507,779163.3773359912,5250981.443648825
373406.2000000477,3509422.29633551,779163.4120537365,5250981.5528897615
373406.2999999523,3509422.423058861,779163.4702033587,5250981.741468086
373406.40000009537,3509422.4302825513,779163.3907039536,5250981.660465587
373406.5,3509422.4682395766,779163.4093471738,5250981.8050394
373406.59999990463,3509422.471807627,779163.3696458437,5250981.879093454
373406.7000000477,3509422.5485711447,779163.3420031976,5250981.9560907865
373406.7999999523,3509422.592047589,779163.3381483853,5250981.775414601
373406.90000009537,3509422.6149720093,779163.3312489789,5250981.818226633
373407.0,3509422.6356860795,779163.2743844737,5250981.917811672
373407.09999990463,3509422.5738652716,779163.2549021669,5250981.901356031
373407.2000000477,3509422.6900496604,779163.2922035274,5250982.034953421
373407.2999999523,3509422.7240864397,779163.3438121058,5250982.074584567
373407.40000009537,3509422.8118713293,779163.3829457562,5250982.066291597
373407.5,3509422.8335560225,779163.432349461,5250981.940405129
373407.59999990463,3509422.9116650266,779163.460322298,5250981.969891323
373407.7000000477,3509422.8843855816,779163.4827623512,5250982.032554686
373407.7999999523,3509422.7623058716,779163.5138836169,5250981.914038216
373407.90000009537,3509422.6541170008,779163.4719047088,5250981.865904663
373408.0,3509422.5984746083,779163.4584683903,5250981.781141929
373408.09999990463,3509422.57748795,779163.4500981496,5250981.801518408
373408.2000000477,3509422.614301541,779163.4844297349,5250981.921749959
373408.2999999523,3509422.6797490185,779163.5602432522,5250982.025574483
373408.40000009537,3509422.6435791706,779163.4501683679,5250981.859352684
373408.5,3509422.56225525,779163.3417444202,5250981.670979374
373408.59999990463,3509422.592396595,779163.2752183934,5250981.647299727
373408.7000000477,3509422.6786424643,779163.2740668316,5250981.633621759
373408.7999999523,3509422.790957523,779163.2862477513,5250981.785634956
373408.90000009537,3509422.88612803,779163.2540704982,5250981.815384206
373409.0,3509422.9519330217,779163.2700965722,5250981.898077076
373409.09999990463,3509422.9321702225,779163.198796499,5250981.693809597
373409.2000000477,3509422.8694739155,779163.1128440454,5250981.492482402
373409.2999999523,3509422.8397939475,779163.140254185,5250981.378073612
373409.40000009537,3509422.9348189086,779163.1500993501,5250981.508289455
373409.5,3509422.9448550916,779163.1405085968,5250981.514249373
373409.59999990463,3509423.018599888,779163.1516963663,5250981.448827248
373409.7000000477,3509423.035854973,779163.0951771036,5250981.369242318
373409.7999999523,3509423.0171183595,779162.9770225345,5250981.288001819
373409.90000009537,3509423.0007064217,779163.0104981017,5250981.290467537
373410.0,3509423.1240216997,779163.1024452641,5250981.393291237
373410.09999990463,3509423.1094684936,779163.0712139915,5250981.334765986
373410.2000000477,3509423.0642988165,779162.9767032864,5250981.301126432
373410.2999999523,3509422.9896098273,779162.9332347848,5250981.025389466
373410.40000009537,3509423.0201575556,779162.8626133497,5250981.0545154745
373410.5,3509423.0262826476,779162.8635955565,5250981.063694811
373410.59999990463,3509422.9929529,779162.7810753911,5250980.975347443
373410.7000000477,3509423.0060331887,779162.8102167273,5250981.092743005
373410.7999999523,3509422.953664915,779162.8410405568,5250981.141872184
373410.90000009537,3509422.9556609015,779162.778857401,5250981.008269129
373411.0,3509422.958097062,779162.7658815008,5250981.011427528
373411.09999990463,3509422.94923521,779162.7767714987,5250980.967329654
373411.2000000477,3509422.976057094,779162.7144244063,5250981.079450658
373411.2999999523,3509422.879052002,779162.7034454888,5250980.931229496
373411.40000009537,3509422.964332781,779162.7782868448,5250981.028805094
373411.5,3509422.9652327565,779162.6539617472,5250980.929484586
373411.59999990463,3509423.0631050025,779162.6753980228,5250980.93705541
373411.7000000477,3509423.136965854,779162.6675821169,5250980.907725908
373411.7999999523,3509423.1828008136,779162.7101766453,5250980.91696257
373411.90000009537,3509423.117069659,779162.6143128665,5250980.787550068
373412.0,3509423.1086505684,779162.6294784093,5250980.668747636
373412.09999990463,3509423.132102825,779162.6303987481,5250980.628346062
373412.2000000477,3509423.159804945,779162.6808710715,5250980.546301973
373412.2999999523,3509423.0868299995,779162.5454557632,5250980.476678319
373412.40000009537,3509423.0344799473,779162.5239160777,5250980.459813513
373412.5,3509423.0563813336,779162.5481826757,5250980.581467235
373412.59999990463,3509423.1348971757,779162.5610735309,5250980.675819091
373412.7000000477,3509423.0407470367,779162.5094717967,5250980.428669228
373412.7999999523,3509422.926168623,779162.454499312,5250980.188954324
373412.90000009537,3509422.931218755,779162.4704297499,5250980.114023479
373413.0,3509422.957078699,779162.5182804348,5250980.090303377
373413.09999990463,3509422.8742548106,779162.478329314,5250979.939630218
373413.2000000477,3509422.7409301274,779162.4515486903,5250979.822969253
373413.2999999523,3509422.7116191206,779162.4381005554,5250979.644619285
373413.40000009537,3509422.668408602,779162.4326048491,5250979.530745703
373413.5,3509422.6079789153,779162.4189967313,5250979.521784766
373413.59999990463,3509422.5619812324,779162.4794416459,5250979.452455441
373413.7000000477,3509422.456835864,779162.4782672389,5250979.202142077
373413.7999999523,3509422.440159906,779162.5435014168,5250979.370029731
373413.90000009537,3509422.448355134,779162.6281012573,5250979.417035225
373414.0,3509422.4104493274,779162.6040163484,5250979.27834798
373414.09999990463,3509422.3866831446,779162.6214702579,5250979.179091162
373414.2000000477,3509422.5020783553,779162.6151315118,5250979.267946031
373414.2999999523,3509422.5284157717,779162.6491932066,5250979.404441806
373414.40000009537,3509422.461558337,779162.6621324806,5250979.432974977
373414.5,3509422.343816545,779162.6710339349,5250979.39704301
373414.59999990463,3509422.1622183146,779162.7602487755,5250979.239521535
373414.7000000477,3509422.104874497,779162.8161994407,5250979.279845565
373414.7999999523,3509422.11995154,779162.831531888,5250979.320970718
373414.90000009537,3509422.018159961,779162.7803088957,5250979.089563912
373415.0,3509422.085673091,779162.8786084639,5250978.955520402
373415.09999990463,3509422.079873544,779162.8024111184,5250978.696800804
373415.2000000477,3509422.005592073,779162.8466586384,5250978.639286052
373415.2999999523,3509421.9378719274,779162.8710279915,5250978.341922155
373415.40000009537,3509421.686130244,779163.1071698604,5250980.789904439
373415.5,3509422.0112560196,779163.0083981878,5250978.731056784
373415.59999990463,3509421.8369575334,779162.9449647834,5250978.791908791
373415.7000000477,3509421.8401745986,779162.8042430053,5250978.631716134
373415.7999999523,3509421.775855236,779162.7783999388,5250978.610069467
373415.90000009537,3509421.4962548683,779163.0543755991,5250979.984510832
373416.0,3509421.6462605116,779163.0368743052,5250980.229762737
373416.09999990463,3509419.213975689,779164.0901130909,5250985.318191106
373416.2000000477,3509421.131451936,779163.2054389063,5250981.093616924
373416.2999999523,3509421.051538625,779163.2614951389,5250981.271126233
373416.40000009537,3509421.0158191742,779163.2578814406,5250981.279281978
373416.5,3509420.988708464,779163.2663646535,5250981.335350753
373416.59999990463,3509421.0526821613,779163.2606424254,5250981.331719719
373416.7000000477,3509421.076153394,779163.2882000601,5250981.146838286
373416.7999999523,3509419.4077282716,779163.9144219675,5250984.670132879
373416.90000009537,3509419.317903505,779163.8753140853,5250984.664404687
373417.0,3509419.336643732,779163.8585917519,5250984.638274948
373417.09999990463,3509419.2936637183,779163.8936234866,5250984.833805971
373417.2000000477,3509419.245150303,779163.9437966307,5250984.972194678
373417.2999999523,3509419.282570489,779163.9971944025,5250985.014223417
373417.40000009537,3509419.2705675517,779163.9874704839,5250984.8431039555
373417.5,3509418.6391271395,779164.4504290981,5250985.236171215
373417.59999990463,3509418.592341879,779164.4531528254,5250985.195026785
373417.7000000477,3509418.766605072,779164.434440828,5250983.814384631
373417.7999999523,3509418.799225585,779164.3591962709,5250983.072322616
373417.90000009537,3509418.782228473,779164.3822988608,5250982.560662211
373418.0,3509420.310439361,779163.7665262662,5250981.350358007
373418.09999990463,3509420.2514127204,779163.8709203348,5250981.37198093
373418.2000000477,3509420.2237083754,779163.847853637,5250981.248944581
373418.2999999523,3509420.233988712,779163.8212993942,5250981.13930946
373418.40000009537,3509420.2136967266,779163.829845458,5250980.998122583
373418.5,3509420.3535400853,779163.8310306503,5250980.835860082
373418.59999990463,3509420.4505307525,779163.7895166756,5250980.728439192
373418.7000000477,3509420.4726528525,779163.8752685694,5250980.702504061
373418.7999999523,3509420.3782017804,779164.0165646031,5250980.609055336
373418.90000009537,3509420.3763224185,779164.020889067,5250980.408356394
373419.0,3509420.3570091245,779164.0385068528,5250980.355579034
373419.09999990463,3509420.25988741,779164.1471561635,5250980.328926899
373419.2000000477,3509420.1596889696,779164.1758613746,5250980.211432836
373419.2999999523,3509420.0960808843,779164.2404850015,5250980.141995069
373419.40000009537,3509420.036191488,779164.2859933517,5250980.092798006
373419.5,3509420.05792442,779164.3217081598,5250980.163627813
373419.59999990463,3509420.0555998883,779164.4127782761,5250980.12595857
373419.7000000477,3509420.0212312997,779164.3931291107,5250980.074599995
373419.7999999523,3509419.9001867273,779164.3686026806,5250979.900650752
373419.90000009537,3509419.8316225302,779164.3396402115,5250979.8662954625
373420.0,3509419.7421507644,779164.3439153972,5250979.73182167
373420.09999990463,3509419.7483786177,779164.404144229,5250979.628819371
373420.2000000477,3509419.834571799,779164.3966589703,5250979.538054143
373420.2999999523,3509419.821071156,779164.3940768804,5250979.557165539
373420.40000009537,3509419.7675061515,779164.3989559746,5250979.580214457
373420.5,3509419.9005386536,779164.3781608467,5250979.545773336
373420.59999990463,3509419.9203848494,779164.3466396875,5250979.493635933
373420.7000000477,3509419.9470286537,779164.3758567764,5250979.5743251415
373420.7999999523,3509420.0707543646,779164.4754824635,5250979.816053414
373420.90000009537,3509420.134910421,779164.4651154897,5250979.868756823
373421.0,3509420.240182943,779164.4921873291,5250979.944095584
373421.09999990463,3509420.2303166976,779164.5028697958,5250980.000208605
373421.2000000477,3509420.277899979,779164.5181115549,5250980.084154639
373421.2999999523,3509420.378113063,779164.5149128032,5250980.042074778
373421.40000009537,3509420.4002589914,779164.5335692384,5250980.078467655
373421.5,3509420.457579149,779164.559567388,5250980.163001395
373421.59999990463,3509420.4298748244,779164.5944525064,5250980.254650032
373421.7000000477,3509420.3622309105,779164.61313333,5250980.200325786
373421.7999999523,3509420.3397519058,779164.6349468478,5250980.16680246
373421.90000009537,3509420.3211013065,779164.6443874642,5250980.186310489
373422.0,3509420.449552048,779164.654532018,5250980.3371903915
373422.09999990463,3509420.49295871,779164.6769214909,5250980.390411568
373422.2000000477,3509420.4182077576,779164.6369278232,5250980.312480552
373422.2999999523,3509420.291946344,779164.6257047822,5250980.155993286
373422.40000009537,3509420.3526400104,779164.6742329103,5250980.3280764725
373422.5,3509420.426888319,779164.6571004107,5250980.440311271
373422.59999990463,3509420.5105142775,779164.5503072009,5250980.465912462
373422.7000000477,3509420.611792215,779164.5195659942,5250980.501495212
373422.7999999523,3509420.37464243,779164.5092874963,5250981.2743700715
373422.90000009537,3509420.4715590696,779164.5117601898,5250981.256982541
373423.0,3509420.542309515,779164.4603670371,5250981.262827551
373423.09999990463,3509420.6213902645,779164.4888435173,5250981.236821409
373423.2000000477,3509420.6446751542,779164.5069240383,5250981.315611674
373423.2999999523,3509420.6776780435,779164.5472810294,5250981.47456168
373423.40000009537,3509420.6783825536,779164.5133319186,5250981.3905272
373423.5,3509420.712052038,779164.565403615,5250981.531615314
373423.59999990463,3509420.7440113183,779164.559339342,5250981.467768899
373423.7000000477,3509420.8149861135,779164.583756373,5250981.6190475905
373423.7999999523,3509420.8353382177,779164.6022178901,5250981.733567485
373423.90000009537,3509420.892777439,779164.584253992,5250981.783535702
373424.0,3509420.9804433826,779164.5795996474,5250981.877637373
373424.09999990463,3509421.067444309,779164.5634233516,5250981.944362383
373424.2000000477,3509421.020732823,779164.5609176836,5250981.874606621
373424.2999999523,3509421.0545089548,779164.5621772282,5250981.868806184
373424.40000009537,3509421.1051112083,779164.593846202,5250981.843968529
373424.5,3509421.191578372,779164.5736453711,5250981.931302463
373424.59999990463,3509421.2144867014,779164.680583821,5250981.931048544
373424.7000000477,3509421.2799932826,779164.7193025904,5250982.059520748
373424.7999999523,3509421.4092061077,779164.7591702386,5250982.11398706
373424.90000009537,3509421.46863235,779164.7746192676,5250982.153668071
373425.0,3509421.469697687,779164.7739920283,5250982.198611996
373425.09999990463,3509421.5384902055,779164.6983514588,5250982.194542313
373425.2000000477,3509421.6206499967,779164.7212061536,5250982.206050068
373425.2999999523,3509421.6756344317,779164.7260530831,5250982.268278498
373425.40000009537,3509421.7923816554,779164.7204924056,5250982.428986159
373425.5,3509421.779697318,779164.701066132,5250982.397563011
373425.59999990463,3509421.8054796704,779164.7334923728,5250982.498150546
373425.7000000477,3509421.773345813,779164.8004478526,5250982.469424781
373425.7999999523,3509421.6983219716,779164.7662556131,5250982.437093906
373425.90000009537,3509421.686043705,779164.6843114072,5250982.4592999015
373426.0,3509421.7093841457,779164.7189194163,5250982.527204252
373426.09999990463,3509421.7517113984,779164.7524186962,5250982.639104317
373426.2000000477,3509421.774898612,779164.7262408356,5250982.674502581
373426.2999999523,3509421.7806118573,779164.6340191673,5250982.711347759
373426.40000009537,3509421.881099512,779164.6248336928,5250982.778210442
373426.5,3509421.8165824623,779164.6172171776,5250982.762022952
373426.59999990463,3509421.8626150945,779164.6187351183,5250982.7216018485
373426.7000000477,3509421.885721171,779164.5528149769,5250982.727614822
373426.7999999523,3509421.757590457,779164.5927132452,5250982.659096722
373426.90000009537,3509422.216462419,779164.2119282695,5250982.587100653
373427.0,3509421.574416047,779164.6385964036,5250982.655232808
373427.09999990463,3509421.5814077132,779164.515000974,5250982.505108797
373427.2000000477,3509421.5977792125,779164.5034559193,5250982.399661078
373427.2999999523,3509421.568895469,779164.4986507236,5250982.337243931
373427.40000009537,3509421.5641251383,779164.5183419522,5250982.274300694
373427.5,3509421.513183296,779164.5446584215,5250982.222496674
373427.59999990463,3509421.2918636776,779164.4934868288,5250982.131144663
373427.7000000477,3509421.127464526,779164.4652410006,5250982.042351063
373427.7999999523,3509420.9366699,779164.422532549,5250982.001004644
373427.90000009537,3509420.914144154,779164.3687870355,5250981.962699711
373428.0,3509420.7859013937,779164.3332749682,5250981.90435696
373428.09999990463,3509420.423305688,779164.3935724754,5250981.904448144
373428.2000000477,3509419.552731636,779164.5908897106,5250981.911776478
373428.2999999523,3509419.5721447114,779164.5158868846,5250981.876063842
373428.40000009537,3509420.1111528073,779164.1075835011,5250981.781212214
373428.5,3509419.5218224255,779164.3905193579,5250981.805667491
373428.59999990463,3509419.4668622864,779164.4000047636,5250981.7882012
373428.7000000477,3509419.4068911187,779164.441688327,5250981.821941989
373428.7999999523,3509419.4644859033,779164.3962932429,5250981.819762898
373428.90000009537,3509419.241776029,779164.4596701397,5250981.7925646985
373429.0,3509419.1901745535,779164.4479808743,5250981.7956300145
373429.09999990463,3509419.3827348254,779164.6215872406,5250981.830854873
373429.2000000477,3509419.372721035,779164.6139694126,5250981.778648518
373429.2999999523,3509419.39102888,779164.5260931195,5250981.730578208
373429.40000009537,3509419.329578083,779164.5407493318,5250981.75966042
373429.5,3509419.2125838213,779164.6366333419,5250981.718311818
373429.59999990463,3509419.187899775,779164.6072847137,5250981.742341819
373429.7000000477,3509419.044035194,779164.5355879652,5250981.631126072
373429.7999999523,3509419.0645997142,779164.5516618851,5250981.687259995
373429.90000009537,3509418.9986399463,779164.5081578679,5250981.612990943
373430.0,3509418.928070386,779164.5024156797,5250981.677125008
373430.09999990463,3509418.797723278,779164.5037714407,5250981.611673428
373430.2000000477,3509418.701104595,779164.4309651278,5250981.501763443
373430.2999999523,3509418.770169724,779164.3435600143,5250981.432806856
373430.40000009537,3509418.8012391287,779164.2318700058,5250981.378175596
373430.5,3509418.7918504733,779164.1723721273,5250981.28995089
373430.59999990463,3509418.8656112524,779164.1568469041,5250981.111395893
373430.7000000477,3509418.865420808,779164.1719406007,5250981.089547729
373430.7999999523,3509418.820115441,779164.2090688043,5250981.133691826
373430.90000009537,3509418.803959549,779164.2492952332,5250981.202926437
373431.0,3509418.7495368817,779164.1712485369,5250981.137217946
373431.09999990463,3509418.7946005072,779164.2322605792,5250981.119662539
373431.2000000477,3509418.782481904,779164.1322477371,5250980.968208902
373431.2999999523,3509418.8339113924,779164.0708788775,5250980.825849267
373431.40000009537,3509418.757983674,779164.0191555733,5250980.689086139
373431.5,3509418.8070369884,779163.9725905106,5250980.636276872
373431.59999990463,3509418.905547432,779163.980971996,5250980.69838812
373431.7000000477,3509418.9376685517,779163.9402003235,5250980.749359147
373431.7999999523,3509418.897572705,779164.0187121397,5250980.851819574
373431.90000009537,3509418.817662704,779164.0285631472,5250980.892257859
373432.0,3509416.6874591764,779164.5779727736,5250981.088836677
373432.09999990463,3509416.7491998286,779164.5224824599,5250981.013557592
373432.2000000477,3509418.907821466,779163.8652349376,5250980.769233286
373432.2999999523,3509418.9070877037,779163.8667674826,5250980.844466297
373432.40000009537,3509418.9762555556,779163.8710263189,5250980.942307292
373432.5,3509418.933686517,779163.8469916871,5250980.897126276
373432.59999990463,3509418.9839345412,779163.8590349563,5250980.852523715
373432.7000000477,3509416.5550783263,779164.6449729174,5250981.13569055
373432.7999999523,3509419.2333377027,779163.8868655538,5250980.913681255
373432.90000009537,3509416.5988642974,779164.7061233011,5250981.109035615
373433.0,3509416.69570121,779164.755816626,5250981.104843425
373433.09999990463,3509416.7650323985,779164.82174111,5250981.192283204
373433.2000000477,3509416.7856663265,779164.8627054704,5250981.259298146
373433.2999999523,3509416.5377574344,779164.8150941631,5250981.097905494
373433.40000009537,3509416.565728175,779164.8409856661,5250981.027030073
373433.5,3509416.535911721,779164.8555034898,5250980.969053643
373433.59999990463,3509416.619442388,779164.8426793395,5250980.978457174
373433.7000000477,3509416.6308628484,779164.8002530955,5250980.785071551
373433.7999999523,3509416.7576902215,779164.7581931764,5250980.800394506
373433.90000009537,3509417.0160963116,779164.5750328971,5250980.680211207
373434.0,3509417.056887018,779164.6044862027,5250980.724259345
373434.09999990463,3509417.169850458,779164.5214907534,5250980.581507755
373434.2000000477,3509417.437760017,779164.3869836606,5250980.454445792
373434.2999999523,3509417.710679011,779164.3140367735,5250980.462467096
373434.40000009537,3509417.7449169555,779164.3142473534,5250980.431155475
373434.5,3509417.7166526755,779164.3301581907,5250980.412889427
373434.59999990463,3509417.625640572,779164.3710797051,5250980.415033817
373434.7000000477,3509417.607677024,779164.3100528786,5250980.374090157
373434.7999999523,3509417.557624725,779164.2969098112,5250980.336350174
373434.90000009537,3509417.5614898307,779164.3406620788,5250980.339013859
373435.0,3509417.7227781257,779164.2916723362,5250980.321546563
373435.09999990463,3509417.9307429832,779164.2622009574,5250980.369359624
373435.2000000477,3509418.0669683735,779164.2555597414,5250980.388231652
373435.2999999523,3509418.088346063,779164.1823738421,5250980.183858551
373435.40000009537,3509418.1310767327,779164.152578304,5250980.1729231505
373435.5,3509418.3795938627,779164.1341486765,5250980.214890613
373435.59999990463,3509418.4344455893,779164.0893064985,5250980.149618538
373435.7000000477,3509418.3161019986,779164.0884373831,5250980.0065218145
373435.7999999523,3509418.4033142547,779164.1117951472,5250979.971928716
373435.90000009537,3509418.5010394603,779164.1077068478,5250979.922537119
373436.0,3509419.7641037665,779163.7015574021,5250979.792667565
373436.09999990463,3509419.7888416126,779163.6823405188,5250979.727854452
373436.2000000477,3509419.788438991,779163.6395446076,5250979.735350062
373436.2999999523,3509419.8158397907,779163.6571951264,5250979.787406681
373436.40000009537,3509419.7931033596,779163.6418229945,5250979.740614306
373436.5,3509419.7958534844,779163.6604458864,5250979.70945384
373436.59999990463,3509419.897629415,779163.5833654577,5250979.758044214
373436.7000000477,3509420.018237839,779163.6004706048,5250979.905896562
373436.7999999523,3509420.112472328,779163.543160122,5250979.867053647
373436.90000009537,3509420.118314445,779163.5486173178,5250979.9463996375
373437.0,3509420.197820817,779163.5584137193,5250980.054723394
373437.09999990463,3509420.251456616,779163.5598554631,5250980.052148816
373437.2000000477,3509420.312894258,779163.6686539453,5250980.237520595
373437.2999999523,3509420.3248580806,779163.8014091135,5250980.334583016
373437.40000009537,3509420.236817172,779163.8221727794,5250980.246561192
373437.5,3509420.2314230474,779163.8867019286,5250980.381542166
373437.59999990463,3509420.1092910245,779163.8901893155,5250980.376279451
373437.7000000477,3509419.9660049314,779163.8230090647,5250980.169003353
373437.7999999523,3509419.9609427745,779163.9017828943,5250980.323710741
373437.90000009537,3509419.9371666852,779163.8840670654,5250980.369735324
373438.0,3509419.8949609045,779163.9343743962,5250980.402455255
373438.09999990463,3509419.982225846,779163.98388977,5250980.572791451
373438.2000000477,3509419.9427155047,779164.0110467381,5250980.596747656
373438.2999999523,3509419.931237457,779163.9529623756,5250980.592268273
373438.40000009537,3509419.9569575638,779164.0487601752,5250980.740291785
373438.5,3509419.932508828,779164.0217857577,5250980.714364303
373438.59999990463,3509419.9622625993,779164.1429132003,5250980.896017455
373438.7000000477,3509420.0153359915,779164.1523214624,5250980.92289034
373438.7999999523,3509419.9780414547,779164.1301352183,5250980.865966662
373438.90000009537,3509420.007776275,779164.082936403,5250980.790106385
373439.0,3509419.9899632717,779164.0370960543,5250980.792626498
373439.09999990463,3509419.985281726,779164.0378701859,5250980.852329175
373439.2000000477,3509420.1213596407,779164.1606647127,5250981.081490907
373439.2999999523,3509420.128541206,779164.1350556352,5250981.034900489
373439.40000009537,3509420.2889935398,779164.2242586635,5250981.229932775
373439.5,3509420.394962289,779164.1501908306,5250981.189389236
373439.59999990463,3509420.4374179924,779164.2092396737,5250981.267582706
373439.7000000477,3509420.4282434243,779164.2158459815,5250981.346782152
373439.7999999523,3509420.4809313375,779164.2586482507,5250981.465304357
373439.90000009537,3509420.457602153,779164.2579897749,5250981.438143076
373440.0,3509420.469846306,779164.289849154,5250981.476121528
373440.09999990463,3509420.4077736,779164.3251218075,5250981.467651313
373440.2000000477,3509420.338947226,779164.3650910154,5250981.513335817
373440.2999999523,3509420.2987133088,779164.3165884999,5250981.46662872
373440.40000009537,3509420.247364243,779164.3358863343,5250981.533154105
373440.5,3509420.23030585,779164.4417942825,5250981.56289242
373440.59999990463,3509420.237350176,779164.5370925074,5250981.640387747
373440.7000000477,3509420.2272761078,779164.5408168697,5250981.641743711
373440.7999999523,3509419.9928339613,779164.4803378244,5250981.452666595
373440.90000009537,3509419.7814925066,779164.4290791944,5250981.286575526
373441.0,3509419.8149836636,779164.4862229626,5250981.384332314
373441.09999990463,3509419.6570662167,779164.6041822453,5250981.412139235
373441.2000000477,3509419.491056225,779164.6156113767,5250981.336685632
373441.2999999523,3509419.486285897,779164.654913041,5250981.3849300975
373441.40000009537,3509419.4654093166,779164.6532928039,5250981.375460898
373441.5,3509419.523151487,779164.7542287402,5250981.4913779665
373441.59999990463,3509420.640850172,779164.1638261256,5250981.426694956
373441.7000000477,3509420.5758201284,779164.2151467198,5250981.484790458
373441.7999999523,3509419.5655109663,779164.7516527745,5250981.572504048
373441.90000009537,3509419.538109524,779164.7557260295,5250981.617119923
373442.0,3509420.540441881,779164.0734660329,5250981.449109646
373442.09999990463,3509419.197393214,779164.7684720248,5250981.482143815
373442.2000000477,3509419.11378358,779164.803683483,5250981.584790916
373442.2999999523,3509419.108582928,779164.8392700544,5250981.564466572
373442.40000009537,3509419.1028203857,779164.8910887798,5250981.5863652695
373442.5,3509418.998852992,779164.9341594541,5250981.623135691
373442.59999990463,3509418.890126593,779164.9879122279,5250981.618179587
373442.7000000477,3509418.76860189,779164.9861707885,5250981.534349154
373442.7999999523,3509418.838889017,779165.0328358851,5250981.613418176
373442.90000009537,3509419.1924782465,779165.268136876,5250982.2027117815
373443.0,3509419.134558786,779165.2347334595,5250982.167272515
373443.09999990463,3509419.080207199,779165.1509547689,5250981.950942339
373443.2000000477,3509419.208955859,779165.0919370637,5250981.963868352
373443.2999999523,3509419.3364332723,779165.1443404005,5250982.024227745
373443.40000009537,3509419.2972094724,779165.2317528938,5250982.154822881
373443.5,3509419.3891035835,779165.2625104584,5250982.121211178
373443.59999990463,3509419.367336724,779165.2093016971,5250982.033267111
373443.7000000477,3509419.3438751707,779165.0780526805,5250981.990584776
373443.7999999523,3509419.4403183716,779165.0954379996,5250981.992931221
373443.90000009537,3509419.307190242,779165.0613305825,5250981.750138722
373444.0,3509419.24138231,779165.053872233,5250981.673228086
373444.09999990463,3509419.3426259626,779165.0218630534,5250981.56370187
373444.2000000477,3509419.3685824475,779165.1493653072,5250981.733687971
373444.2999999523,3509419.23050075,779165.1792202139,5250981.752507949
373444.40000009537,3509419.22370428,779165.1643751843,5250981.821483427
373444.5,3509419.186793192,779165.2341903488,5250981.928489586
373444.59999990463,3509419.094817599,779165.2212556441,5250981.737838529
373444.7000000477,3509419.096480911,779165.1946947172,5250981.712244139
373444.7999999523,3509418.8988869125,779165.1775752215,5250981.643107471
373444.90000009537,3509418.952528747,779165.3312577818,5250981.831955973
373445.0,3509418.9449508893,779165.4342994918,5250981.85287467
373445.09999990463,3509418.9198571346,779165.3502329809,5250981.736608066
373445.2000000477,3509418.7720646337,779165.3560021358,5250981.7382837115
373445.2999999523,3509418.731228619,779165.2960898052,5250981.564800324
373445.40000009537,3509418.8056146977,779165.3396538274,5250981.56896653
373445.5,3509418.6934449603,779165.3206457247,5250981.450699514
373445.59999990463,3509418.6188425426,779165.253919613,5250981.333007943
373445.7000000477,3509418.836850051,779165.2912474422,5250981.440468082
373445.7999999523,3509418.9902609796,779165.1719229937,5250981.417514833
373445.90000009537,3509418.964702774,779165.1557039073,5250981.422777099
373446.0,3509418.854095324,779165.1504658357,5250981.618757649
373446.09999990463,3509428.910722913,779162.1544591789,5250980.622410977
373446.2000000477,3509428.8904857025,779162.1839527624,5250980.769859449
373446.2999999523,3509428.864940786,779162.1990055678,5250980.777416183
373446.40000009537,3509429.046108466,779162.2110709144,5250980.922351809
373446.5,3509429.080555396,779162.2652190459,5250981.04814472
373446.59999990463,3509429.154855875,779162.3176560876,5250981.197050874
373446.7000000477,3509429.3156636767,779162.2627916704,5250981.257398917
373446.7999999523,3509429.333109082,779162.2243046727,5250981.164377462
373446.90000009537,3509429.3666799,779162.1874674304,5250981.06175958
373447.0,3509429.445614057,779162.2311439883,5250981.16819745
373447.09999990463,3509418.816027942,779165.241667903,5250981.9911347525
373447.2000000477,3509418.70781334,779165.2639207509,5250981.810682547
373447.2999999523,3509418.6023558495,779165.1517740889,5250981.7393046105
373447.40000009537,3509418.580696458,779165.0645989021,5250981.692840687
373447.5,3509418.596601778,779164.989743909,5250981.7289264165
373447.59999990463,3509418.470139877,779164.9221384123,5250981.510428403
373447.7000000477,3509418.3496313645,779164.8848762279,5250981.427152749
373447.7999999523,3509418.311330684,779164.9582713477,5250981.374766789
373447.90000009537,3509418.182165902,779164.9836736015,5250981.4564531315
373448.0,3509418.21841056,779165.058674499,5250981.574148133
373448.09999990463,3509418.2244771114,779165.0384569195,5250981.644171985
373448.2000000477,3509419.2902757796,779166.1817792212,5250983.804356998
373448.2999999523,3509418.2688300363,779165.1669862126,5250981.702048318
373448.40000009537,3509418.264142377,779165.293302052,5250981.797834399
373448.5,3509418.1085709278,779165.336311541,5250981.7463009525
373448.59999990463,3509418.0133250565,779165.3631888902,5250981.811919695
373448.7000000477,3509418.0101247476,779165.3932048747,5250981.803976679
373448.7999999523,3509418.0294502685,779165.4266963913,5250981.875780227
373448.90000009537,3509418.0685164975,779165.4096746091,5250981.913694193
373449.0,3509418.1106880023,779165.3806293926,5250981.838862001
373449.09999990463,3509417.969995284,779165.4359755423,5250981.81626938
373449.2000000477,3509417.9357416076,779165.4654192257,5250981.795261962
373449.2999999523,3509417.948882045,779165.4717956576,5250981.791490215
373449.40000009537,3509417.9279356385,779165.4710415222,5250981.734920234
373449.5,3509417.8661746075,779165.3851257504,5250981.665564372
373449.59999990463,3509417.9545915155,779165.3725034213,5250981.741601013
373449.7000000477,3509418.098352941,779165.363010408,5250981.730175687
373449.7999999523,3509418.1278498014,779165.3820639054,5250981.751017552
373449.90000009537,3509417.9467537845,779165.3744700889,5250981.705052586
373450.0,3509418.0302826613,779165.3287950864,5250981.747089286
373450.09999990463,3509418.179024599,779165.197323823,5250981.768952698
373450.2000000477,3509418.186885058,779165.1803411958,5250981.691878686
373450.2999999523,3509418.146490819,779165.1376413446,5250981.680612047
373450.40000009537,3509418.1979449205,779165.0626067949,5250981.720035406
373450.5,3509418.237506033,779165.0798009253,5250981.690612277
373450.59999990463,3509418.222116477,779165.0812975616,5250981.621161852
373450.7000000477,3509418.134178264,779165.0297240537,5250981.498448225
373450.7999999523,3509418.081858236,779164.9628720775,5250981.430811975
373450.90000009537,3509418.10164657,779164.8578892032,5250981.429725697
373451.0,3509418.1470407946,779164.7313569834,5250981.3110129
373451.09999990463,3509418.1368272924,779164.6882211047,5250981.261565295
373451.2000000477,3509418.178194415,779164.6107931611,5250981.254626707
373451.2999999523,3509418.2786847954,779164.5841759059,5250981.252405329
373451.40000009537,3509418.295459359,779164.6246571926,5250981.207703531
373451.5,3509418.2006970537,779164.5958334487,5250981.085368194
373451.59999990463,3509418.318488557,779164.6245262708,5250981.168235668
373451.7000000477,3509418.351704567,779164.5807065546,5250981.279831539
373451.7999999523,3509418.464752655,779164.5395113585,5250981.376891297
373451.90000009537,3509418.435111273,779164.5947337666,5250981.496337269
373452.0,3509418.3315649116,779164.699494028,5250981.525129766
373452.09999990463,3509418.2984178127,779164.6402257115,5250981.412703861
373452.2000000477,3509418.286395661,779164.6174998987,5250981.292029731
373452.2999999523,3509418.282686479,779164.6387876214,5250981.277944669
373452.40000009537,3509418.1863180213,779164.6025713831,5250981.195749852
373452.5,3509418.2750449385,779164.5771708512,5250981.254854617
373452.59999990463,3509418.2448768113,779164.4798485629,5250981.205775769
373452.7000000477,3509418.2244446916,779164.3863632549,5250981.078146184
373452.7999999523,3509418.2493891804,779164.3587797023,5250981.08842814
373452.90000009537,3509418.412274275,779164.3299978786,5250981.106678138
373453.0,3509418.5070879483,779164.2697495862,5250981.049698034
373453.09999990463,3509418.5821460276,779164.2373283617,5250980.968057124
373453.2000000477,3509418.5911673796,779164.2477757637,5250980.888687273
373453.2999999523,3509418.5903903237,779164.2203069966,5250980.847717153
373453.40000009537,3509418.6800016533,779164.1912630553,5250980.893107445
373453.5,3509418.865287731,779164.1626144451,5250980.9914573515
373453.59999990463,3509418.80829196,779164.2100522637,5250981.051465364
373453.7000000477,3509418.822279322,779164.2681433187,5250981.114457582
373453.7999999523,3509419.0572777227,779164.1742568873,5250981.244496471
373453.90000009537,3509419.2622213634,779164.1204530533,5250981.31257802
373454.0,3509419.286290972,779164.1962578065,5250981.408287622
373454.09999990463,3509419.313228664,779164.2548215833,5250981.556157724
373454.2000000477,3509419.446385035,779164.2770878507,5250981.645984662
373454.2999999523,3509419.526778891,779164.3126643635,5250981.7363580605
373454.40000009537,3509419.540030656,779164.3071212079,5250981.765068456
373454.5,3509419.578403769,779164.3197097235,5250981.856544394
373454.59999990463,3509419.612326354,779164.3386743643,5250981.838563094
373454.7000000477,3509419.5243278625,779164.4035944724,5250981.8527427325
373454.7999999523,3509419.591475753,779164.4309149499,5250981.896547342
373454.90000009537,3509419.6536840773,779164.5187325717,5250981.963292757
373455.0,3509419.7238661563,779164.5270776778,5250982.0073834555
373455.09999990463,3509419.890136913,779164.4433346278,5250982.028326525
373455.2000000477,3509420.115142097,779164.3715518585,5250982.074691971
373455.2999999523,3509420.1773008853,779164.3700014038,5250982.090003198
373455.40000009537,3509420.2362798923,779164.3702539394,5250982.204586498
373455.5,3509420.231513422,779164.4512451168,5250982.3021767065
373455.59999990463,3509420.3134075147,779164.4835571388,5250982.310825248
373455.7000000477,3509420.4467655774,779164.5555776133,5250982.418731987
373455.7999999523,3509420.6121478444,779164.5633702754,5250982.465880105
373455.90000009537,3509420.3262330317,779164.6359437492,5250982.340413939
373456.0,3509420.154313198,779164.6874305867,5250982.333728329
373456.09999990463,3509420.063300457,779164.7705606482,5250982.380216828
373456.2000000477,3509420.0956973205,779164.7857847387,5250982.41603619
373456.2999999523,3509420.173550888,779164.8602632568,5250982.4979295535
373456.40000009537,3509420.088644072,779164.9666536594,5250982.596525143
373456.5,3509421.0120968255,779164.440763251,5250982.595012104
373456.59999990463,3509420.9926812854,779164.4391466826,5250982.557825138
373456.7000000477,3509421.0219186866,779164.483089778,5250982.608637513
373456.7999999523,3509421.108510938,779164.4820061092,5250982.6696062675
373456.90000009537,3509421.119943835,779164.5190331566,5250982.63181535
373457.0,3509421.092390387,779164.5546433112,5250982.631363945
373457.09999990463,3509421.063704512,779164.5735776883,5250982.598478664
373457.2000000477,3509421.1032849955,779164.5112293577,5250982.588100752
373457.2999999523,3509421.1160255354,779164.4269470122,5250982.642205647
373457.40000009537,3509421.0000201026,779164.4315118139,5250982.578143043
373457.5,3509420.85322477,779164.3949972067,5250982.494854822
373457.59999990463,3509420.8995257495,779164.4770848332,5250982.564487863
373457.7000000477,3509420.923947378,779164.4095399207,5250982.508356863
373457.7999999523,3509420.8561699986,779164.4269697412,5250982.548316777
373457.90000009537,3509420.8639159775,779164.457480279,5250982.599887529
373458.0,3509420.8492716043,779164.4816701219,5250982.610642701
