GPSTime,X,Y,Z,VX,VY,VZ
373398.0,3509420.8141847095,779164.7508281772,5250980.706622453,-0.036337437579721195,-0.006811837764175266,-0.017158977205033565
373398.09999990463,3509420.828946386,779164.7930018004,5250980.706365915,-0.012138261491838673,0.024644466689984768,-0.007183685812975682
373398.2000000477,3509420.867169277,779164.7336694966,5250980.742091681,0.0012594252248559507,0.010577217025165453,-0.05615012936151231
373398.2999999523,3509420.8848538743,779164.6566166148,5250980.6531514125,0.04008124851817186,0.017303058426577422,0.03145065759123433
373398.40000009537,3509420.884483888,779164.6752030083,5250980.659213471,0.0752036031218865,0.01901163979870546,0.07061613230035135
373398.5,3509420.9024232496,779164.6644669133,5250980.60619201,0.023251841186093684,-0.023226540936278184,-0.01468907486468396
373398.59999990463,3509420.9602921926,779164.65115746,5250980.676014678,-0.03430176705405748,-0.060106631437285785,-0.0873774566523462
373398.7000000477,3509420.864026792,779164.6451874934,5250980.550763585,-0.025567949836621987,-0.055608160947329566,-0.1136671564305427
373398.7999999523,3509420.7769479714,779164.6397863491,5250980.493069969,0.03332658556785461,0.006525385869707634,-0.015135615288594195
373398.90000009537,3509420.779787553,779164.6753640249,5250980.579242195,0.04860672908916634,0.05176559230125122,0.06129021921621103
373399.0,3509420.7927548536,779164.7217657149,5250980.621577438,-0.008100812257136391,0.016313663404417866,0.012625469348320095
373399.09999990463,3509420.79309607,779164.727060772,5250980.614017762,-0.02954254400356839,-0.00555067302813228,-0.019814787811402113
373399.2000000477,3509420.685297455,779164.7287401952,5250980.557957063,0.009728906105765522,0.0009552625190423214,0.0009722052777512147
373399.2999999523,3509420.777534212,779164.7911932546,5250980.692578439,0.005112539493327484,-0.01662223843705135,-0.009430502015034037
373399.40000009537,3509420.86853004,779164.8065752771,5250980.7514291005,-0.012551662737719523,-0.020364307591918873,0.005107591911160725
373399.5,3509420.8390448964,779164.8215596438,5250980.798271393,-0.010945419144978156,-0.02061963663378208,-0.028428583409819908
373399.59999990463,3509420.879283645,779164.7643732226,5250980.702140234,-0.017735441237052695,-0.005955044435296486,-0.05226538169555006
373399.7000000477,3509420.8178930106,779164.7074164209,5250980.634956429,-0.010993341313069187,0.030124848626179812,0.00760789059978606
373399.7999999523,3509420.831796684,779164.6136735142,5250980.660411085,0.008373303741477958,0.0391632934260997,0.061999108757288646
373399.90000009537,3509420.907318425,779164.5728050763,5250980.647222215,0.0009650994332208309,-0.02659216591152358,-0.0014934234162229387
373400.0,3509421.0082088048,779164.6455404693,5250980.690481565,0.013480773298800042,-0.04536941788278881,-0.04094569807078585
373400.09999990463,3509421.0100097065,779164.5865294831,5250980.596465225,0.013637095082467377,-0.007383349502504188,-0.0053995315909940444
373400.2000000477,3509421.082114208,779164.5964149394,5250980.746482302,-0.030820826171341454,0.0005521779277657402,-0.04966595397790741
373400.2999999523,3509421.060412523,779164.6401008111,5250980.874916896,-0.020247435214439582,0.010032671871051946,-0.02582726073542041
373400.40000009537,3509421.09081482,779164.5707917442,5250980.836574872,-0.0065149812206969976,-0.007692752393616331,0.006535581969504989
373400.5,3509421.1832554233,779164.5472748941,5250980.799881211,-0.012222539843018555,0.016042664248779204,0.022711153085049673
373400.59999990463,3509421.1957106907,779164.4783359682,5250980.746393909,-0.005460320404977742,0.031417427154082134,0.03424808871404039
373400.7000000477,3509421.231142578,779164.450958678,5250980.7704332555,0.0034927847803776363,-0.012474378334879077,-0.010380394750413302
373400.7999999523,3509421.243255693,779164.4572703522,5250980.798765232,-0.018488892736579995,0.0006512024809026684,-0.014569808503981818
373400.90000009537,3509421.2706673485,779164.4725764684,5250980.919168953,-0.03215146711775372,0.0012711716066888812,-0.012352534040729779
373401.0,3509421.316855801,779164.4838098004,5250980.988337759,0.0003601912915172301,-0.017337318247186317,-0.0370902023381845
373401.09999990463,3509421.320892161,779164.4410612627,5250980.955682099,0.030979328430166157,-0.01411855111230409,-0.03212076979681733
373401.2000000477,3509421.3231784906,779164.4805281732,5250980.975950519,0.017889112327840507,0.0018119382895989133,0.026181151447799422
373401.2999999523,3509421.423241104,779164.505389138,5250981.046197618,-0.034625705773201454,0.02262656096003468,0.01581447117908752
373401.40000009537,3509421.404993585,779164.5170331673,5250980.884082827,-0.051834354630343915,-0.01379841085900324,-0.07215548073056688
373401.5,3509421.521625737,779164.5551271619,5250980.9894232955,0.00658783070251877,-0.024880276856883654,-0.006681777702537417
373401.59999990463,3509421.6176085756,779164.5405414536,5250981.056549749,0.030194541889190355,0.00899057297843342,0.07654958985393101
373401.7000000477,3509421.648130656,779164.5076566031,5250980.988740401,-0.005339227378581023,0.013855259586236457,0.030290694505405114
373401.7999999523,3509421.6835483243,779164.5379968612,5250981.0144309,-0.034096564451923286,-0.00505269946432918,-0.02002284602325055
373401.90000009537,3509421.6421486093,779164.4483635775,5250981.053298185,-0.024582149314947243,0.0020834486164247323,-0.02382624448260451
373402.0,3509421.627681121,779164.362480274,5250980.987741739,0.02868897861548625,-0.004268946354351044,-0.03260702677915006
373402.09999990463,3509421.695142591,779164.3311579402,5250981.070353953,0.0641749340014488,-0.026532605743724957,-0.038767149589299166
373402.2000000477,3509421.6585757476,779164.3082888521,5250981.0059508765,0.05358147432021758,-0.0247868434083216,0.008044062034358035
373402.2999999523,3509421.616848678,779164.3085977577,5250980.999741364,-0.008806986573622428,-0.00306400416767616,-0.025057414176965054
373402.40000009537,3509421.5742341806,779164.2765210617,5250980.924157432,-0.028258892060762156,0.010781327990621037,-0.03169108788776853
373402.5,3509421.6863894416,779164.2509841898,5250981.13615947,0.0019919512315929393,-0.010709360956724367,0.020873490586426513
373402.59999990463,3509421.710906025,779164.2654248993,5250981.194183498,-0.00406935387379051,-0.007932116225276786,0.0025823451656723506
373402.7000000477,3509421.679270474,779164.2275367732,5250981.009664963,-0.025185201623547385,-0.0024758338489476728,-0.037232938193957565
373402.7999999523,3509421.7498816224,779164.2206550211,5250981.2039922895,0.009312577957811378,0.00631391129228831,-0.009739738626048933
373402.90000009537,3509421.7936779615,779164.2571436435,5250981.300448706,0.052028115679115604,0.028939919503905287,0.04074572816415589
373403.0,3509421.880235171,779164.2327691832,5250981.4873786075,0.02337254220744648,0.004447014783806935,0.036067846105956036
373403.09999990463,3509421.9298033505,779164.1962067154,5250981.434096636,-0.01599556251235276,-0.04791160670634298,-0.0389828688970244
373403.2000000477,3509421.897245121,779164.1727089083,5250981.412581987,0.010241982493478505,-0.015869549044431608,-0.025638685797513716
373403.2999999523,3509421.8884815574,779164.1805114895,5250981.429223507,0.0050318565063487706,0.024423282920437828,0.009595344598047006
373403.40000009537,3509421.88615961,779164.1636998852,5250981.449606019,-0.01430547293510545,0.018769508947258373,-0.016309470471528087
373403.5,3509421.8920665155,779164.1325892753,5250981.468948528,0.02493541758735714,0.0001538318137690453,0.012955461533966428
373403.59999990463,3509421.805628824,779164.1249634207,5250981.388740572,0.041380730242637595,-0.031726893526531796,-0.0077743901022966355
373403.7000000477,3509421.782324549,779164.082043944,5250981.418256232,0.019277099901896237,-0.024403195697580315,-0.05063521674851934
373403.7999999523,3509421.789380489,779164.100230294,5250981.4491161015,0.01494760112201392,0.008083927733707696,-0.008318813383487722
373403.90000009537,3509421.737854345,779164.0591501466,5250981.431531035,0.024542134171047933,0.006479488311960324,0.04618647707989254
373404.0,3509421.714274927,779163.9925208654,5250981.337220272,0.0015021356824996034,-0.030178064378347358,-0.03024106824141448
373404.09999990463,3509421.6559031424,779163.9856594921,5250981.329058601,0.026570419717702683,-0.022597871681334425,-0.07496929036370581
373404.2000000477,3509421.783241982,779164.0105054639,5250981.5012995275,0.03180437453403757,-0.010695146636528818,-0.014519966141310903
373404.2999999523,3509421.8286206494,779163.9415207718,5250981.514615198,0.00023973130416333354,0.019963439370741298,0.061202009040215444
373404.40000009537,3509421.785447784,779163.885887083,5250981.466099039,-0.020484904456434208,0.026968990196877485,0.03717183599352758
373404.5,3509421.724301193,779163.8083998839,5250981.421383752,-0.04862284132569574,-0.01854167832760112,-0.03367961569724365
373404.59999990463,3509421.8872315004,779163.848024783,5250981.568727047,-0.019535574287304278,-0.014799051866404511,-0.03555751365131954
373404.7000000477,3509421.959750904,779163.8159323131,5250981.630345686,0.03187496607348509,0.01687833141152595,-0.006741391034106314
373404.7999999523,3509421.9705033177,779163.7155702064,5250981.641704321,0.03646221691658731,0.026101233530781087,0.05634369585264487
373404.90000009537,3509421.9907583566,779163.6823776863,5250981.573963413,0.005037227662501788,-0.010846844511604559,0.049020539280983044
373405.0,3509422.025715545,779163.7081310044,5250981.70966445,-0.027979894542043342,-0.01913731920864592,-0.028165997495268158
373405.09999990463,3509422.0453854683,779163.6949858685,5250981.757424129,-0.0479199359541722,-0.013024601093810872,-0.07017026597615406
373405.2000000477,3509422.0763691193,779163.7195548231,5250981.969982148,0.0056629813837767275,-0.010618819880178876,-0.03174532051487411
373405.2999999523,3509422.152172706,779163.641842179,5250981.950559027,0.05257596990188937,0.019986579058482334,0.016493952568687575
373405.40000009537,3509422.1936156633,779163.5997862024,5250981.832589733,0.017798981801962054,0.013921065657342524,-0.0036679517787359117
373405.5,3509422.2112659425,779163.6019094754,5250981.819768796,-0.014027475961667247,-0.02030129736513686,-0.029377721285033687
373405.59999990463,3509422.1545956847,779163.5371553479,5250981.728493222,-0.00017085726069997122,-0.017870335964161654,-0.0162372408539202
373405.7000000477,3509422.205055663,779163.5275465924,5250981.728867853,0.011895803119356967,0.0190033282548967,0.03912802745746191
373405.7999999523,3509422.176241225,779163.4858180643,5250981.520927758,-0.011105850133702229,0.0029204836397980216,0.0018602453256413298
373405.90000009537,3509422.1917886194,779163.4444277047,5250981.595398619,0.020944763761100847,-0.007912750442280014,-0.028911779776379376
373406.0,3509422.1699395794,779163.3650453532,5250981.552450481,0.03083076079089587,0.016899193203478546,-0.00019202993004618918
373406.09999990463,3509422.229905506,779163.3773359904,5250981.443648826,-0.009933830592454297,5.512184781508722e-05,-0.008876784233804003
373406.2000000477,3509422.2963355104,779163.412053737,5250981.552889759,-0.01001402939663183,-0.03919036383658181,-0.02910371883140428
373406.2999999523,3509422.423058862,779163.4702033581,5250981.741468086,-0.0026028683641299453,-0.011841025792612925,-0.025621559698743468
373406.40000009537,3509422.430282551,779163.3907039532,5250981.660465588,0.0017732457608216606,0.032422128432408215,0.02658557632288172
373406.5,3509422.468239578,779163.4093471746,5250981.805039403,0.002185611594157309,0.015144803612976432,-0.004543626795888045
373406.59999990463,3509422.471807626,779163.3696458442,5250981.879093456,0.010647630510922946,-0.03122469418114804,-0.008797465339959842
373406.7000000477,3509422.5485711433,779163.3420031948,5250981.956090785,0.0051197691120361604,-0.01562502108293984,0.030626478527468137
373406.7999999523,3509422.59204759,779163.3381483855,5250981.775414602,-0.009176948869521808,0.02636496836646529,0.006000866559178419
373406.90000009537,3509422.614972007,779163.3312489766,5250981.818226632,-0.0007167595944648365,0.0009873342894906045,-0.027491942483452547
373407.0,3509422.6356860804,779163.2743844741,5250981.917811676,-0.00902329078376935,-0.005860942774816635,-0.04035226308259965
373407.09999990463,3509422.5738652716,779163.2549021657,5250981.901356031,-0.030528685360570053,-0.004441423740630057,-0.03622510512242805
373407.2000000477,3509422.69004966,779163.2922035288,5250982.034953421,-0.015217670582863208,-0.002108086483666227,0.008103340213230226
373407.2999999523,3509422.7240864406,779163.3438121055,5250982.074584564,-0.001654374432720328,-0.003199791602916946,-0.00046960514812255383
373407.40000009537,3509422.8118713317,779163.382945754,5250982.066291601,0.024127409445307266,0.00653011970264572,0.028358217502152172
373407.5,3509422.833556023,779163.4323494601,5250981.940405129,0.03050409683243817,0.01923119178039201,0.06295327432773057
373407.59999990463,3509422.9116650224,779163.4603222971,5250981.969891321,0.0018803935337832153,-0.022964454696214887,-0.03966445346875247
373407.7000000477,3509422.884385579,779163.4827623524,5250982.032554685,0.0008769261167920788,-0.024708982643140587,-0.07376698879516042
373407.7999999523,3509422.762305874,779163.5138836196,5250981.914038221,-0.009287023128670371,0.03504384701562202,0.018581436268096496
373407.90000009537,3509422.6541170008,779163.4719047096,5250981.865904667,-0.04273658963476576,0.029889755194233203,0.02026359993238991
373408.0,3509422.5984746083,779163.4584683897,5250981.781141932,-0.04311335322950999,-0.022748588400858694,-0.025764088169717425
373408.09999990463,3509422.5774879497,779163.450098149,5250981.801518404,0.010736030741792598,-0.029510905533143728,-0.01215675063496846
373408.2000000477,3509422.6143015423,779163.4844297348,5250981.9217499625,0.023672323792504987,-0.006490908466616929,-0.03749852476942017
373408.2999999523,3509422.6797490153,779163.5602432503,5250982.025574479,0.01298467587599557,0.009931969123563533,0.014768664514676288
373408.40000009537,3509422.6435791706,779163.4501683676,5250981.859352683,0.012241999634187564,0.005941807128024834,0.03914708545866752
373408.5,3509422.5622552503,779163.3417444213,5250981.670979375,-0.005758137690155561,-0.016409499779136638,-0.05568588059160007
373408.59999990463,3509422.592396597,779163.2752183927,5250981.647299728,-0.00733242196082929,-0.010384560874179272,-0.05212953131230158
373408.7000000477,3509422.678642466,779163.27406683,5250981.633621761,0.02032502862326251,0.010798854338638364,0.03357844921279529
373408.7999999523,3509422.790957527,779163.2862477521,5250981.785634957,0.02399287271191019,-0.011437413476613756,0.022929774077100618
373408.90000009537,3509422.8861280293,779163.254070498,5250981.815384205,-0.007526728193963507,-0.012472688286322864,-0.022825013789447013
373409.0,3509422.9519330217,779163.2700965719,5250981.8980770735,-0.016925952939422874,0.013732984410964377,0.015333008991619934
373409.09999990463,3509422.932170221,779163.1987964982,5250981.693809591,-0.014179398848588555,0.0017261923629732223,0.01051545197638859
373409.2000000477,3509422.8694739165,779163.1128440432,5250981.492482404,-0.014531425655748055,-0.014252278037737653,-0.047088472468596265
373409.2999999523,3509422.8397939517,779163.1402541876,5250981.378073617,0.01254323715435512,-0.0006464529322300905,-0.03856685294396911
373409.40000009537,3509422.9348189104,779163.1500993507,5250981.508289461,0.02953034395772869,0.012358801567671662,0.010087620112862794
373409.5,3509422.9448550916,779163.1405085964,5250981.514249374,0.004013401862592244,-0.0012039981504301522,0.017862191038224395
373409.59999990463,3509423.0185998897,779163.1516963663,5250981.448827253,-0.01608259453955546,0.006055136379941928,-0.012725320510243776
373409.7000000477,3509423.035854974,779163.0951771042,5250981.36924232,-0.019614402477406177,0.0018751718675744655,-0.033074833954781724
373409.7999999523,3509423.0171183576,779162.9770225316,5250981.288001811,-0.014109750653344707,-0.02099913725224667,-0.01142896809988514
373409.90000009537,3509423.0007064226,779163.0104981039,5250981.290467538,0.013910922386072787,0.005116322913892191,0.032684723250113734
373410.0,3509423.124021699,779163.1024452667,5250981.393291239,0.013365129854019156,0.0013306662408893999,-0.023954119597677348
373410.09999990463,3509423.109468494,779163.0712139917,5250981.334765986,-0.009048577102038992,-0.014417432327562096,-0.027419384345288123
373410.2000000477,3509423.0642988165,779162.9767032866,5250981.301126435,-0.004724452106127916,0.03727618367013008,0.03537605111896802
373410.2999999523,3509422.9896098287,779162.9332347851,5250981.02538947,0.002788508943524486,0.011399947706728142,0.010884957747297364
373410.40000009537,3509423.020157554,779162.8626133492,5250981.054515477,0.026237726279669436,-0.03508846508044172,-0.021558142905615085
373410.5,3509423.0262826476,779162.8635955564,5250981.063694811,0.03225688455394722,-0.004008231403823004,-0.02018285212633053
373410.59999990463,3509422.992952899,779162.7810753909,5250980.975347437,-0.004251511242835622,-0.010715079736733912,-0.008355880575511065
373410.7000000477,3509423.0060331877,779162.8102167271,5250981.092743004,-0.03696808237856236,-0.013644499913517905,-0.026328750353460606
373410.7999999523,3509422.953664915,779162.8410405563,5250981.1418721825,0.005839368207568835,0.0027520581396416333,-0.02633352327368499
373410.90000009537,3509422.9556609015,779162.7788574025,5250981.008269132,0.053537566490911834,0.005185945111350065,0.005544483416636936
373411.0,3509422.958097062,779162.7658815011,5250981.011427527,0.0035831732196966778,0.006700706289500147,0.012680665426756832
373411.09999990463,3509422.94923521,779162.7767714964,5250980.967329651,-0.007209258956628989,-0.006782416645087608,-0.021091246155100052
373411.2000000477,3509422.9760570964,779162.7144244049,5250981.0794506585,0.014053746913422644,0.002701211724890129,-0.01997541711057238
373411.2999999523,3509422.879052,779162.703445489,5250980.931229492,-0.021088948505456468,-0.005095175586163236,-0.010514143786245711
373411.40000009537,3509422.96433278,779162.7782868459,5250981.028805092,-0.020795310116991986,-0.02531468785360147,-0.031537862394667826
373411.5,3509422.9652327583,779162.653961746,5250980.9294845825,0.011828891976636814,0.0027829156648024878,0.00888854857499588
373411.59999990463,3509423.063105003,779162.6753980218,5250980.937055407,0.010653182137578418,0.017753302027308848,0.024873302739420566
373411.7000000477,3509423.136965854,779162.6675821175,5250980.907725912,-0.03094011538553365,-0.007434828665019211,-0.03258137644098191
373411.7999999523,3509423.1828008117,779162.7101766458,5250980.9169625705,-0.030661174521015824,-0.0017422550585379781,-0.021084058218622914
373411.90000009537,3509423.117069656,779162.614312865,5250980.7875500675,-0.009653000364243965,0.003413780559107238,0.007341155800656196
373412.0,3509423.1086505675,779162.6294784091,5250980.668747633,-0.003561244408882778,-0.017673128415886197,-0.018122543145107528
373412.09999990463,3509423.1321028247,779162.6303987493,5250980.62834606,5.6966940431694964e-05,0.03501889653876589,-0.014782649379148083
373412.2000000477,3509423.1598049453,779162.6808710715,5250980.54630197,-0.028150625462926494,0.03999009713024293,-0.017611559859139092
373412.2999999523,3509423.0868300023,779162.5454557629,5250980.476678324,-0.01803511115700288,-0.008836106359602525,-0.0027157439871317024
373412.40000009537,3509423.034479947,779162.523916076,5250980.459813511,-0.021070664120422807,-0.0019288303384712435,-0.005178304258709687
373412.5,3509423.0563813313,779162.5481826768,5250980.58146724,-0.03770872589585369,0.006642397903064534,-0.08317940021070136
373412.59999990463,3509423.1348971785,779162.5610735301,5250980.6758190915,0.010347211769973148,0.029490603470982535,-0.027323179536946185
373412.7000000477,3509423.040747032,779162.5094717942,5250980.428669228,0.0661138204603784,0.01994979123109175,0.08259669016278881
373412.7999999523,3509422.926168623,779162.45449931,5250980.188954324,0.06532514825279412,-0.03801971096325474,0.008293369113664184
373412.90000009537,3509422.931218753,779162.4704297495,5250980.114023479,0.043407488121009856,-0.04433799240758418,-0.033666110514589676
373413.0,3509422.9570787004,779162.5182804345,5250980.09030338,-0.009717579903291909,0.017528383325149832,0.010991364389166591
373413.09999990463,3509422.874254813,779162.4783293164,5250979.93963022,-0.0674188739770455,0.03934715039615355,-0.013861214219078377
373413.2000000477,3509422.7409301274,779162.4515486901,5250979.822969249,-0.03364799435718431,0.014262034596107753,-0.07042105891439654
373413.2999999523,3509422.7116191196,779162.4381005557,5250979.64461928,0.008588956702531278,0.012050766705598903,-0.03272682802272264
373413.40000009537,3509422.6684086025,779162.4326048477,5250979.530745704,0.01796793866043528,-0.006732808853449512,0.04283257157026732
373413.5,3509422.6079789144,779162.4189967323,5250979.521784761,0.02165446869772269,-0.023116426434633297,0.01642630942169454
373413.59999990463,3509422.561981233,779162.4794416457,5250979.452455441,0.011602959928745646,-0.00847733864362965,-0.00974880807953582
373413.7000000477,3509422.4568358613,779162.4782672388,5250979.20214208,0.0018353999600608344,0.010808989793829937,-0.0026955595600295368
373413.7999999523,3509422.4401599057,779162.5435014184,5250979.370029732,0.0014303673941021423,0.01935527537936821,-0.03432300677269495
373413.90000009537,3509422.4483551336,779162.6281012583,5250979.417035228,-0.010258565183817948,0.00044030998640209873,0.013793862747750296
373414.0,3509422.4104493256,779162.6040163485,5250979.278347982,-0.005957245189950257,-0.014334181763139497,0.0810052872178133
373414.09999990463,3509422.3866831427,779162.6214702574,5250979.179091163,0.033519932442237305,-0.025255832865752836,-0.010619098953789319
373414.2000000477,3509422.502078355,779162.6151315107,5250979.267946033,0.04588905761865522,-0.025951171788705096,-0.0797710979784032
373414.2999999523,3509422.5284157726,779162.6491932054,5250979.404441801,-0.015095189828535086,-0.03554023771682324,-0.07252299874393486
373414.40000009537,3509422.4615583355,779162.6621324816,5250979.432974979,-0.045035906984408194,-0.016366629607908578,-0.05744596277616054
373414.5,3509422.343816546,779162.6710339355,5250979.3970430065,0.010270918531268968,0.0212657502599356,-0.021810515613498893
373414.59999990463,3509422.162218316,779162.7602487731,5250979.239521533,0.04899502296960047,0.024818247600329357,0.03427163937850075
373414.7000000477,3509422.104874497,779162.8161994407,5250979.279845566,0.028159477964565367,-0.001100861024795563,0.07966073975961052
373414.7999999523,3509422.119951539,779162.8315318874,5250979.320970714,-0.04753733352804061,-0.0038564428446221655,0.40569855087935913
373414.90000009537,3509422.018159959,779162.7803088945,5250979.08956391,-0.09618347554253077,0.015404995017838985,0.3991970069665953
373415.0,3509422.08567309,779162.8786084646,5250978.955520399,-0.05621444371204967,-0.022668579650272136,-0.14051719702260002
373415.09999990463,3509422.079873545,779162.8024111171,5250978.696800801,0.04498326914800374,-0.004653205898044632,-0.17535707162598158
373415.2000000477,3509422.0055920733,779162.8466586376,5250978.639286051,0.08295405906498157,0.06908474821776878,0.12475123292416512
373415.2999999523,3509421.9378719265,779162.8710279912,5250978.34192215,-0.07311111414193316,0.03173923233639897,0.10554818188060722
373415.40000009537,3509421.686130246,779163.10716986,5250980.789904442,-0.13866890033372795,-0.023908331316590647,-0.006937558631218366
373415.5,3509422.011256018,779163.0083981887,5250978.731056785,-0.02199175765265322,0.025100473921057187,0.07194590796009948
373415.59999990463,3509421.836957534,779162.944964783,5250978.791908787,0.03100675845469429,0.036665625179082895,0.039451178702121226
373415.7000000477,3509421.8401746023,779162.8042430036,5250978.631716142,0.06444101051982441,-0.03859505980921796,-0.0630459458225765
373415.7999999523,3509421.7758552385,779162.778399939,5250978.610069469,-0.01645815929001421,-0.06409043173675144,0.03670158375616239
373415.90000009537,3509421.4962548716,779163.0543755997,5250979.984510833,-0.01086119450387159,-0.07529524550731992,-0.17426084210255155
373416.0,3509421.646260512,779163.0368743046,5250980.229762735,0.1405014149419453,0.0011742617853158777,-0.07553827372158928
373416.09999990463,3509419.2139756894,779164.0901130886,5250985.318191101,0.05358114457808146,0.08034214576131404,0.1943749616423034
373416.2000000477,3509421.1314519374,779163.2054389077,5250981.093616925,0.07947751155387568,-0.10404326322736779,-0.4041529912260451
373416.2999999523,3509421.0515386243,779163.2614951388,5250981.271126228,0.031809466760772065,-0.055133558521347936,-0.28491384634396866
373416.40000009537,3509421.0158191747,779163.2578814415,5250981.279281982,-0.015910901072787653,0.08072337875719171,0.1684659486846911
373416.5,3509420.9887084626,779163.2663646515,5250981.335350755,0.006403173185725713,-0.01782797888935761,-0.03601420314835302
373416.59999990463,3509421.052682161,779163.2606424257,5250981.33171972,0.12075540856842176,-0.08435679711815425,-0.3240132648098246
373416.7000000477,3509421.076153394,779163.2882000593,5250981.14683829,0.20074181023530033,-0.0533674706194347,-0.38676232913573116
373416.7999999523,3509419.4077282725,779163.914421967,5250984.670132879,-0.017287051105368587,0.02524651749093465,0.024580433740837293
373416.90000009537,3509419.317903505,779163.8753140845,5250984.664404685,-0.03356052066403301,-0.009026400998521922,0.010543667789402633
373417.0,3509419.3366437308,779163.858591751,5250984.638274943,0.0007503796413973442,0.011809312026009877,0.0389980793566167
373417.09999990463,3509419.2936637197,779163.893623486,5250984.833805969,0.008862660539278583,0.005371890432321891,-0.004117086138609949
373417.2000000477,3509419.2451503053,779163.9437966313,5250984.972194679,-0.045751667177047886,-0.05533522026983917,-0.13120994633269945
373417.2999999523,3509419.28257049,779163.9971944037,5250985.014223416,-0.06374177841748395,-0.01926829670905761,-0.05137887625349791
373417.40000009537,3509419.270567552,779163.9874704842,5250984.84310396,-0.05941535507353826,0.0713488737552197,0.003770981631024739
373417.5,3509418.6391271385,779164.4504290979,5250985.236171216,-0.012635067571080178,0.10808622894229103,0.08026931464230636
373417.59999990463,3509418.59234188,779164.4531528228,5250985.195026787,0.02305286346600489,0.016772314912138597,0.09145714201697075
373417.7000000477,3509418.7666050736,779164.434440829,5250983.81438463,-0.10090228558663034,-0.04619992253697092,-0.048440132975899
373417.7999999523,3509418.7992255827,779164.3591962715,5250983.072322617,-0.09220407889216717,-0.04964253334291868,-0.05447317744325986
373417.90000009537,3509418.782228475,779164.3822988623,5250982.560662217,0.05627174885745691,-0.01924948300499807,0.10995583065060277
373418.0,3509420.310439361,779163.766526267,5250981.3503580075,0.08961653695960745,0.03878255841271283,0.15932033749951913
373418.09999990463,3509420.2514127214,779163.8709203331,5250981.371980937,0.10656485296532639,-0.009671812804441515,-0.07764821213053885
373418.2000000477,3509420.223708376,779163.8478536364,5250981.2489445815,0.027619644648687876,-0.04065636071155154,-0.14026628598046464
373418.2999999523,3509420.2339887116,779163.8212993938,5250981.139309463,0.0017109916376775605,-0.05057576987896084,-0.0046375656071173665
373418.40000009537,3509420.213696729,779163.8298454572,5250980.998122588,-0.042674159318427086,0.00168545778480933,-0.09129438524982803
373418.5,3509420.353540085,779163.831030651,5250980.83586008,-0.0474901379765877,0.048332999160678014,-0.18378813001258543
373418.59999990463,3509420.450530755,779163.7895166754,5250980.728439192,0.07483433562244135,0.013187120357500248,-0.03765417023449302
373418.7000000477,3509420.4726528535,779163.875268568,5250980.702504065,0.15272985597184038,-0.029489146136015165,-0.3249808552240836
373418.7999999523,3509420.3782017794,779164.0165646034,5250980.609055335,0.0372538493137951,-0.01581971838248819,-0.0998296638360543
373418.90000009537,3509420.3763224175,779164.0208890662,5250980.408356389,-0.034655217723334804,0.02245531415347557,0.02088092047051404
373419.0,3509420.3570091254,779164.0385068525,5250980.355579029,-0.022581655132852995,-0.008429695942368198,-0.06071208287748142
373419.09999990463,3509420.25988741,779164.147156162,5250980.3289269,0.029703474127647234,-0.0021935671124424516,0.08713119019782134
373419.2000000477,3509420.15968897,779164.175861374,5250980.211432833,-0.005439323589149307,-0.015215269539062604,-0.01978026025156865
373419.2999999523,3509420.096080885,779164.2404850007,5250980.141995064,-0.008067335847029206,-0.017441357033050053,-0.11063051445072958
373419.40000009537,3509420.0361914905,779164.2859933538,5250980.092798011,0.05552523777269531,0.018395118624056295,0.005975945345971567
373419.5,3509420.0579244196,779164.321708157,5250980.163627811,0.02688171420347261,-0.02275497690045114,0.0062670522251426775
373419.59999990463,3509420.05559989,779164.4127782754,5250980.125958567,0.019047336390299756,-0.03826392165175463,-0.08856986869272099
373419.7000000477,3509420.0212313007,779164.3931291087,5250980.074599988,0.04290151742833906,-0.0011772358232917668,-0.04343931203090001
373419.7999999523,3509419.9001867273,779164.3686026811,5250979.9006507555,0.06262492200227343,0.055906799085832404,0.09399140672014639
373419.90000009537,3509419.831622531,779164.339640211,5250979.866295463,0.00570440126760772,0.025160810799754074,0.04900834579169633
373420.0,3509419.7421507663,779164.3439153989,5250979.731821676,-0.036519686829014,-0.01836968618437851,-0.039588619801053326
373420.09999990463,3509419.748378617,779164.4041442289,5250979.628819377,-0.024542882413978218,0.00042498780880606546,-0.030098765779333903
373420.2000000477,3509419.834571799,779164.3966589705,5250979.538054147,-0.025209597779115626,-0.021016274259601175,-0.018300251293322134
373420.2999999523,3509419.821071157,779164.3940768797,5250979.557165542,0.01360603295307696,-0.010062930294772343,0.048725338826463016
373420.40000009537,3509419.7675061505,779164.3989559732,5250979.580214457,0.022314451043293253,0.04661576492635078,0.0941296265377165
373420.5,3509419.900538654,779164.3781608465,5250979.54577334,-0.03787710914219437,0.01657945965498442,-0.07833310180984476
373420.59999990463,3509419.9203848485,779164.3466396867,5250979.493635936,-0.025463009383492066,-0.02307759436471457,-0.11763664611291169
373420.7000000477,3509419.947028653,779164.3758567768,5250979.574325141,0.02674797376952339,-0.026373758869823405,0.000470702888749841
373420.7999999523,3509420.070754365,779164.4754824612,5250979.816053416,0.03177685502124842,-0.014273229149608824,0.01912090492919738
373420.90000009537,3509420.134910421,779164.4651154896,5250979.8687568195,0.021341627465135644,0.02163009218370604,0.01369966970765546
373421.0,3509420.240182943,779164.492187329,5250979.944095583,0.01720364019864322,0.00061152669822917,0.016607616908990153
373421.09999990463,3509420.230316697,779164.5028697943,5250980.000208601,-0.018027154231604142,-0.046676040985040856,-0.060323344152461544
373421.2000000477,3509420.277899981,779164.5181115546,5250980.084154641,-0.030340168938806776,-0.017553436447741433,-0.08936739173608466
373421.2999999523,3509420.3781130617,779164.5149128031,5250980.042074779,0.01182290150730925,0.006892824418422094,0.019537761025643974
373421.40000009537,3509420.4002589914,779164.5335692385,5250980.0784676615,0.002361381424779308,-0.015208920205559195,0.01236262130279897
373421.5,3509420.4575791466,779164.5595673862,5250980.163001392,-0.022464588169553885,0.001016539583176268,-0.035861797691643105
373421.59999990463,3509420.429874825,779164.5944525084,5250980.254650043,0.007607568590123076,0.027490745983961062,0.025495057813094135
373421.7000000477,3509420.362230909,779164.6131333295,5250980.200325783,0.019759436453854362,0.018211416131570957,0.04183782565748828
373421.7999999523,3509420.339751906,779164.6349468491,5250980.166802463,-0.005698929815845978,0.0005120295791414264,-0.013266916105111548
373421.90000009537,3509420.321101306,779164.6443874629,5250980.186310488,-0.018188247605684445,-0.013790450821453248,-0.03137151921326442
373422.0,3509420.4495520485,779164.6545320168,5250980.337190387,-0.008899511367874494,-0.00051028945998155,-0.04113339129084537
373422.09999990463,3509420.4929587105,779164.6769214914,5250980.390411568,0.015170611034980035,0.038136686129867314,-0.014953249026522286
373422.2000000477,3509420.4182077614,779164.6369278238,5250980.312480552,-0.006248571904419771,0.02849067109925585,0.003985261109367144
373422.2999999523,3509420.291946346,779164.6257047821,5250980.155993289,-0.04259529403317075,-0.018711865528935334,-0.030153009871840553
373422.40000009537,3509420.35264001,779164.6742329095,5250980.328076476,-0.027250210601555403,-0.009925778347970038,-0.013079556705545059
373422.5,3509420.4268883183,779164.6571004101,5250980.44031127,0.004010298119195001,0.020832948523981543,0.018844294738148193
373422.59999990463,3509420.510514278,779164.5503072029,5250980.465912466,-0.024484575108165794,0.004598568843945827,-0.029619571245643073
373422.7000000477,3509420.611792215,779164.5195659954,5250980.501495213,-0.02302601937842094,0.014285277081377501,-0.05365915447616132
373422.7999999523,3509420.374642429,779164.5092874974,5250981.274370074,0.03178721190597011,0.008389938699046695,-0.0003039412656153928
373422.90000009537,3509420.47155907,779164.51176019,5250981.256982542,0.023986509694630617,-0.028654351747334772,0.022773758257619292
373423.0,3509420.542309512,779164.460367037,5250981.262827546,-0.01105908313121799,-0.009002222004724558,0.009124103278312035
373423.09999990463,3509420.621390266,779164.488843518,5250981.236821413,-0.03967731929686011,0.025985149783082306,0.01985324478478212
373423.2000000477,3509420.644675154,779164.5069240385,5250981.315611677,-0.035301714105823605,0.014105180185403299,0.00982988396534168
373423.2999999523,3509420.6776780435,779164.5472810275,5250981.474561677,0.025186391010596127,-0.007093589965897706,-0.025454924545659452
373423.40000009537,3509420.678382553,779164.5133319189,5250981.390527199,0.05825804431217202,0.00915098972952677,0.020811345220883126
373423.5,3509420.7120520393,779164.5654036141,5250981.531615321,-0.008072638272993192,0.013585760541346303,0.008711204525575056
373423.59999990463,3509420.7440113164,779164.5593393424,5250981.467768896,-0.04246202905282248,-0.021945981365533385,-0.04990041847384319
373423.7000000477,3509420.814986115,779164.5837563714,5250981.619047587,-0.01367918027958003,-0.015446491124862405,-0.038700011338359985
373423.7999999523,3509420.835338219,779164.6022178906,5250981.7335674865,-0.004140703330535086,0.029490435877029597,0.04243646559261194
373423.90000009537,3509420.89277744,779164.5842539925,5250981.783535708,-0.01793794048326889,0.01461313061265912,0.045131048385453454
373424.0,3509420.9804433817,779164.5795996487,5250981.87763737,-0.031385939121414366,-0.01229417846018066,-0.03865853892216009
373424.09999990463,3509421.067444307,779164.5634233524,5250981.944362382,-0.012058729126943004,-0.006040592299612513,-0.032695778879499926
373424.2000000477,3509421.0207328233,779164.5609176841,5250981.874606622,0.020510529902084216,0.0060340028187724215,-0.011366699472791453
373424.2999999523,3509421.0545089543,779164.5621772275,5250981.868806185,0.0334813416835602,0.0017440469942187065,-0.03315267788199705
373424.40000009537,3509421.1051112087,779164.5938462026,5250981.843968537,0.012084981797690126,-0.0166268774194549,-0.003243050247098367
373424.5,3509421.1915783724,779164.5736453716,5250981.931302461,-0.005260588701544874,0.0062523668030820545,0.031764634640300216
373424.59999990463,3509421.214486701,779164.6805838215,5250981.93104854,-0.014680728892846912,0.026561052143854624,-0.012964235497255672
373424.7000000477,3509421.279993282,779164.7193025929,5250982.05952075,-0.008766554564225735,-0.0009596765137729335,-0.037774954165985974
373424.7999999523,3509421.409206109,779164.759170239,5250982.1139870575,0.023656876790057874,-0.018834801737241946,0.003801690046749684
373424.90000009537,3509421.4686323507,779164.7746192669,5250982.153668072,0.021247692740570093,-0.018113839291793,0.01951745372892333
373425.0,3509421.469697687,779164.773992028,5250982.198611993,-0.008779212945549578,-0.01758994402640468,-0.033343602429374286
373425.09999990463,3509421.538490204,779164.6983514582,5250982.194542314,0.017432624532628293,-0.011388992589900226,-0.050427415567552814
373425.2000000477,3509421.620649995,779164.7212061544,5250982.206050067,0.02527893605906273,0.0007077359679144024,-0.010352153556231869
373425.2999999523,3509421.67563443,779164.7260530842,5250982.268278493,-0.011911876547278467,0.007414454899766554,0.01712813544454761
373425.40000009537,3509421.792381656,779164.7204924055,5250982.428986155,0.0006309293029264659,0.005395718059681087,0.03475603477269118
373425.5,3509421.779697318,779164.7010661325,5250982.397563012,0.009773177751213235,7.199323098916466e-05,0.010363519325004233
373425.59999990463,3509421.805479669,779164.7334923723,5250982.498150549,0.019493302311648496,0.007151804729140565,-0.002019393347886478
373425.7000000477,3509421.773345814,779164.8004478519,5250982.469424782,0.015665119732134393,-0.007306929837483267,-0.01830204309815997
373425.7999999523,3509421.6983219706,779164.7662556141,5250982.437093903,-0.010286662739169344,-0.01201898825779324,-0.03633743395305977
373425.90000009537,3509421.686043702,779164.6843114074,5250982.459299895,-0.006746966888233452,0.012629804268797784,-0.0008256891389333276
373426.0,3509421.709384146,779164.7189194165,5250982.527204253,-0.002919661824439276,0.002335822571588153,-0.005549531193896229
373426.09999990463,3509421.751711398,779164.7524186958,5250982.639104317,-0.006994577007378193,-0.018060169213413246,-0.03313244323604536
373426.2000000477,3509421.7748986124,779164.726240835,5250982.674502581,0.00018972614175483425,-0.0036701461664989665,0.031099477756844962
373426.2999999523,3509421.780611858,779164.6340191662,5250982.711347756,0.0067814355925325635,0.02557430691773277,0.04211573939574187
373426.40000009537,3509421.881099513,779164.6248336937,5250982.778210439,0.00828163487528476,0.026993905849771238,-0.034379262049611725
373426.5,3509421.8165824637,779164.6172171786,5250982.762022956,-0.0002237494519967258,-0.010020103384988488,-0.032824574677832175
373426.59999990463,3509421.8626150945,779164.6187351167,5250982.721601852,-0.0005166379162717381,-0.026219751740320874,-0.0016760499967585218
373426.7000000477,3509421.885721172,779164.5528149755,5250982.72761482,-0.0017584496815146922,-0.024428491126016638,-0.06597526735296988
373426.7999999523,3509421.757590457,779164.5927132459,5250982.6590967225,-0.08617271978128228,0.06249996740492492,0.07359883692271474
373426.90000009537,3509422.216462419,779164.2119282702,5250982.587100652,-0.5570660325138339,0.031149753284076098,0.4235934957503247
373427.0,3509421.574416047,779164.6385964033,5250982.655232816,-0.9210354887848179,-0.1046361126007227,0.6041726774547937
373427.09999990463,3509421.5814077114,779164.5150009732,5250982.505108796,-0.5709869045030808,-0.08030301275665863,0.8125817816680039
373427.2000000477,3509421.5977792107,779164.5034559208,5250982.399661084,-0.28867044094570055,0.148453948697977,0.4879667058342285
373427.2999999523,3509421.5688954685,779164.498650724,5250982.337243934,-0.1002761311652651,0.16373305422543183,-0.12352311274866068
373427.40000009537,3509421.564125139,779164.5183419503,5250982.274300697,0.047260566312561765,0.09051822068192195,-0.17484006288949772
373427.5,3509421.5131832957,779164.5446584233,5250982.222496676,0.140754871923866,-0.009535265111274782,-0.15327860260802062
373427.59999990463,3509421.291863677,779164.4934868285,5250982.1311446605,0.10706508991421912,-0.10459911803950206,-0.04890742536262138
373427.7000000477,3509421.1274645263,779164.4652409994,5250982.042351066,0.03035301119794845,-0.0667392409145009,0.021260285579394633
373427.7999999523,3509420.9366699,779164.4225325483,5250982.001004644,-0.017576652475417752,0.00478599255580292,-0.004199605177669596
373427.90000009537,3509420.9141441537,779164.3687870348,5250981.9626997085,-0.048530504050870386,0.033005012283318536,0.028997711071639287
373428.0,3509420.785901395,779164.3332749683,5250981.904356961,0.07287303000490851,0.014768534722570337,-0.033427203503192615
373428.09999990463,3509420.4233056884,779164.3935724739,5250981.904448143,0.18221065399208064,-0.042380189070463814,-0.06776696529759896
373428.2000000477,3509419.552731637,779164.5908897097,5250981.911776477,-0.015772882562504607,-0.022737573697064306,-0.0043354270542739215
373428.2999999523,3509419.5721447105,779164.5158868843,5250981.876063843,-0.00966281831224753,-0.02266774609081068,0.008690189002152238
373428.40000009537,3509420.1111528063,779164.1075835036,5250981.781212217,0.013043663986210046,-0.021771009800197305,-0.02898851446451367
373428.5,3509419.5218224265,779164.3905193564,5250981.805667488,-0.020691996037418777,0.030904081948783357,-0.04999139274272224
373428.59999990463,3509419.466862289,779164.4000047636,5250981.7882012,0.04264926428409579,0.018609213678935532,0.027712667384328427
373428.7000000477,3509419.4068911197,779164.4416883279,5250981.821941989,0.007324606090340091,0.020656104946461085,0.061587564156797114
373428.7999999523,3509419.4644859033,779164.396293244,5250981.819762899,-0.06792061446970235,0.005811053787105891,-0.040124528672496496
373428.90000009537,3509419.2417760305,779164.4596701395,5250981.7925647,-0.0204075983348084,-0.0312898345677155,-0.05390614096436508
373429.0,3509419.1901745545,779164.447980876,5250981.795630009,0.04300145435561445,0.0068163583415383755,0.020186454976261814
373429.09999990463,3509419.3827348268,779164.6215872415,5250981.830854871,-0.04995727093266119,0.03502390183675885,0.024419800871314123
373429.2000000477,3509419.372721036,779164.6139694115,5250981.778648518,-0.165492047753476,0.08579565274519041,0.020876538497061503
373429.2999999523,3509419.3910288815,779164.526093119,5250981.730578204,-0.09530211454520661,0.11610514570924124,0.04626334628550488
373429.40000009537,3509419.329578082,779164.5407493323,5250981.759660416,0.05254888337028203,-0.006699728253991566,0.002063479890281883
373429.5,3509419.2125838194,779164.6366333404,5250981.71831181,0.04899018356312389,-0.058051062988973,-0.06329047072668814
373429.59999990463,3509419.187899773,779164.6072847133,5250981.742341815,0.006832428518987132,-0.021016441947502074,-0.06833146409137036
373429.7000000477,3509419.044035192,779164.5355879641,5250981.631126073,-0.04696983835095518,0.0048679230863228895,-0.012247844534929442
373429.7999999523,3509419.064599711,779164.5516618855,5250981.687260001,-0.06050927208343229,0.007919873051342563,-0.0077178175063021826
373429.90000009537,3509418.998639946,779164.5081578717,5250981.612990945,-0.006394659875679453,0.0014059721414838577,-0.047851501319348344
373430.0,3509418.928070386,779164.5024156818,5250981.677125007,-0.009072550218198585,0.01237720961007227,-0.028382868742529155
373430.09999990463,3509418.797723276,779164.503771442,5250981.611673426,-0.043409742157401586,0.005486138910448801,0.01374167769441037
373430.2000000477,3509418.701104594,779164.430965128,5250981.501763441,-0.017908737237985955,0.014565975922643304,0.02151542690519115
373430.2999999523,3509418.770169725,779164.343560013,5250981.432806856,-0.00012018218942057475,0.025268971984679922,-0.017331534346288535
373430.40000009537,3509418.801239127,779164.2318700048,5250981.378175589,-0.027199907137283277,0.005470654727474766,-0.03833106721910262
373430.5,3509418.7918504747,779164.1723721266,5250981.2899508905,-0.020043039585307943,-0.006439741964172185,-0.02071825695932361
373430.59999990463,3509418.865611252,779164.1568469033,5250981.11139589,0.008524770141493073,0.010028830798603394,0.019477537616104712
373430.7000000477,3509418.8654208076,779164.1719406007,5250981.089547727,-0.003813592560893462,0.010003884933865947,0.004443130367636883
373430.7999999523,3509418.8201154424,779164.2090688032,5250981.133691826,0.01611930456123892,-0.01726036555798771,-0.03361685466693842
373430.90000009537,3509418.8039595503,779164.2492952328,5250981.20292644,0.014491938588322128,-0.01180609057146853,-0.024142033067322544
373431.0,3509418.7495368794,779164.1712485392,5250981.137217944,-0.01594073558310412,0.009659202862657423,0.007829378709482526
373431.09999990463,3509418.794600508,779164.2322605774,5250981.119662543,-0.016011414782412813,0.019266758937085626,0.012124631500425309
373431.2000000477,3509418.782481904,779164.1322477346,5250980.968208893,-0.01639823138193745,0.00610010335769573,-0.03029437668749857
373431.2999999523,3509418.8339113914,779164.0708788787,5250980.825849264,0.00021736369571083162,0.0053228867925341206,0.003410705705151784
373431.40000009537,3509418.7579836724,779164.0191555739,5250980.689086142,0.013923229428609941,0.001772637509446895,0.02744569811575026
373431.5,3509418.8070369875,779163.9725905099,5250980.636276871,0.005555313391710955,-0.0007517910113818971,-0.01019470302493275
373431.59999990463,3509418.905547432,779163.9809719966,5250980.698388121,-0.03533567740796834,0.005586021064686975,-0.036999630427253294
373431.7000000477,3509418.9376685517,779163.9402003225,5250980.749359147,-0.07718284539881341,0.014163768872386129,-0.03848628716037794
373431.7999999523,3509418.8975727037,779164.018712141,5250980.851819579,-0.030954034281733274,0.037700667256267195,0.03336934485634657
373431.90000009537,3509418.817662702,779164.0285631458,5250980.892257853,0.008643760419223342,0.02074903053342325,0.022726821729543545
373432.0,3509416.6874591783,779164.5779727754,5250981.088836675,0.09294774193006763,-0.027796337492048906,-0.046426592026943325
373432.09999990463,3509416.7491998314,779164.5224824613,5250981.013557594,0.1107913835018833,-0.013081530741921199,-0.011560396644382465
373432.2000000477,3509418.907821465,779163.8652349378,5250980.769233285,0.005294291792702519,0.004130501757757088,0.0029454821091796646
373432.2999999523,3509418.907087702,779163.866767483,5250980.844466292,-0.019717021262007924,-0.007256352530092158,-0.019535903406078248
373432.40000009537,3509418.97625556,779163.8710263191,5250980.942307293,0.006501347201114807,0.005174307905541298,-0.02784507148150972
373432.5,3509418.9336865153,779163.8469916852,5250980.897126269,0.00461427549301466,-0.0025248395592285533,-0.03369012683574191
373432.59999990463,3509418.9839345426,779163.859034956,5250980.852523719,-0.0007645097540423593,-0.01257605308015286,0.02393381145686213
373432.7000000477,3509416.555078326,779164.6449729176,5250981.135690546,0.15766712252499235,-0.03383808537932964,0.0144667896684183
373432.7999999523,3509419.2333377027,779163.8868655533,5250980.9136812575,0.048013978431800976,-0.03138407807382748,-0.0627437059843512
373432.90000009537,3509416.598864298,779164.7061233012,5250981.109035619,0.12025828668701699,-0.07197670914769105,-0.056958952434086996
373433.0,3509416.6957012094,779164.7558166258,5250981.104843426,0.12065019115734285,-0.020940947693198098,0.042322608150747065
373433.09999990463,3509416.7650324004,779164.8217411081,5250981.192283206,0.15202481194022494,-0.004367301598016127,0.05263304393141155
373433.2000000477,3509416.785666325,779164.8627054722,5250981.259298144,0.16328303526254542,-0.026544564338884413,-0.021122089997211546
373433.2999999523,3509416.5377574344,779164.8150941627,5250981.09790549,0.16867969532401536,-0.07233087464548049,-0.05998996400193768
373433.40000009537,3509416.5657281745,779164.8409856677,5250981.027030071,0.1690237848502234,-0.08838370920159377,-0.03638245475399238
373433.5,3509416.535911721,779164.8555034891,5250980.969053639,0.15908573725189154,-0.05645574958651878,-0.022498292095736616
373433.59999990463,3509416.6194423875,779164.842679338,5250980.978457171,0.15167137060366778,-0.07500562220985785,-0.04599733516132609
373433.7000000477,3509416.630862846,779164.8002530958,5250980.78507155,0.17758253422264772,-0.06706903813496723,-0.01810553286630956
373433.7999999523,3509416.7576902206,779164.7581931758,5250980.800394507,0.17491425581250153,-0.02361973617081503,0.018789333928163288
373433.90000009537,3509417.0160963098,779164.5750328982,5250980.680211199,0.13533131788958666,-0.02500641560231287,0.002355230774410799
373434.0,3509417.0568870176,779164.604486202,5250980.724259342,0.05231858893292553,-0.006364992849775319,1.0486918219143604e-05
373434.09999990463,3509417.169850458,779164.5214907521,5250980.5815077545,-0.03737351854433014,0.008623433770424072,0.024725866459143653
373434.2000000477,3509417.437760016,779164.3869836604,5250980.4544457905,-0.07028187113781056,-0.025356031492727027,-0.0591133501878236
373434.2999999523,3509417.7106790114,779164.3140367741,5250980.462467093,-0.07991151480901007,-0.00834750183255295,-0.07196677629875659
373434.40000009537,3509417.744916955,779164.3142473521,5250980.43115547,-0.1005668884638122,0.06477958034522402,0.04246668341781934
373434.5,3509417.716652674,779164.3301581901,5250980.412889426,-0.12131517971869824,0.05489808685505437,0.028600101872299
373434.59999990463,3509417.6256405734,779164.371079704,5250980.415033816,-0.1092298481450885,0.008683674825725518,-0.02505639012106009
373434.7000000477,3509417.607677025,779164.3100528789,5250980.37409016,-0.08015767474573884,0.015151925626526008,-0.011794319443492185
373434.7999999523,3509417.557624726,779164.2969098131,5250980.336350173,-0.040282956183759364,0.025193758583178294,0.02271923486053229
373434.90000009537,3509417.561489829,779164.34066208,5250980.339013861,-0.050784702605220076,0.03180654649800374,0.02701200344029253
373435.0,3509417.7227781266,779164.2916723352,5250980.321546567,-0.059229410265806075,0.024685755374157736,0.004790733931704594
373435.09999990463,3509417.9307429846,779164.2622009576,5250980.369359628,-0.0019623750624818584,-0.029674339574768283,-0.02208477750517801
373435.2000000477,3509418.0669683744,779164.2555597418,5250980.388231651,0.001312997889212869,-0.02329164321420052,-0.0025428004834537887
373435.2999999523,3509418.0883460636,779164.1823738428,5250980.183858555,-0.01169298686734018,0.024555588100184877,-0.00023800216010538833
373435.40000009537,3509418.131076734,779164.1525783045,5250980.1729231505,0.03231752704907023,-0.0020125526473151467,-0.02981224399692639
373435.5,3509418.379593865,779164.1341486762,5250980.214890614,0.050614278527138054,-0.033997058287603465,-0.010004326183272738
373435.59999990463,3509418.4344455907,779164.0893064999,5250980.149618536,0.09618348950841714,-0.052113743464623496,-0.004205768486075456
373435.7000000477,3509418.316102001,779164.0884373833,5250980.006521821,0.16411653432101111,-0.04566465203836856,-0.02859455133931732
373435.7999999523,3509418.403314258,779164.1117951454,5250979.97192872,0.16529049972295146,-0.0032390887512434574,-0.07320077799447677
373435.90000009537,3509418.5010394584,779164.1077068506,5250979.922537121,0.1984395490908492,-0.038114552414612035,-0.10892888352111463
373436.0,3509419.7641037684,779163.7015574027,5250979.7926675705,0.07248229585923593,-0.046518330288627396,-0.01220299245290235
373436.09999990463,3509419.7888416126,779163.682340519,5250979.727854454,0.047345786511742975,-0.04225300292305434,0.048295966426408654
373436.2000000477,3509419.7884389907,779163.6395446085,5250979.73535006,0.017723664275043557,-0.026109519594193387,0.004034640287072122
373436.2999999523,3509419.815839791,779163.6571951252,5250979.787406676,0.006611740236792935,-0.006191106858075557,-0.015474796694652682
373436.40000009537,3509419.7931033615,779163.6418229952,5250979.740614311,0.020996515589560037,-0.01354597587074835,-0.03765918717730621
373436.5,3509419.795853484,779163.6604458884,5250979.7094538435,0.025559451321429973,-0.018731290279113466,-0.04060135061435055
373436.59999990463,3509419.897629414,779163.583365457,5250979.758044217,-0.009951757037718004,0.0052377517861543765,0.0021632702172276197
373436.7000000477,3509420.0182378395,779163.6004706061,5250979.905896565,-0.02225892847945069,0.005626549067997644,0.004883915392095872
373436.7999999523,3509420.1124723265,779163.5431601212,5250979.86705364,-0.005926066763783525,0.0003090469949071917,0.0008218979516669833
373436.90000009537,3509420.118314443,779163.5486173193,5250979.946399639,0.00440327634732869,0.015947798436769745,0.015698953999686793
373437.0,3509420.1978208185,779163.5584137184,5250980.054723397,-0.01152005293816336,0.01872641739959846,-0.0018097608412475097
373437.09999990463,3509420.2514566164,779163.5598554612,5250980.052148811,-0.02601011585713511,0.011020271674198057,-0.011965488744426267
373437.2000000477,3509420.3128942596,779163.6686539437,5250980.237520595,0.005154955383458169,0.019036902269860434,0.019796064248644996
373437.2999999523,3509420.32485808,779163.8014091137,5250980.3345830105,-0.017895104949110504,-0.002865328633426145,-0.04471255972006283
373437.40000009537,3509420.2368171737,779163.8221727788,5250980.246561195,-0.06297317754959962,0.0057890465984442585,-0.0692142944729941
373437.5,3509420.2314230474,779163.886701929,5250980.381542166,-0.049327651959481175,0.04192675918275768,0.030672475883072536
373437.59999990463,3509420.109291024,779163.8901893182,5250980.376279457,0.024637691219085215,0.02034869741509482,0.07637962000418597
373437.7000000477,3509419.9660049323,779163.8230090622,5250980.169003353,0.041638775854540885,-0.01427860224781341,0.006544909615511685
373437.7999999523,3509419.9609427773,779163.9017828943,5250980.323710742,0.007279151473624093,-0.021738261275828563,-0.036810048612405666
373437.90000009537,3509419.937166682,779163.8840670655,5250980.369735322,0.019964790109443017,-0.007433086741968964,-0.023002191095633506
373438.0,3509419.894960906,779163.9343743945,5250980.402455257,0.009186580620787274,-0.010610944030311487,-0.023624247456439207
373438.09999990463,3509419.9822258446,779163.9838897708,5250980.572791451,0.011852008857338288,-0.012101754056978109,0.0030951490196979847
373438.2000000477,3509419.942715507,779164.0110467402,5250980.596747658,0.01641346402336425,-0.0053494411006766995,0.017090770408596967
373438.2999999523,3509419.9312374583,779163.9529623769,5250980.592268276,-0.007548526225566534,0.00012745097642863357,-0.022971099834011355
373438.40000009537,3509419.9569575666,779164.0487601757,5250980.740291788,-0.014762640357246752,0.01726513007933761,-0.02271534476243886
373438.5,3509419.93250883,779164.0217857567,5250980.714364303,0.003797424425434226,0.018663278223364443,0.01611302784126778
373438.59999990463,3509419.9622625993,779164.1429132007,5250980.896017454,-0.01574491753318616,0.002404490987480301,-0.014530419619845247
373438.7000000477,3509420.015335992,779164.152321463,5250980.922890338,-0.06470622660278656,-0.02099699196926963,-0.06408093596462194
373438.7999999523,3509419.978041455,779164.1301352197,5250980.865966662,-0.03392791567357159,-0.013984512351051137,-0.022838824057593854
373438.90000009537,3509420.007776277,779164.0829364033,5250980.790106389,0.011292543595640409,0.020476208103609395,0.04139313272562539
373439.0,3509419.9899632744,779164.0370960559,5250980.792626498,0.008270689664459215,0.020335410852396762,0.0026462194778247294
373439.09999990463,3509419.9852817254,779164.037870186,5250980.852329178,0.004979278348303148,-0.011177373685647751,-0.04071198282417576
373439.2000000477,3509420.1213596426,779164.1606647116,5250981.081490908,-0.012123692899469156,-0.04718976902199756,-0.06299567366439796
373439.2999999523,3509420.1285412055,779164.1350556358,5250981.034900488,-0.0010778019442885768,-0.04343160495352549,-0.02893668901568347
373439.40000009537,3509420.2889935384,779164.2242586659,5250981.229932773,0.0335901765444853,0.0022010832831256266,0.0219910305554194
373439.5,3509420.394962289,779164.150190832,5250981.18938924,0.020702166539821314,0.04270130850128595,0.02536030569151393
373439.59999990463,3509420.437417993,779164.2092396735,5250981.267582704,-0.1855772009134537,0.14870264104644804,0.045628306539356345
373439.7000000477,3509420.4282434275,779164.2158459794,5250981.346782152,-0.08621184360867193,0.07196070618737593,0.04988864739714316
373439.7999999523,3509420.4809313384,779164.2586482514,5250981.465304352,0.03643743197486136,-0.02030422805351151,0.00857677944491364
373439.90000009537,3509420.457602155,779164.2579897714,5250981.438143071,0.01297289397136372,-0.023756533626837495,-0.03134490194002382
373440.0,3509420.469846306,779164.2898491526,5250981.476121526,-0.022967107242797345,-0.016679326823862084,-0.04768019657524292
373440.09999990463,3509420.4077735995,779164.325121808,5250981.467651318,-0.05497756448183319,-0.006387997839823356,-0.06788918644388708
373440.2000000477,3509420.338947227,779164.3650910156,5250981.513335823,-0.029898233927459515,0.016061630215034484,-0.031490474490132314
373440.2999999523,3509420.2987133088,779164.3165884991,5250981.466628716,-0.024702585935741074,0.03868798443596688,-0.0016810433952656467
373440.40000009537,3509420.247364241,779164.3358863343,5250981.5331541,-0.00020803950901254482,0.0016688640743822702,0.0011017955311238836
373440.5,3509420.2303058496,779164.4417942833,5250981.562892418,0.02000828750871384,-0.009163344830525944,0.015727112949967648
373440.59999990463,3509420.237350176,779164.5370925061,5250981.640387745,0.001143504098232613,0.0006843309113477858,-0.022506693260213595
373440.7000000477,3509420.2272761078,779164.5408168676,5250981.641743707,-0.013177061836119832,0.014711047330820293,-0.029550954354666814
373440.7999999523,3509419.9928339613,779164.480337824,5250981.452666596,-0.001199271743667905,0.009978732174694471,-0.0005883396631993776
373440.90000009537,3509419.7814925066,779164.4290791943,5250981.286575534,0.017965985134474997,-0.004903814402545947,0.002233137022034981
373441.0,3509419.814983666,779164.4862229617,5250981.3843323095,-0.014768801928363096,-0.0017279491316628537,0.002423414620183806
373441.09999990463,3509419.6570662134,779164.6041822444,5250981.412139232,-0.064113519511418,-0.00578475664077871,-0.010226643235311528
373441.2000000477,3509419.4910562285,779164.6156113782,5250981.336685636,0.019628829577794334,-0.024555165709706728,-0.004099290030397995
373441.2999999523,3509419.4862858965,779164.6549130401,5250981.384930094,0.0409720567971097,-0.009160469981750907,-0.009147139646124458
373441.40000009537,3509419.465409314,779164.6532928034,5250981.375460896,1.6275427629215535e-05,0.030971099344746733,-0.011761423464026421
373441.5,3509419.523151488,779164.7542287408,5250981.49137797,0.06034747431241115,0.008443186935274127,0.014691711935808982
373441.59999990463,3509420.640850174,779164.163826128,5250981.426694952,-0.010727559903151005,0.0034013167051796245,-0.003877251477163668
373441.7000000477,3509420.5758201284,779164.2151467196,5250981.484790462,-0.04714219523994912,-0.010916736445537367,-0.009872805876758761
373441.7999999523,3509419.565510968,779164.751652776,5250981.5725040445,-0.046867126707281,-0.0005650202393923109,-0.027651432241460938
373441.90000009537,3509419.5381095246,779164.7557260307,5250981.617119924,0.05279570198550312,-0.0002488970392633405,-0.007384711469141436
373442.0,3509420.540441881,779164.073466031,5250981.449109645,-0.000917141433541123,0.01537288271779147,0.01581145491108238
373442.09999990463,3509419.197393213,779164.7684720234,5250981.482143819,-0.03826414096558273,-0.007508759346620764,-0.028965664489469134
373442.2000000477,3509419.1137835775,779164.8036834834,5250981.584790916,-0.047905774484216714,0.05341921777856129,0.015630958604905487
373442.2999999523,3509419.1085829274,779164.839270055,5250981.564466576,0.013964124084320266,-0.0046467874311915125,-0.016642950925929156
373442.40000009537,3509419.102820387,779164.8910887805,5250981.5863652695,0.010284162765104608,-0.03916773241436999,-0.02334766388914744
373442.5,3509418.998852991,779164.9341594519,5250981.623135686,0.06449528945841491,-0.028959416018786044,0.019497520322918405
373442.59999990463,3509418.8901265943,779164.9879122295,5250981.618179588,0.0835712791942769,-0.025206307459924915,-0.0004421768254108116
373442.7000000477,3509418.7686018916,779164.9861707885,5250981.534349156,-0.08189602928285779,0.01636190394938808,-0.046579734348913604
373442.7999999523,3509418.838889017,779165.0328358865,5250981.613418179,-0.17770038692404255,0.05239197783550509,-0.053224322060914986
373442.90000009537,3509419.192478246,779165.2681368762,5250982.202711779,-0.13548113443386986,0.05152393322097737,-0.02837604707461061
373443.0,3509419.134558787,779165.2347334597,5250982.167272514,-0.0641507214370311,0.044440736447683094,0.028464885847570898
373443.09999990463,3509419.080207197,779165.1509547675,5250981.950942341,-0.02998014208755062,0.07548982492747314,0.06233641510401
373443.2000000477,3509419.2089558584,779165.0919370633,5250981.963868355,-0.07216247858146263,0.06187360794069008,-0.019191350425924014
373443.2999999523,3509419.3364332737,779165.1443404007,5250982.024227744,-0.05730769550459323,0.023355293213292327,-0.05183334490979874
373443.40000009537,3509419.2972094747,779165.2317528956,5250982.154822886,0.01711656144778372,-0.0008529529743412922,-0.023549929686137006
373443.5,3509419.3891035835,779165.262510461,5250982.121211175,0.0383059808708184,-0.04423430631096892,-0.01213451784362185
373443.59999990463,3509419.3673367244,779165.2093016972,5250982.033267108,0.03775170606881774,-0.03229705009692907,0.02461172702196457
373443.7000000477,3509419.3438751684,779165.0780526781,5250981.99058477,0.028601225219465645,-0.020650218601382164,-0.026577620277617342
373443.7999999523,3509419.440318372,779165.0954380012,5250981.992931222,0.0013129127427070762,-0.03658237872332393,-0.05357942607186672
373443.90000009537,3509419.30719024,779165.0613305798,5250981.750138717,0.03348424573651467,-0.0473805425760645,-0.02246366109800313
373444.0,3509419.241382309,779165.0538722343,5250981.673228084,0.08233491392233777,-0.03686444519238563,0.0022222548223567173
373444.09999990463,3509419.3426259616,779165.021863052,5250981.563701864,0.048398665039324926,0.001798760364444263,0.04843859928998384
373444.2000000477,3509419.368582446,779165.1493653096,5250981.7336879745,-0.018901896440262668,-0.013605330891039102,-0.012393324765936242
373444.2999999523,3509419.2305007493,779165.1792202103,5250981.752507945,0.0038281057173637557,-0.016535095264330835,-0.027585949516845787
373444.40000009537,3509419.2237042813,779165.1643751846,5250981.821483428,0.04485098325461085,-0.026629238880993,-0.024568953480081035
373444.5,3509419.1867931904,779165.2341903471,5250981.92848958,0.05777006139164968,-0.04351477798415715,-0.05963946926146235
373444.59999990463,3509419.0948176,779165.2212556454,5250981.7378385365,0.03787331635682396,0.013975636254613732,0.01009806200216623
373444.7000000477,3509419.0964809135,779165.194694716,5250981.712244144,-0.05432156530487491,0.02060923209251797,0.004254850583798486
373444.7999999523,3509418.8988869134,779165.1775752231,5250981.643107472,-0.0060001493363207575,-0.016195436994067336,-0.016889778933824928
373444.90000009537,3509418.9525287454,779165.3312577802,5250981.831955973,0.10422834330064613,-0.016874707826367796,0.036755627845122874
373445.0,3509418.944950892,779165.4342994926,5250981.852874675,0.04205581226042914,-0.01959210481226137,-0.013596537269982889
373445.09999990463,3509418.919857134,779165.3502329804,5250981.736608062,-0.038981581326128244,-0.03897793885732881,-0.08038646635511704
373445.2000000477,3509418.7720646346,779165.3560021344,5250981.738283716,-0.018917503451651788,-0.010430514172163896,-0.006723241495373955
373445.2999999523,3509418.7312286184,779165.2960898044,5250981.564800327,0.048170834009817975,0.033051933320479066,0.06867830318585533
373445.40000009537,3509418.8056146963,779165.3396538285,5250981.56896653,0.025104702619617097,0.0008523270180305076,-0.03065539659238503
373445.5,3509418.6934449603,779165.320645725,5250981.450699512,-0.01756741576240638,0.022363462203209394,-0.02182280955632443
373445.59999990463,3509418.6188425394,779165.2539196118,5250981.333007944,-0.02795952304096104,0.04371588083507305,0.054258565140969495
373445.7000000477,3509418.8368500504,779165.2912474424,5250981.440468086,-0.05407891016231496,-0.01315334860233719,-0.028938792430494686
373445.7999999523,3509418.9902609796,779165.1719229935,5250981.417514835,-0.010445422117525666,-0.02109780233043068,-0.024651989467555424
373445.90000009537,3509418.9647027724,779165.1557039062,5250981.422777098,0.11663588367069201,0.036341136063079205,0.08032301346316295
373446.0,3509418.8540953235,779165.150465836,5250981.618757651,0.1967609230966356,0.06222914214856701,0.1127892815648952
373446.09999990463,3509428.910722914,779162.1544591767,5250980.622410979,0.06563104267397622,-0.02650626470686035,-0.05693642638782226
373446.2000000477,3509428.8904857025,779162.1839527606,5250980.769859445,-0.1270212914746702,-0.09209878332374899,-0.19035602087462422
373446.2999999523,3509428.8649407895,779162.1990055682,5250980.7774161855,-0.10653288226730868,-0.028553013079871903,-0.04710465178729617
373446.40000009537,3509429.0461084666,779162.2110709115,5250980.922351807,-0.025625976264658325,0.03218689104512151,0.023847028032003337
373446.5,3509429.080555397,779162.2652190467,5250981.0481447205,0.0643297202613639,0.05647787163128726,0.04227437871672546
373446.59999990463,3509429.154855875,779162.3176560882,5250981.197050873,0.04259693528043581,0.0564842935612333,0.08280067801287316
373446.7000000477,3509429.315663679,779162.2627916727,5250981.257398923,-0.05700201947015848,-0.008659297218798656,0.030565470395972127
373446.7999999523,3509429.3331090817,779162.2243046745,5250981.164377463,-0.02947782732694273,-0.019629309534948902,-0.028111519348136937
373446.90000009537,3509429.366679903,779162.187467429,5250981.06175958,-0.02287913660393476,-0.01295121583455483,-0.09783632357464978
373447.0,3509429.445614056,779162.2311439875,5250981.168197447,-0.05522345855392566,-0.06586241596220788,-0.09323127161940903
373447.09999990463,3509418.8160279426,779165.2416679019,5250981.991134758,-0.12608495184308705,-0.0611530971134826,-0.03498832757034975
373447.2000000477,3509418.70781334,779165.2639207507,5250981.810682554,-0.09196360493932282,0.01011898507084652,-0.007412013767297054
373447.2999999523,3509418.602355852,779165.1517740899,5250981.739304617,-0.013494732261503585,0.02031158772054198,-0.036833755812150315
373447.40000009537,3509418.580696457,779165.0645989017,5250981.69284069,0.030012740702115553,-0.025543955368597437,-0.06564694428158013
373447.5,3509418.596601778,779164.9897439088,5250981.72892642,0.05054180977244251,-0.018700252207651147,-0.004926222096974797
373447.59999990463,3509418.4701398765,779164.9221384119,5250981.5104284035,0.0259052922222565,-0.012050862471546964,0.006695332696903478
373447.7000000477,3509418.349631363,779164.8848762277,5250981.427152748,-0.011840755012495928,-0.01185220525155728,-0.04519072857183559
373447.7999999523,3509418.3113306854,779164.9582713493,5250981.374766794,-0.01115222020266627,0.009873845305804707,-0.05731794094233855
373447.90000009537,3509418.182165902,779164.983673602,5250981.456453135,0.01991065705316815,0.0013244512203129943,-0.017614034368671483
373448.0,3509418.218410561,779165.0586744988,5250981.5741481325,-0.015054811802924627,-0.009303556661272694,0.05196199970448312
373448.09999990463,3509418.2244771104,779165.0384569196,5250981.644171987,0.01728762179869678,-0.014263009250235825,0.059494258640791386
373448.2000000477,3509419.2902757786,779166.1817792227,5250983.804357001,-0.0006265898787092736,-0.09285887131100168,-0.09782051490398835
373448.2999999523,3509418.268830037,779165.1669862135,5250981.702048321,0.011534249979384053,-0.03713309726021663,-0.05836882609061256
373448.40000009537,3509418.2641423764,779165.2933020497,5250981.797834393,0.06411911116790153,0.0028058449060068824,-0.039621552274756056
373448.5,3509418.108570927,779165.3363115418,5250981.746300948,0.057773829754894694,0.01332740075621075,0.025488852282835595
373448.59999990463,3509418.013325054,779165.3631888911,5250981.811919704,-0.001779033739601427,0.01057871151407852,0.04332890084990737
373448.7000000477,3509418.010124745,779165.3932048747,5250981.803976676,-0.012931106242909583,-0.00362434619891161,0.010590040565933379
373448.7999999523,3509418.0294502694,779165.42669639,5250981.875780224,-0.011559034762680994,-0.007147768857500125,-0.027235602915018475
373448.90000009537,3509418.068516497,779165.4096746077,5250981.913694194,0.02243861816823299,-0.01573470405137556,-0.05080912146227945
373449.0,3509418.110688002,779165.3806293922,5250981.838862002,0.04329466284263516,-0.021233358881964648,-0.01910959470042428
373449.09999990463,3509417.969995283,779165.4359755402,5250981.816269379,0.02294079084331741,0.016501055216117777,0.04615203368137344
373449.2000000477,3509417.9357416085,779165.4654192245,5250981.7952619605,0.01879930113823879,0.016073039682986234,0.026540877313694367
373449.2999999523,3509417.9488820457,779165.4717956581,5250981.791490216,0.007295160940465657,-0.019766342090001388,0.003742246392979709
373449.40000009537,3509417.927935635,779165.4710415226,5250981.734920228,0.003241422634157592,-0.01713881410741891,0.011723473774612359
373449.5,3509417.866174604,779165.3851257497,5250981.665564371,0.035656961341562925,-0.004246871990353895,0.0018754212819338534
373449.59999990463,3509417.954591515,779165.3725034212,5250981.741601013,0.05326446441842991,-0.01208142716821925,0.009627870220986878
373449.7000000477,3509418.098352939,779165.363010407,5250981.730175687,0.020964417524523056,-0.006860067165042949,-0.029651930608791233
373449.7999999523,3509418.127849798,779165.3820639034,5250981.751017549,0.015189693846632225,0.012486476040116656,-0.03290336661544835
373449.90000009537,3509417.946753782,779165.3744700894,5250981.705052586,0.01985592314954627,-0.010283790722297681,-0.01563421965752454
373450.0,3509418.030282665,779165.3287950857,5250981.74708929,-0.025074559926781054,-0.026334180026005072,-0.020674949346027205
373450.09999990463,3509418.1790246023,779165.1973238242,5250981.768952701,-0.009201082416872277,-0.007514519957872778,-0.0012609187612167005
373450.2000000477,3509418.1868850547,779165.1803411933,5250981.691878679,0.059463633198731936,0.023009975563041962,0.01860779330402451
373450.2999999523,3509418.14649082,779165.1376413474,5250981.680612051,0.018789819077071643,0.002104568349707847,0.005343645773306704
373450.40000009537,3509418.1979449214,779165.062606795,5250981.720035411,-0.02787289436193252,-0.031305778628876624,-0.0175548876163667
373450.5,3509418.2375060306,779165.0798009258,5250981.69061227,-0.035457575575751674,-0.038852867161445204,-0.09691527000942024
373450.59999990463,3509418.222116477,779165.0812975613,5250981.621161845,-0.008908225257620478,-0.009159875534422213,-0.06176275320545521
373450.7000000477,3509418.1341782673,779165.0297240539,5250981.4984482275,0.041824812200295464,0.0004247180288601271,0.03571692372518598
373450.7999999523,3509418.0818582345,779164.9628720791,5250981.430811976,0.004698262525024175,-0.0202839719115957,0.004631721990554283
373450.90000009537,3509418.101646572,779164.8578892035,5250981.429725697,-0.056043932283257394,-0.006429769769027871,-0.04469904298380101
373451.0,3509418.1470407937,779164.731356982,5250981.311012901,-0.04917038880821624,0.0051848822731273,-0.01979452132124848
373451.09999990463,3509418.136827291,779164.6882211041,5250981.261565292,0.00020144476546128315,-0.0028565385700716206,0.0051203117948617205
373451.2000000477,3509418.1781944144,779164.6107931606,5250981.254626709,0.06444084436581804,-0.008054652574109866,0.027775559890278245
373451.2999999523,3509418.278684794,779164.5841759065,5250981.252405329,0.05962404352676951,-0.011784352500654904,0.008509391368630048
373451.40000009537,3509418.295459362,779164.6246571924,5250981.207703535,-0.0030809728248621287,0.006467010387176231,-0.013164055869399505
373451.5,3509418.200697052,779164.5958334476,5250981.085368188,-0.01450585736315829,0.014435408363304703,0.02678285562631899
373451.59999990463,3509418.3184885555,779164.6245262733,5250981.1682356745,0.015257615217574638,0.0056090438352995875,0.018221264916396862
373451.7000000477,3509418.3517045667,779164.5807065557,5250981.279831546,0.005884680062061526,0.008782768299575139,-0.01893595617168664
373451.7999999523,3509418.4647526527,779164.5395113564,5250981.376891296,-0.011555367571118745,0.008925213169433732,-0.0031726234074813675
373451.90000009537,3509418.4351112717,779164.5947337662,5250981.496337271,0.0019658742930906306,0.022383576872478272,0.03028989028003437
373452.0,3509418.3315649093,779164.6994940287,5250981.52512977,0.030826242218405166,0.035386016086121685,0.053448162981503344
373452.09999990463,3509418.2984178117,779164.64022571,5250981.412703856,0.007419214031624402,0.020569563724940565,0.042104460052906134
373452.2000000477,3509418.2863956615,779164.6174999017,5250981.2920297375,-0.047513953749402225,0.009234736637843355,-0.009755956284370981
373452.2999999523,3509418.282686481,779164.6387876208,5250981.277944668,-0.06012790933559056,0.011950787309345401,-0.038820694103989695
373452.40000009537,3509418.1863180236,779164.602571382,5250981.195749856,-0.009788909238169663,0.014917885694607946,0.010752538766606534
373452.5,3509418.275044939,779164.577170851,5250981.254854617,0.06993075035721502,0.010191576390973012,0.059052325143939655
373452.59999990463,3509418.2448768094,779164.479848562,5250981.205775763,0.0627481752391917,-0.0006459580968396494,0.02372999500531847
373452.7000000477,3509418.224444693,779164.3863632561,5250981.078146181,0.005974620763848596,-0.001649213700375185,-0.02744253518372375
373452.7999999523,3509418.249389181,779164.3587797012,5250981.0884281425,0.007482630511418012,0.01606566697319778,0.009243965470915327
373452.90000009537,3509418.412274277,779164.3299978782,5250981.106678135,0.01990587123923937,0.017409849687624046,0.05156048041901684
373453.0,3509418.507087948,779164.2697495838,5250981.049698031,-0.011579459398267275,0.0008689008746642912,0.014853958901243303
373453.09999990463,3509418.5821460285,779164.2373283628,5250980.968057124,-0.01870586985468202,0.0006977498122893167,-0.008639696316793177
373453.2000000477,3509418.5911673806,779164.2477757639,5250980.888687273,0.04650047130376726,0.005441357576501105,0.012439230946645452
373453.2999999523,3509418.590390323,779164.2203069975,5250980.8477171585,0.0819058115626144,0.014824664096842355,0.022145219121341597
373453.40000009537,3509418.6800016547,779164.1912630557,5250980.893107446,0.027922767823395762,0.022724596073004477,0.03896393848235391
373453.5,3509418.8652877295,779164.1626144453,5250980.991457357,-0.01303550021639855,0.0055216074266724036,0.0350328131919202
373453.59999990463,3509418.8082919586,779164.2100522642,5250981.051465361,0.023570820897398568,-0.010543020006657855,-0.00844015283143662
373453.7000000477,3509418.8222793206,779164.2681433209,5250981.11445758,0.05923672031430131,-0.04453196613538779,-0.017827028939642275
373453.7999999523,3509419.0572777237,779164.174256889,5250981.244496477,0.05707067198004758,-0.06427193585209778,-0.007605376023208876
373453.90000009537,3509419.262221364,779164.1204530546,5250981.312578022,-0.00025893113904170974,-0.028269836795274728,-0.06878742793873194
373454.0,3509419.286290971,779164.1962578024,5250981.408287621,-0.04280258198120392,-0.005512058819199694,-0.09249939853711986
373454.09999990463,3509419.3132286607,779164.2548215836,5250981.55615772,-0.0020333843226714374,-0.013057464477654435,0.003775063081373986
373454.2000000477,3509419.446385034,779164.2770878492,5250981.645984659,-0.009505698154191167,-0.024082779453010517,-0.0012559931450564221
373454.2999999523,3509419.5267788935,779164.3126643645,5250981.736358066,-0.07669552496601359,-0.030570227630178692,-0.10661049094699315
373454.40000009537,3509419.540030656,779164.3071212088,5250981.7650684565,-0.07046930501664862,-0.019452848604657902,-0.08393274577429821
373454.5,3509419.5784037686,779164.3197097259,5250981.8565444015,0.004551984014743656,0.0030077698376587136,0.011823079515664858
373454.59999990463,3509419.612326351,779164.3386743643,5250981.838563091,0.07182089285239295,0.005463358535180873,0.01923108484131575
373454.7000000477,3509419.5243278635,779164.4035944697,5250981.85274273,0.058037574485957234,-0.015684761304356698,-0.018079687805910183
373454.7999999523,3509419.591475753,779164.4309149514,5250981.896547342,-0.012953633825805607,-0.043449991671863586,-0.05831395688461072
373454.90000009537,3509419.6536840783,779164.5187325713,5250981.963292755,-0.005991598505744003,-0.042215311010146195,-0.06992990747780148
373455.0,3509419.7238661554,779164.5270776742,5250982.007383449,0.03342364486459844,-0.02418016711165194,-0.018358341612810136
373455.09999990463,3509419.8901369143,779164.4433346271,5250982.028326526,0.041272617169888205,-0.01505043214108781,0.013965069361391969
373455.2000000477,3509420.115142096,779164.3715518616,5250982.074691971,0.06234413664446978,-0.013808553253056743,0.01209291604431506
373455.2999999523,3509420.177300884,779164.3700014045,5250982.090003193,0.009518861412167968,-0.013336338716264606,-0.01553319174121448
373455.40000009537,3509420.2362798904,779164.3702539416,5250982.204586506,-0.08557435754265029,-0.00784306153895642,-0.05138553922644462
373455.5,3509420.2315134234,779164.4512451157,5250982.302176704,-0.03763408403672179,-0.0018984792954199747,0.0018348821582705455
373455.59999990463,3509420.3134075142,779164.483557139,5250982.310825246,0.04627643986389829,0.003855674005272647,0.047887424626287256
373455.7000000477,3509420.446765578,779164.5555776119,5250982.4187319875,0.035056193660419024,0.004268914842498361,0.0071620180915594744
373455.7999999523,3509420.612147844,779164.5633702747,5250982.4658801025,0.0014056432731932183,0.009523743043743593,-0.027345971831074678
373455.90000009537,3509420.3262330336,779164.635943749,5250982.340413937,-0.05995628501632676,-0.021273028729531518,-0.07610609222819598
373456.0,3509420.154313195,779164.6874305853,5250982.333728327,-0.005997806223102859,-0.05298269118639354,-0.05639952181197749
373456.09999990463,3509420.0633004555,779164.7705606483,5250982.380216826,0.14784595135181341,-0.09353039652708617,-0.0012908150856016931
373456.2000000477,3509420.0956973215,779164.7857847388,5250982.41603619,0.23096138278929199,-0.15503722762479555,-0.023565206340796507
373456.2999999523,3509420.17355089,779164.8602632567,5250982.497929559,0.21288697520248978,-0.14803993283794625,-0.07894839589584812
373456.40000009537,3509420.08864407,779164.9666536618,5250982.59652514,0.12055910814690289,-0.11338467196989654,-0.10237378049592571
373456.5,3509421.0120968265,779164.4407632493,5250982.595012112,-0.017295781239439326,-0.028145158129042613,-0.04471456169158472
373456.59999990463,3509420.9926812854,779164.4391466847,5250982.557825142,0.002280298802031492,0.0011771546883423412,-0.0018662213778988246
373456.7000000477,3509421.021918688,779164.48308978,5250982.6086375145,0.021909195739423116,-0.0007301526353700183,0.012217319399130844
373456.7999999523,3509421.1085109375,779164.4820061113,5250982.66960627,0.00842569645483263,-0.017098837220714813,-0.005853239775870378
373456.90000009537,3509421.119943828,779164.5190331563,5250982.631815345,-0.021868439996143466,-0.009258521874130565,-0.03707205464106522
373457.0,3509421.092390388,779164.5546433125,5250982.631363948,-0.017365549400887383,-0.008424156081652256,-0.03209036256888176
373457.09999990463,3509421.063704513,779164.5735776869,5250982.598478665,0.011988569226956411,-0.0016673432767788654,-0.014353355173948756
373457.2000000477,3509421.103284994,779164.5112293552,5250982.588100748,0.0329880305324476,0.03582796929475762,0.022542357528227086
373457.2999999523,3509421.116025533,779164.4269470127,5250982.642205644,0.053875242178426326,0.047337830115743884,0.10826797691982115
373457.40000009537,3509421.000020102,779164.4315118137,5250982.578143044,0.035559217275328,0.0025165732856748946,0.07701557008904203
373457.5,3509420.8532247706,779164.3949972073,5250982.494854821,-0.020906933509298422,-0.03075801820094881,-0.04744352515409034
373457.59999990463,3509420.899525746,779164.4770848339,5250982.564487859,-0.0016318754178810775,0.020963055461344027,-0.011843716511295455
373457.7000000477,3509420.9239473767,779164.4095399231,5250982.508356864,0.043061724357571524,0.06201802677644963,0.08413491167847909
373457.7999999523,3509420.8561700005,779164.4269697417,5250982.5483167805,0.023794338564667263,0.030541629226682687,0.06181255724979806
373457.90000009537,3509420.8639159733,779164.4574802803,5250982.599887528,0.020216424137029895,0.007581393628861122,0.013048791715103647
373458.0,3509420.849271606,779164.4816701226,5250982.610642708,0.003868661729869933,0.0015713337784077908,-0.0017030680609391169
373458.09999990463,3509420.798595034,779164.4944922996,5250982.669265178,-0.0020330662938365103,-0.0030538199751930506,0.0194374700517308
373458.2000000477,3509420.8076092037,779164.4577527022,5250982.651455949,0.03038975850445314,-0.0012073494032094345,0.0059670279441146334
373458.2999999523,3509420.837308299,779164.5059567859,5250982.756519755,-0.011841232281866553,-0.006297985636152248,-0.06102744306686958
373458.40000009537,3509420.843351831,779164.5184136701,5250982.807838127,-0.043318948830018446,-0.0211798498954181,-0.06463893259644671
373458.5,3509420.809038376,779164.5939408769,5250982.7993083345,-0.011332204881171272,-0.017271954039784987,-0.016747182129144278
373458.59999990463,3509420.8791405507,779164.5676524531,5250982.852706259,0.011153086316100671,0.0022049112696009843,-0.004034205795221624
373458.7000000477,3509420.768801947,779164.595163552,5250982.809550332,0.018450306235889703,0.021557676690783012,0.019747945883404228
373458.7999999523,3509420.7588177086,779164.6213148511,5250982.820878225,0.002588077921866098,0.008841822818595801,-0.008476789045417377
373458.90000009537,3509418.5689197727,779165.9700896686,5250983.192517352,-0.007087091171105317,-0.011288977733968864,-0.03572167869459797
373459.0,3509418.9076160467,779165.7795805275,5250983.13918091,0.02246671343704225,-0.019914830217736323,-0.001265538544338085
373459.09999990463,3509419.0022870107,779165.6933938349,5250983.173198903,0.014834783372314553,-0.01693628851460005,-0.014852931569429018
373459.2000000477,3509418.979862075,779165.7614953839,5250983.201717398,0.0346803442670563,-0.019362481701719503,-0.01706853167236133
373459.2999999523,3509418.9406674914,779165.7860353398,5250983.219156258,0.05496027246735637,-0.0233802829354417,0.002123376182085579
373459.40000009537,3509418.7868734645,779165.8623944821,5250983.137371138,0.03996687932102958,-0.025381907870730913,-0.01789445102249765
373459.5,3509418.7530578515,779165.777456365,5250983.100836322,0.03271265924029586,-0.014576406433548073,-0.01638040826300191
373459.59999990463,3509418.764252068,779165.716906154,5250983.053651948,0.03987667671247291,0.016712938393041554,0.017482919256465834
373459.7000000477,3509418.745498034,779165.6872538219,5250982.934936294,-0.03707916438264583,0.04003142240186719,0.007575555711097692
373459.7999999523,3509418.572708198,779165.6431072516,5250982.823118126,-0.14243490115758037,0.04086752829618945,-0.011285543922282315
373459.90000009537,3509418.3127821214,779165.686404082,5250982.886120685,-0.14425895602183247,0.043124791251763384,-0.03464480920970381
373460.0,3509418.314414145,779165.6628643641,5250982.767670618,-0.1325255578223097,0.03321044163090647,-0.061379036095965844
373460.09999990463,3509418.3403754393,779165.6777979081,5250982.768972166,-0.14027884551155415,0.027192446627232414,-0.040388133899076806
373460.2000000477,3509418.261350725,779165.7874046509,5250982.893309821,-0.13954089597139943,0.05842351576335858,-0.015777595922727983
373460.2999999523,3509418.2993922033,779165.7862843093,5250982.938318083,-0.08924488627919239,0.05368717540227408,-0.029708369816274782
373460.40000009537,3509418.292578557,779165.7537636056,5250982.837516058,-0.049301015117189276,0.007955454339700907,-0.04852408105472783
373460.5,3509418.249973506,779165.6981062951,5250982.706290558,0.0026014400080861047,-0.020226679414307114,-0.006912912627823786
373460.59999990463,3509418.2498774603,779165.7408059901,5250982.797418124,0.07449063130153985,-0.0205814234217101,0.035181929715090376
373460.7000000477,3509418.193269559,779165.6720518796,5250982.625684533,0.04783683905571307,-0.030320456077170377,0.002724362095619881
373460.7999999523,3509418.2064040923,779165.6909520858,5250982.723901941,0.008379029431103613,-0.04435439838013622,-0.03940221179252923
373460.90000009537,3509418.1762240576,779165.788844143,5250982.845461466,0.06496773566291436,-0.04754337755116467,-0.051084196688504946
373461.0,3509417.9069840084,779165.832821762,5250982.741693733,0.11678000575292267,-0.047347030950142255,-0.02320148260088928
373461.09999990463,3509417.9482142567,779165.7030476609,5250982.580722142,0.08575394991570735,-0.03208233803049154,0.03085276462167741
373461.2000000477,3509417.905735374,779165.611527416,5250982.484085787,0.08644645585942876,-0.031939916433174176,0.031951695082559795
373461.2999999523,3509417.9161669505,779165.5162493179,5250982.429661635,0.1500397469516046,-0.03479760014585764,0.029862961191026827
373461.40000009537,3509418.0515977233,779165.398547854,5250982.326423417,0.20944582603280523,-0.0377905788763826,0.05280740663125805
373461.5,3509418.2749752128,779165.2548558488,5250982.291878236,0.18131611902072783,-0.06010279368922511,0.020083750783344456
373461.59999990463,3509418.078120879,779165.243787057,5250982.170795774,0.0927020296300543,-0.07568440246748054,-0.029633469280799574
373461.7000000477,3509418.033794912,779165.2170997998,5250982.067983535,0.06826257605016024,-0.06448709139186093,-0.02555123401194237
373461.7999999523,3509417.958545877,779165.1871335931,5250981.961583908,0.11165909806823984,-0.07113408970830903,-0.06441492658515102
373461.90000009537,3509417.885744456,779165.1331586491,5250981.870531695,0.07737755498794072,-0.11435709814730899,-0.11271797186317833
373462.0,3509417.8329000985,779165.114378232,5250981.807948361,0.07188798686139106,-0.11075487705209497,-0.07020557162055496
373462.09999990463,3509417.868435672,779164.9728202967,5250981.616588386,0.1378934563443974,-0.056859620773714425,0.0032191081230337204
373462.2000000477,3509417.9023891687,779164.9280388479,5250981.545358789,0.06857072048090063,-0.020583520973303848,0.0422459783027378
373462.2999999523,3509418.0326308543,779164.9819014983,5250981.621667534,-0.004402827135284308,-0.008361743590114656,-0.0035352429504769134
373462.40000009537,3509418.003969948,779164.9620434799,5250981.581811038,-0.02637897780351562,-0.01164157544003075,-0.06598120834441623
373462.5,3509417.9538310156,779164.914537729,5250981.4356755605,-0.09677899421207163,-0.02201068589642574,-0.1068259800091802
373462.59999990463,3509417.736751349,779164.8571345579,5250981.153814154,-0.1312459346606637,-0.013112815715054182,-0.09072164946062244
373462.7000000477,3509417.5532091716,779164.8741527605,5250980.99526864,-0.07257335533987903,0.015480298363634404,-0.012684620235436483
373462.7999999523,3509417.6241612616,779164.9026903989,5250981.085088056,-0.08231563297736695,0.020962613844673683,-0.029223052810893435
373462.90000009537,3509417.7290510135,779164.9262836684,5250981.1447529085,-0.1648199377094926,0.01895168671337899,-0.08850249521284681
373463.0,3509417.8756228536,779164.8965315331,5250981.200362743,-0.10215864634074164,0.03247769493273722,-0.019145261644332834
373463.09999990463,3509417.9479609593,779164.9244080534,5250981.330748733,0.004012159296808073,0.043883077207709675,0.07288709403431426
373463.2000000477,3509418.0658683265,779164.9147206999,5250981.524713927,-0.03054156010807149,0.04504447085695773,0.024444371973526557
373463.2999999523,3509418.0630372716,779164.994872556,5250981.551506211,-0.052925613321650425,0.010623629942337232,-0.03928011350708793
373463.40000009537,3509418.079788086,779164.9575532257,5250981.516406084,0.002199044206772494,-0.030313598313007617,-0.02984191792481461
373463.5,3509418.264142842,779164.8268842588,5250981.483080578,0.0026872264125710147,-0.01940025136129009,-0.02120841625255032
373463.59999990463,3509418.392119956,779164.7413929135,5250981.328846981,0.030818506715709737,0.00043981587148067547,0.0006622716514854687
373463.7000000477,3509418.511726822,779164.6888252305,5250981.282863625,0.07567503123452045,0.0004302122192996194,0.03165157034355204
373463.7999999523,3509418.5449623116,779164.6585226213,5250981.264170026,0.008093731658756828,0.00302052584054735,0.009626868503209707
373463.90000009537,3509418.5629465566,779164.642592396,5250981.274916208,-0.04701302103874664,0.0034044919079789793,-0.0010758826291912271
373464.0,3509418.587752405,779164.5820129702,5250981.220729852,-0.04911525415583414,-0.005091906148820158,-0.036473370351096435
373464.09999990463,3509418.640180216,779164.5436575108,5250981.189548791,-0.037329163131896125,0.003853051986375533,-0.06894728821958651
373464.2000000477,3509418.7095068586,779164.4987055864,5250981.280182172,0.0031553044916154903,0.015141842336831246,0.0006590664197361207
373464.2999999523,3509418.8376075127,779164.4129013222,5250981.232487039,0.018118880601025626,0.010017959047956992,0.025958137665424985
373464.40000009537,3509418.9435055745,779164.3582659791,5250981.1952523505,-0.02613613662163644,0.0050810705332793304,-0.016245108721296475
373464.5,3509419.012282604,779164.3969066762,5250981.257065863,-0.07691048746646559,0.005038771789330099,-0.04461173104449223
373464.59999990463,3509419.1023299643,779164.3372418837,5250981.236763339,-0.05276872193171443,0.00224826731931671,-0.04126478967955016
373464.7000000477,3509419.197298171,779164.321376646,5250981.286844328,0.06513337264656736,0.0011914026529069588,0.02160169581820348
373464.7999999523,3509419.212933851,779164.3081848737,5250981.24443123,0.14080412936307304,0.0018849747844811304,0.074708181917714
373464.90000009537,3509419.059521709,779164.2578522295,5250981.094395121,0.09318575306162369,0.002100926482341947,0.04546299631541828
373465.0,3509419.100144332,779164.1089170984,5250980.868003188,0.08304478339020588,-0.011406339599794535,0.026912518268753516
373465.09999990463,3509419.2321747616,779163.9601948761,5250980.773401926,0.11365200009228318,-0.02365830280222525,0.06073518007141132
373465.2000000477,3509419.3145725266,779163.8614255401,5250980.743105837,0.06923243987643535,-0.03476128635811193,0.02611844909858796
373465.2999999523,3509419.434658414,779163.7776583037,5250980.705160805,0.027745731148428168,-0.0250511235852926,-0.03093445608691958
373465.40000009537,3509419.47522747,779163.7202957224,5250980.597244972,0.0011233209524580817,0.0005891284063892499,-0.02764106796947985
373465.5,3509419.5656368732,779163.7615535521,5250980.754326581,-0.0035906589127661535,-0.012377885361580354,-0.018625197384674053
373465.59999990463,3509419.637171274,779163.722915679,5250980.737459345,0.00827469867231375,0.000655789338743773,0.01240204368156661
373465.7000000477,3509419.638969995,779163.711630639,5250980.747177526,0.021107485530638986,0.005994807409621217,0.012370434602752667
373465.7999999523,3509419.6645457046,779163.7614681015,5250980.852885985,0.001389912196792151,-0.022516938788442076,-0.027868825279771414
373465.90000009537,3509419.70220409,779163.7797956486,5250980.912902371,-0.0013855053048425449,-0.010166989511638747,-0.02291337999733223
373466.0,3509419.6058616256,779163.7205639099,5250980.728537627,0.02140640076040892,0.024240292115386808,0.020675050369424852
373466.09999990463,3509419.5827738093,779163.6718361346,5250980.598392662,-0.019053653075121607,0.018688713961665826,0.005814052133827019
373466.2000000477,3509419.5350344707,779163.6211430177,5250980.44608802,0.015347474469124878,0.012320018683340095,0.018109097587808876
373466.2999999523,3509420.216896113,779163.1347206975,5250980.297578325,0.09550874667762657,0.00023564913160356582,0.0630204556667966
373466.40000009537,3509420.1526778694,779163.1160997015,5250980.235108257,0.04816980852407144,-0.024572164106523076,0.002165368037774229
373466.5,3509420.1903109183,779163.023232171,5250980.20372656,-0.05724445527580545,0.0010642515773753303,-0.05298095853879836
373466.59999990463,3509420.251466769,779162.9943786837,5250980.245664189,-0.048306436263237745,0.015643039051610685,-0.03394071379031516
373466.7000000477,3509420.250982527,779163.1001795487,5250980.328327954,0.0078328494595741,0.001963656600416641,0.02544315931217156
373466.7999999523,3509420.2046616087,779163.2213468801,5250980.441420795,0.014994565173479793,0.025813551511568278,0.030366412671234855
373466.90000009537,3509420.1551939175,779163.2903789949,5250980.508068455,0.010210673243658543,0.04576990775475309,0.0014598273376460469
373467.0,3509420.0630181716,779163.3364717239,5250980.444200737,-0.0156719784185748,0.012587001943231257,0.011010063484450328
373467.09999990463,3509420.0396496663,779163.3082404634,5250980.424094786,-0.08189225921270134,-0.007409924927124223,-0.04077657616136143
373467.2000000477,3509420.009750467,779163.2507176246,5250980.312007173,-0.09757730388486058,0.0014434187806742216,-0.09286996478698661
373467.2999999523,3509419.9756037467,779163.2457960664,5250980.235858134,-0.07314833275080646,-0.0012886001695591176,-0.06906563329267712
373467.40000009537,3509419.876142354,779163.2440577603,5250980.248464958,-0.006881272223412783,0.0025984078157321733,0.005467224687784267
373467.5,3509419.8150270046,779163.3034828593,5250980.352922645,0.053664724246341194,0.013276097268409615,0.039800550922464595
373467.59999990463,3509420.415413291,779163.1228470164,5250980.298234298,0.07537999932145392,-0.019187008838770225,-0.007433932688935663
373467.7000000477,3509420.063423428,779163.2595992958,5250980.364141634,0.11482370016007958,-0.04173934372331445,-0.021787201362943875
373467.7999999523,3509419.6222595708,779163.5926003708,5250980.718556988,0.24512044387539042,-0.06318998954350263,-0.010466386339309963
373467.90000009537,3509419.8238658253,779163.5255500383,5250980.681764374,0.030905910474098682,0.007099221179991844,0.015402139955508432
373468.0,3509419.7337893713,779163.5838924686,5250980.677764055,0.008820883728862992,0.007835640613897965,0.010301878308041523
373468.09999990463,3509419.624988045,779163.6937800202,5250980.732705389,0.005420860075421876,-0.012941246762842695,0.002542985736727843
373468.2000000477,3509419.5459846663,779163.7297012841,5250980.715311642,0.04669784888514458,-0.0034850650955888796,0.03837584837614827
373468.2999999523,3509419.563785554,779163.7144508617,5250980.733911484,0.07870272397086363,0.01384708270041557,0.0451578417103331
373468.40000009537,3509419.7346015177,779163.5991394566,5250980.7249091035,0.03930124065505634,0.010785444761822305,0.005813739586482569
373468.5,3509419.8586168652,779163.6611914037,5250980.893650165,0.021124109771444743,0.004956824837186957,0.014904329106641967
373468.59999990463,3509420.1126299063,779163.7731797089,5250981.134802732,0.025067931027296042,0.0037795485358813607,0.03398827579403907
373468.7000000477,3509420.0105875544,779163.6133292217,5250980.837146723,0.054179744953113014,0.006986325289119577,0.04049717367532324
373468.7999999523,3509420.0593203004,779163.6107548475,5250980.895283119,0.1090229479544273,0.03005657308505505,0.09368462453300985
373468.90000009537,3509420.0044471063,779163.5897527882,5250980.8612006875,0.060282138959580046,0.027196003572754535,0.067308185898316
373469.0,3509419.834132105,779163.5456729069,5250980.7211534595,0.005488067608645566,0.006535312779405444,-0.0005233550284415855
373469.09999990463,3509419.846753268,779163.5994865651,5250980.781261972,0.07933269828163064,0.012613662427213512,0.04741754963010969
373469.2000000477,3509419.852056066,779163.6363707741,5250980.802105787,0.09290088934304436,0.010829063131829741,0.08441690306123206
373469.2999999523,3509419.7696809997,779163.654852179,5250980.784255403,0.020903810275898,-0.0031314802784763174,0.024481559091725558
373469.40000009537,3509419.7149979295,779163.7078172533,5250980.828964064,-0.02205636010956062,-0.01239861139976739,-0.07093638447009987
373469.5,3509419.6414430067,779163.6680445108,5250980.76982517,-0.0319203798288721,-0.020892261280302193,-0.08905038925267483
373469.59999990463,3509419.619781263,779163.6459383565,5250980.60794213,-0.042162836874814494,-0.04689758286203016,-0.05860167338407152
373469.7000000477,3509419.5972919227,779163.622568673,5250980.620113876,-0.015413473456430071,-0.047623301202982304,-0.04957152163695966
373469.7999999523,3509419.5647304994,779163.5849841725,5250980.5820624195,0.04062380895136764,-0.017224468091939116,-0.012451238777199336
373469.90000009537,3509419.5611610115,779163.5285685391,5250980.47035042,0.052082058286740646,-0.01168888394621348,0.008629355894921531
373470.0,3509419.5614712816,779163.4834088853,5250980.397654216,0.009275746932240075,-0.01612428399644017,-0.017330521350062966
373470.09999990463,3509419.4350136044,779163.4428332563,5250980.231680587,-0.05496319257687347,-0.015537975669460025,-0.05863895920468565
373470.2000000477,3509419.4433458606,779163.3714437352,5250980.152981444,-0.06702746711426381,-0.005747221477029996,-0.07735531540936513
373470.2999999523,3509419.4105387884,779163.3372328064,5250980.092379837,0.0045570207675161315,-0.003205489576423304,-0.005990086814250617
373470.40000009537,3509419.3123132773,779163.2642346319,5250979.921883382,0.05165920023175819,-0.018758958081789956,0.026429880083487234
373470.5,3509419.3609387344,779163.2060268406,5250979.892237859,-0.04625835985693533,-0.04435952772777085,-0.0933547449577734
373470.59999990463,3509419.2192788497,779163.1543808923,5250979.702155234,-0.10209875257127288,-0.05222739893934403,-0.15447324493588255
373470.7000000477,3509419.1739241127,779163.1285982224,5250979.606573961,-0.01157128621714014,-0.01912140910870619,-0.04106898263355774
373470.7999999523,3509419.0867996416,779163.1687307601,5250979.542242022,0.06728209054115278,0.018885076283389424,0.08286826875997377
373470.90000009537,3509419.069068258,779163.1493614706,5250979.589982454,0.07329832664865898,0.044327252869237554,0.10423368884953454
373471.0,3509419.0840988616,779163.121316189,5250979.64227124,0.05497401548632655,0.03276886985831595,0.07314231712491903
373471.09999990463,3509419.124814251,779163.1801639919,5250979.822741071,0.044905164751872395,0.010177507855495094,0.041937881646544994
373471.2000000477,3509419.2689698483,779163.2846681849,5250980.121208286,0.04696478586086617,0.011867053756027701,0.037116383364436345
373471.2999999523,3509419.319777988,779163.2880104156,5250980.148600235,-0.008632938621655031,-0.0029521007207620187,-0.0199180778144612
373471.40000009537,3509419.180757448,779163.2894434236,5250980.016303816,-0.11567137615967715,-0.0440747178637082,-0.11978185870563962
373471.5,3509418.960071909,779163.2617051478,5250979.807588402,-0.0898781614490308,-0.044097300790689076,-0.11850524407222807
373471.59999990463,3509418.9133756156,779163.3260547451,5250979.898707251,-0.01705000153960217,-0.023248942249956883,-0.08516596932728504
373471.7000000477,3509418.80077197,779163.3090111322,5250979.844608793,-0.03952434573198648,-0.026854977499745303,-0.09386367300503728
373471.7999999523,3509418.679145207,779163.2858260798,5250979.634732998,-0.0970340163464013,-0.023683052959832196,-0.08720538264286226
373471.90000009537,3509418.5494530653,779163.2751964931,5250979.498087907,-0.06821021995876216,-0.017451876054614957,-0.03731948278356789
373472.0,3509418.4531142213,779163.2544505883,5250979.348789318,0.02916282583848518,-0.013858542332897628,-0.022813311430644134
373472.09999990463,3509418.5212216643,779163.2142778623,5250979.4367312575,0.001426944649020099,-0.011669029606316883,-0.0470879369335524
373472.2000000477,3509418.4056570865,779163.2175840718,5250979.380326902,-0.08953670075711402,-0.02131403365834217,-0.06104468425372467
373472.2999999523,3509418.4333608155,779163.2857042485,5250979.5403785845,-0.08776672736030568,-0.01052945959610696,-0.02934303749450784
373472.40000009537,3509418.5538053494,779163.3977586345,5250979.769975014,-0.007425524410656903,0.026749991433355547,0.03356694675209937
373472.5,3509418.4374910775,779163.3704560894,5250979.648718069,0.014573426881834948,0.03838653953179261,0.025286415743865476
373472.59999990463,3509418.3550981563,779163.4109480652,5250979.601481214,-0.04192542599889502,0.004351243819186834,-0.03316153502695052
373472.7000000477,3509418.3460151847,779163.5605943392,5250979.671069731,-0.013658228773876643,-0.008293381669574273,-0.016178642152642198
373472.7999999523,3509418.4238261376,779163.5798849678,5250979.705837291,0.0380408127301644,0.013092045041815936,0.03694368371703938
373472.90000009537,3509418.4554498047,779163.5522782521,5250979.713631273,-0.018844161643128507,0.023084759218178874,0.051015089096123845
373473.0,3509418.5188839603,779163.579249952,5250979.790844072,-0.10010226562077326,0.03501282252454985,0.01578719452663435
373473.09999990463,3509418.5516815367,779163.5698472464,5250979.725139868,-0.10586544379693331,0.04111844706910972,-0.06375035505779536
373473.2000000477,3509418.4881056235,779163.5067589501,5250979.557582268,-0.06673470748001044,0.05934046223735834,-0.060365594308439796
373473.2999999523,3509418.514812973,779163.4577620451,5250979.476873813,-0.0008412938862557391,0.05663314614872661,0.07865247332884984
373473.40000009537,3509418.549993115,779163.3204805667,5250979.252005558,0.06678516729396132,0.04424361706266211,0.14624928729800324
373473.5,3509418.6983260405,779163.1758395949,5250979.140021115,0.018174181297548754,0.035813853185288735,0.07194942116753111
373473.59999990463,3509418.792826485,779163.1823561664,5250979.00560514,-0.05898308540414594,0.015594214072116586,-0.021377493923800728
373473.7000000477,3509418.9618143,779163.1973855981,5250979.1211516345,-0.027011266563687304,0.043299950034558776,-0.023833661674039774
373473.7999999523,3509419.094636905,779163.276032276,5250979.20153079,0.027112340461751074,0.044474146950591376,0.07744022083458013
373473.90000009537,3509419.110087803,779163.3482689204,5250979.375971083,0.07593214158681066,0.03166026550334777,0.1445937780705826
373474.0,3509419.093382139,779163.3856328886,5250979.38883874,0.12315208813694824,0.06118459127563369,0.17064028612785087
373474.09999990463,3509419.1227229224,779163.4302437576,5250979.408555828,0.16280358176387053,0.08578442880906323,0.188890045272613
373474.2000000477,3509419.170271593,779163.3986266825,5250979.309980946,0.13093205888023066,0.07326719115394553,0.13559666530885295
373474.2999999523,3509419.187022021,779163.4658388427,5250979.40230458,0.03969984074647964,0.06394089443986672,0.045105200334852213
373474.40000009537,3509419.4398676893,779163.7305816527,5250979.928064441,0.020393079182523255,0.059600321219946295,0.03953179280254382
373474.5,3509419.7109252336,779163.9784691747,5250980.449050702,-0.19642311340495422,0.15755662326077413,0.014132168432722025
373474.59999990463,3509419.8140911027,779164.0306695158,5250980.595143562,-0.12956759644741914,0.06697796568341374,-0.04348936138534043
373474.7000000477,3509420.0237748316,779164.1742732754,5250980.969066617,0.014136862071706637,-0.010906364772672816,0.08231416013027903
373474.7999999523,3509420.11356536,779164.1944047649,5250981.069390834,0.06713683849456442,-0.007477574487211314,0.11593881903341874
373474.90000009537,3509420.1419119104,779164.2220300378,5250981.097609079,0.10694991685669156,0.009366435835644893,0.04313298458194659
373475.0,3509420.2094888045,779164.2378847096,5250981.242210544,0.04756812508877422,0.06318399089362003,0.06836392729565333
373475.09999990463,3509420.2505089142,779164.2317422016,5250981.278044838,-0.02751668898755578,0.060118271974339166,0.07010384409288761
373475.2000000477,3509420.3083787584,779164.2211975424,5250981.225883593,-0.015599113616018597,0.009931790752261804,0.033877000250861045
373475.2999999523,3509420.4372499813,779164.2719901904,5250981.5103014065,0.0363006787649905,-0.03815296562589765,0.002285972242553669
373475.40000009537,3509420.472919759,779164.3257173671,5250981.635569979,0.02355323400330403,-0.012762467395226906,0.01186024120244511
373475.5,3509420.387896729,779164.2536381622,5250981.502066985,-0.006016681614434967,0.02982149251828048,-0.005641740213757629
373475.59999990463,3509420.3402599576,779164.1941898665,5250981.466219673,0.01368915973927029,0.017078681906063764,-0.034072702276779054
373475.7000000477,3509420.3235028493,779164.1371171244,5250981.416106148,0.009779394121321656,-0.007094430367907023,0.0063655751253133275
373475.7999999523,3509420.3183090575,779164.0977920528,5250981.417116676,0.009922251079260695,-0.013617352348639145,0.05837663633844237
373475.90000009537,3509421.0331771164,779164.6979036651,5250982.606534143,0.007176995950686432,-0.018736130538187012,0.010216026993333571
373476.0,3509420.892753565,779164.5186201378,5250982.125329005,0.02234699291921006,0.04385781898964325,0.002565623664386507
373476.09999990463,3509420.8884333307,779164.4103660478,5250981.95851044,0.08835236721824381,0.08118797635050612,0.12345271492389998
373476.2000000477,3509421.0150227593,779164.432155311,5250982.078438255,0.02325615863294366,0.029129141912804357,0.053020585923608365
373476.2999999523,3509421.0956316423,779164.4916236139,5250982.186647615,-0.029090733383978717,0.017738517401902243,-0.06593002623978172
373476.40000009537,3509421.155215567,779164.5135026481,5250982.280406478,0.051855870235736394,0.028040794750893383,0.041293554298020396
373476.5,3509421.0528836027,779164.3593196075,5250982.024179885,0.05281700782072383,0.012388995298692862,0.09727630221240524
373476.59999990463,3509421.032918413,779164.2706455059,5250981.895262365,0.042039587775475305,0.041506698516499796,0.09747464264245309
373476.7000000477,3509420.993379874,779164.268981632,5250981.812564286,0.053825569788409376,0.051199346738094675,0.05222284877887162
373476.7999999523,3509420.85916079,779164.1898529001,5250981.61647941,0.02701699808704596,0.02012212773670541,0.010359006358605427
373476.90000009537,3509420.8369188374,779164.11791354,5250981.60614634,0.020452876370166427,0.013622129975843222,0.03956999060655875
373477.0,3509420.845285575,779164.1504108397,5250981.564473981,0.021148988680896274,-0.010777376132679706,0.002716633459209916
373477.09999990463,3509420.815288637,779164.1358265902,5250981.469115362,0.0042437530945109575,-0.0034567739602735514,0.039179784324941735
373477.2000000477,3509420.785961846,779164.1006168578,5250981.38043246,0.0006562708404411491,0.0335864860498063,0.062092658524464994
373477.2999999523,3509420.7994967075,779164.1029064949,5250981.423957912,-0.0050306577358290245,-0.01751119327452244,-0.03319356802714957
373477.40000009537,3509420.839353644,779164.113129217,5250981.528016658,-0.03995047083776468,-0.07856559786898742,-0.10699376547666795
373477.5,3509420.9060633588,779164.1146041324,5250981.591379065,-0.0775004694013828,-0.0742253315487531,-0.1671678755754762
373477.59999990463,3509421.0254155416,779164.228348809,5250981.815543079,-0.06575370754276647,-0.0891439239419114,-0.1793159808532021
373477.7000000477,3509421.028595158,779164.1960608921,5250981.837582919,0.10092332085777259,-0.1907381947806428,-0.2716985957388367
373477.7999999523,3509421.003111266,779164.1589325193,5250981.611163132,0.556538351984088,-0.2704822577906043,-0.5094305529150436
373477.90000009537,3509421.0077587296,779164.1345421897,5250981.530634304,0.7580522206958742,-0.05617801659798971,-0.6287712246109045
373478.0,3509420.9442454516,779164.0814053835,5250981.346295847,0.41909342295089397,0.07275848640392724,-0.3661591103594173
373478.09999990463,3509423.7031720257,779163.289495984,5250981.006669715,0.11521866560404949,-0.04698491170507424,0.10042078467842686
373478.2000000477,3509423.5532397665,779163.4430236866,5250981.03804931,-0.06356586770757253,0.031493510172388994,0.1551780456417129
373478.2999999523,3509423.4865833656,779163.4829221754,5250981.036238226,0.10550698184019111,0.0006581469481190538,-0.11574063351401787
373478.40000009537,3509423.4372003004,779163.4586055821,5250980.8868989395,0.6759651456914052,-0.1323138301807134,-0.5608025392632552
373478.5,3509423.545736159,779163.4784870325,5250980.8850928,0.981966800965855,-0.0009042798481431191,-0.7654108008115061
373478.59999990463,3509423.628518765,779163.5101745587,5250980.872572835,0.836513409149641,0.09181396695534971,-0.5525690147983315
373478.7000000477,3509423.6371705243,779163.4941678157,5250980.783662241,0.621222795535241,0.08461095730701373,-0.32280793094378435
373478.7999999523,3509423.79659363,779163.5726773795,5250980.820617531,0.3522923601767375,0.018336507906631994,-0.2518682665280645
373478.90000009537,3509423.8950327355,779163.6861890006,5250980.9148112,0.2794839334271053,-0.05015400594413677,-0.3146581281369709
373479.0,3509423.973368414,779163.7076714663,5250980.9495703485,0.39217676591620326,0.018068075626594293,-0.15434560077716153
373479.09999990463,3509423.8775138007,779163.710200183,5250980.917555751,0.3921885548468395,-0.01029725285356875,-0.01964318789573305
373479.2000000477,3509423.7334179087,779163.7329399977,5250980.861380812,0.5027289263571928,-0.10726115247226886,-0.34312056545099967
373479.2999999523,3509423.5901330626,779163.8086898004,5250980.785412315,0.7159228514781236,-0.09964537715649868,-0.675884876261386
373479.40000009537,3509423.546421812,779163.8425596537,5250980.700916911,0.7016800720271684,-0.041493736899177236,-0.5837418742469307
373479.5,3509423.380372556,779163.8803321101,5250980.565582749,0.5330586914255123,-0.07857507729125501,-0.33751182087006715
373479.59999990463,3509423.3552993503,779163.9071988101,5250980.47002683,0.5308757105989906,-0.0679939571640844,-0.23084507553256195
373479.7000000477,3509423.1808333355,779163.8934792505,5250980.41260817,0.5147548655179072,0.047231943068688054,-0.06634790329025186
373479.7999999523,3509423.159110993,779163.8469451055,5250980.451372196,0.4323202302436885,-0.1287940304551327,-0.18227491886415947
373479.90000009537,3509423.176054073,779163.8234740297,5250980.401229175,0.5104595375724665,-0.2994916918925199,-0.4878634439248968
373480.0,3509423.215849891,779163.7880806805,5250980.244503656,0.6822192735485344,-0.21805544710184677,-0.5668992585526071
373480.09999990463,3509423.2713364135,779163.7747594279,5250980.172924855,0.6805781024370707,-0.1650190473890092,-0.4216623849172194
373480.2000000477,3509423.191894247,779163.7156494266,5250980.075707383,0.48119806979002666,-0.20019589492947176,-0.38511146633654647
373480.2999999523,3509423.123961208,779163.6804725614,5250980.086566326,0.416004753271881,-0.251782730722347,-0.39208407300644055
373480.40000009537,3509423.082814764,779163.7054481759,5250980.160282713,0.5874639162182554,-0.23921049604700073,-0.303322554624617
373480.5,3509423.092953157,779163.7096561632,5250980.166277692,0.7116331704356595,-0.1368400009583226,-0.4376292255083607
373480.59999990463,3509423.149092082,779163.6111412378,5250980.124582964,0.6378386701523098,-0.39191936611288014,-0.4615090264944861
373480.7000000477,3509423.0939399353,779163.6018805965,5250980.1063568,0.5867355970738708,-0.4815234596558824,-0.13729841425022737
373480.7999999523,3509422.996231037,779163.4948533758,5250979.944074898,0.6181721978363732,-0.1671195707872144,-0.08964066515091229
373480.90000009537,3509423.0476359627,779163.3938609083,5250979.912805381,0.6134204216106772,-0.2811776619505224,-0.48488399369831114
373481.0,3509424.333119948,779164.2737715257,5250980.477559043,0.6610291542227248,-0.3145622752959767,-0.29667592141640675
373481.09999990463,3509423.013212073,779163.2856394536,5250979.662341799,0.5395776146502325,-0.3179418108042711,-0.22636905575366661
373481.2000000477,3509423.000060054,779163.1867573218,5250979.569523666,0.5178978072639586,-0.30175673030440464,-0.26592136452694604
373481.2999999523,3509423.1236627516,779163.0850337797,5250979.4885281855,0.49294445999674213,-0.4427970662043421,-0.06463436347786455
373481.40000009537,3509423.123324134,779163.0532314548,5250979.4944592295,0.4929763594404522,-0.511448697574103,-0.0369369757744078
373481.5,3509423.0787419835,779163.0506467585,5250979.580796769,0.5161441107940918,-0.23321535168846452,-0.05628910775749674
373481.59999990463,3509422.920302241,779163.0890949435,5250979.685454262,0.6440837932614958,-0.10726674105326595,0.02101711508706927
373481.7000000477,3509422.8973453077,779163.1651341453,5250979.791646132,0.5433205612079427,-0.3834532971550004,-0.0964196373436561
373481.7999999523,3509423.071588464,779163.4074546046,5250980.216397955,0.33002232322296676,-0.6999665713122383,-0.220589462234547
373481.90000009537,3509422.9321167343,779163.2099655292,5250979.726624875,0.32363687284585363,-0.6290527821319856,-0.12827826412283283
373482.0,3509422.9870848786,779163.18055903,5250979.605201105,0.3846012575636968,-0.4783869927413207,-0.01747047928383072
373482.09999990463,3509423.0591705786,779163.1435420671,5250979.584575928,0.27926319650756604,-0.6881622603403486,-0.24604365295481845
373482.2000000477,3509423.228579888,779162.9861647771,5250979.473859007,0.24916914199820253,-0.699149747979682,-0.2909793909877054
373482.2999999523,3509423.197539257,779162.903441985,5250979.410081865,0.196189908261646,-0.6733557031691575,-0.1091269321899011
373482.40000009537,3509423.2607955975,779162.8778160531,5250979.435951473,0.2918504653066612,-0.5248230147126165,0.11633218516901778
373482.5,3509423.258700876,779162.8286798312,5250979.4501469135,0.32346117095670873,-0.5342495998405141,-0.03742314998021179
373482.59999990463,3509423.2742866334,779162.7984948267,5250979.488784802,0.1122675905484791,-0.6129376218569575,0.012186824330260748
373482.7000000477,3509423.3745423113,779162.748286855,5250979.65364387,0.2813305762429381,-0.4220953006873245,0.6465944163501272
373482.7999999523,3509423.3661155365,779162.7329893607,5250979.609507384,0.3610778719391529,-0.4056745155115422,0.24643224828552768
373482.90000009537,3509423.2480329718,779162.8050947892,5250979.658478482,0.10515568913049315,-0.6882582300489517,-0.2400141258196511
373483.0,3509423.391628792,779162.8840920515,5250979.785285251,-0.006064977507411039,-0.7538432936434631,-0.1935101843608189
373483.09999990463,3509423.43833793,779162.850088413,5250979.828248095,-0.04285727014905018,-0.6461876421099362,-0.1780369906896162
373483.2000000477,3509423.363244693,779162.7532651054,5250979.917179196,0.048113056124998436,-0.6137403747117389,0.11926779773235463
373483.2999999523,3509423.32525183,779162.6868995744,5250980.041179297,0.005179018717697201,-0.6842807476191766,0.07674392583623124
373483.40000009537,3509423.4080427736,779162.6582953185,5250980.13267903,-0.00282299075742837,-0.7864587031950947,0.031166972142457894
373483.5,3509423.3776904447,779162.6122892116,5250980.108907139,0.09092535744699119,-0.723668774188063,0.17679339630940216
373483.59999990463,3509423.3276600665,779162.5656154229,5250980.06179113,0.035016162471117857,-0.6660856892865681,0.16798011254108314
373483.7000000477,3509423.3262192598,779162.456318934,5250980.02983532,-0.0663780530369304,-0.6871115836034889,0.05666927360570195
373483.7999999523,3509423.442297833,779162.3150231418,5250979.966441163,-0.03692561600432667,-0.668698689970654,0.21218664742490478
373483.90000009537,3509423.482936258,779162.2004322547,5250979.88978862,-0.08717122822039211,-0.739537751316675,0.0913279509883953
373484.0,3509423.5252853185,779162.0887803293,5250979.877902429,-0.12870649247546115,-0.8057111977500071,-0.032324638927804905
373484.09999990463,3509423.5887282817,779161.9281488975,5250979.910279075,0.06818344319011514,-0.6896309131676546,0.20265291652034811
373484.2000000477,3509423.7666628,779161.7973363373,5250979.9548214,0.30536128077376157,-0.46201022753173504,-0.010329328639425484
373484.2999999523,3509423.941672742,779161.708718106,5250979.952415781,0.30978062013651586,-0.39034010855640844,-0.2116581767858623
373484.40000009537,3509423.9073226517,779161.631515079,5250979.888442573,0.16647606395415357,-0.6669716250101203,-0.06392308305945882
373484.5,3509423.916968428,779161.5080791061,5250979.833238306,0.23044491200683104,-0.683090983284508,-0.17822594446165851
373484.59999990463,3509424.735191466,779161.9855319222,5250980.13352805,0.33347427491412784,-0.6034778063808517,-0.1686560655289071
373484.7000000477,3509424.08810155,779161.3695303529,5250979.699767178,0.45138966832859034,-0.6933842574682885,-0.09258576971743793
373484.7999999523,3509424.1534677716,779161.2288999725,5250979.712184208,0.263843406710288,-0.7706481888666161,-0.27175637210036996
373484.90000009537,3509424.094453956,779161.1591659128,5250979.718049676,0.2716743032271001,-0.6977170987740777,-0.11644172665700214
373485.0,3509424.1140181744,779161.0703862356,5250979.717258895,0.25276639810583174,-0.665323095771349,-0.052948221327381084
373485.09999990463,3509424.139405378,779161.0016472972,5250979.7198165925,0.08716054199463136,-0.6734430680402426,-0.1514191345318716
373485.2000000477,3509424.2010653866,779160.9532931687,5250979.733929385,0.16189021633162415,-0.74085659494515,-0.011529547853422528
373485.2999999523,3509424.376576325,779160.8346463912,5250979.728867719,0.36167361762334516,-0.7506202120032768,0.21328420240585544
373485.40000009537,3509424.637668413,779160.6986074487,5250979.728455468,0.17074794904253793,-0.7464199264140845,0.06772799343423408
373485.5,3509424.4915852277,779160.6430184462,5250979.666384562,0.062486098581989495,-0.7608146000131271,-0.1306562286720787
373485.59999990463,3509424.130863492,779160.6745831664,5250979.64039604,0.31387153419748726,-0.8281303563994342,-0.04592642332448982
373485.7000000477,3509424.1520329076,779160.6076973687,5250979.63799632,0.3071375683852597,-0.7664538117107469,-0.0020132991554167035
373485.7999999523,3509424.1794556803,779160.5353805088,5250979.683395598,0.1449861511584345,-0.6478356707720607,-0.019928970503693577
373485.90000009537,3509424.2065587705,779160.4426051744,5250979.815354462,0.24538031723904066,-0.7003033812012234,-0.022462532317352846
373486.0,3509424.020091873,779160.4732976126,5250979.789459326,0.2826333888359167,-0.7888366982183967,-0.004133810004215199
373486.09999990463,3509423.9613806033,779160.4889514757,5250979.746997251,0.12224695743463002,-0.8005272497123173,0.07208614011681647
373486.2000000477,3509423.9858332365,779160.4655015623,5250979.82561154,0.1642403230017461,-0.72260641515647,0.03966879960304315
373486.2999999523,3509423.9929850167,779160.4437702637,5250979.73897673,0.2178058242829668,-0.657103516103902,-0.30859832946572485
373486.40000009537,3509424.555753583,779159.936238324,5250979.656969444,0.15307309527049479,-0.6281937094829715,-0.1294647475930173
373486.5,3509424.535657444,779159.8238983529,5250979.70078461,0.16748728081679082,-0.751645872015537,0.19782834385506654
373486.59999990463,3509424.555594449,779159.7071861802,5250979.788954137,0.1597100271307586,-0.6940837290839497,-0.061103620073058806
373486.7000000477,3509423.7181755924,779160.3388175755,5250980.022665835,0.18866772958204195,-0.7057376472686698,-0.16670391353490288
373486.7999999523,3509423.663036569,779160.2758811639,5250980.097086917,0.19028265865499083,-0.7784295013671283,-0.017879638127755726
373486.90000009537,3509423.7274747486,779160.1459136454,5250980.119355288,0.260857064459016,-0.7624583160599059,-0.12008664879872111
373487.0,3509423.859573096,779160.0210345213,5250980.037886588,0.2509192696006443,-0.6895168386619517,-0.10950959159575113
373487.09999990463,3509423.857396811,779159.9623895092,5250979.9616873935,0.3150882388475221,-0.6933429157351014,0.028349076105046223
373487.2000000477,3509423.9118383992,779159.8671203693,5250979.866433974,0.3884620681948334,-0.7727717728944228,-0.06910446172615714
373487.2999999523,3509423.9567619995,779159.7554374837,5250979.772453201,0.3006841629486151,-0.6841676638566483,-0.04769955104337775
373487.40000009537,3509424.0816506282,779159.6025994325,5250979.647293164,0.20707824668613947,-0.5948167200978318,-0.13345610049030743
373487.5,3509424.2092664363,779159.5291508258,5250979.6433350695,0.2880312858761347,-0.6112455575482159,-0.09698558115600342
373487.59999990463,3509424.2210166156,779159.4817851771,5250979.73834241,0.22286393593112994,-0.6731578028556839,0.026743460640227035
373487.7000000477,3509424.199785558,779159.4055732264,5250979.70517166,0.09427859908360504,-0.764693845547761,-0.05788792833385692
373487.7999999523,3509424.1408552784,779159.2949041184,5250979.580909125,0.11922677886106778,-0.7499260848068303,0.06837905651754017
373487.90000009537,3509423.98664699,779159.2190462362,5250979.517200902,0.12815167338927116,-0.7636635681622082,0.12608640951238037
373488.0,3509423.9475590256,779159.1022675281,5250979.4625514755,0.11704118886521211,-0.8448370978932687,-0.033748896150534335
373488.09999990463,3509423.9775222572,779158.9830757817,5250979.431421012,0.12110968694798765,-0.7867290780061467,-0.018199729477640147
373488.2000000477,3509423.9798671813,779158.8473420776,5250979.439205788,0.1569822934472695,-0.7444129105482773,0.13684102000002873
373488.2999999523,3509423.954410008,779158.7578597089,5250979.407462877,0.16599944988037865,-0.8732327504598274,0.11773408719034606
373488.40000009537,3509423.817701759,779158.7188486211,5250979.344330484,0.033639299206775684,-0.845977729394626,0.10201515050589283
373488.5,3509423.704745675,779158.6313986726,5250979.339656478,0.0007400497298183121,-0.6495671443307032,0.11928767821432729
373488.59999990463,3509423.7136163902,779158.5432849948,5250979.434228357,0.054000931319945995,-0.651852524979013,0.18874238877505523
373488.7000000477,3509423.732444508,779158.4163623858,5250979.40800109,-0.0634291779366063,-0.7859173041543954,0.11825675890991594
373488.7999999523,3509423.7387450757,779158.2732587685,5250979.37452847,-0.11630387113164233,-0.8065811231538973,0.0906088168325292
373488.90000009537,3509423.718299734,779158.1639100588,5250979.342978366,-0.017893557211974005,-0.8192019295789663,0.11141141455088732
373489.0,3509423.6621684805,779158.1110289478,5250979.289568435,-0.05827601358056037,-0.8145685925791781,0.033630637354915116
373489.09999990463,3509423.6938084792,779158.0393874723,5250979.376025996,-0.12347692434417723,-0.8659575260981143,0.3064128717848993
373489.2000000477,3509423.7246300494,779157.950474467,5250979.500634605,0.004541244212523802,-0.8719912238189451,0.2561860016692563
373489.2999999523,3509423.7317317626,779157.8141364398,5250979.543079642,0.06567625933761831,-0.7569279980234569,0.11594589464033689
373489.40000009537,3509424.2996282876,779156.9445207294,5250980.981566263,-0.07012176000980948,-0.7029646240461389,0.1674045686271315
373489.5,3509423.57962683,779157.7367406648,5250979.460656168,-0.16331314798189686,-0.7711558137256418,0.169689888230657
373489.59999990463,3509423.4296383867,779157.7402578084,5250979.394042715,-0.12945505768613974,-0.8757339752833175,0.1699716535927882
373489.7000000477,3509423.2029662807,779157.7387396061,5250979.497086299,-0.10384411110157236,-0.830213229184146,0.1227939841940291
373489.7999999523,3509423.146507883,779157.6697416535,5250979.531806367,-0.013625514179797347,-0.6911761167234545,0.35600178464107834
373489.90000009537,3509423.1530322386,779157.6104682165,5250979.569670792,-0.018718524819347222,-0.4362615258038929,0.2791962616843868
373490.0,3509423.110770854,779157.5666613213,5250979.627642402,-0.08211860900354691,-0.5058703102702538,0.11306436559960442
373490.09999990463,3509423.010556878,779157.5885963539,5250979.613355325,-0.12006601591864921,-0.7763235772971484,0.12671989879782508
373490.2000000477,3509422.8789564827,779157.6167899874,5250979.616758682,-0.050993509258218016,-0.7980717883208897,0.15219307137749283
373490.2999999523,3509422.776891637,779157.5993539715,5250979.640746823,-0.028203728522085022,-0.7401491390962249,0.13708071357663698
373490.40000009537,3509422.7766606533,779157.5445567131,5250979.672608212,-0.06572564346597114,-0.698213057396714,0.18770681558899316
373490.5,3509422.7232093364,779157.5190328779,5250979.668134533,-0.039066016367650426,-0.670947350014309,0.13747149513043677
373490.59999990463,3509422.5331711955,779157.4937261275,5250979.589634992,-0.11573294238614956,-0.6933464570293566,0.0414667723724067
373490.7000000477,3509422.5170316924,779157.401251197,5250979.6167267375,-0.05480169722637458,-0.6950166975814511,0.151908456165736
373490.7999999523,3509422.535309594,779157.3499853095,5250979.623089398,0.21035860950491742,-0.7744111721491009,0.2361701123500346
373490.90000009537,3509422.5928595606,779157.3223492026,5250979.634970742,-0.056130369925863795,-0.6756920122737071,0.1111004751344602
373491.0,3509422.7132328437,779157.2048778087,5250979.72093324,-0.02740065493293935,-0.6063775928384203,0.10050555827125773
373491.09999990463,3509422.7665162794,779157.0935447237,5250979.763004494,-0.044641049234706943,-0.6884880094210786,0.19064561065104257
373491.2000000477,3509422.7286949446,779157.0053363298,5250979.789403933,-0.11859116728229731,-0.6760262740955199,0.14954833720522132
373491.2999999523,3509422.766496825,779156.8640319076,5250979.752876239,-0.0833300861438609,-0.6446038519080162,0.05568412307385007
373491.40000009537,3509422.867323928,779156.7001033652,5250979.7001749035,-0.04187508286935845,-0.6587142684993594,0.012253342520157418
373491.5,3509422.951034994,779156.586101094,5250979.772479245,-0.09066553654904896,-0.6785825612870227,0.18856502456424984
373491.59999990463,3509422.8937876043,779156.5353012729,5250979.769083791,-0.3088860909166314,-0.6823106374489569,0.2984309138150145
373491.7000000477,3509422.859626151,779156.4986967655,5250979.787468736,-0.37238944822893066,-0.6057960380732084,0.2204724135300804
373491.7999999523,3509422.893724256,779156.418999097,5250979.77389513,-0.007054211087392774,-0.6494563675871348,0.0809903688828415
373491.90000009537,3509422.849958373,779156.3962006613,5250979.817861734,0.19910484952553967,-0.7547827965054807,0.10648333117611752
373492.0,3509422.8537522596,779156.360480291,5250979.851478094,-0.026907596676727017,-0.7574231547559691,0.1664764221661965
373492.09999990463,3509422.8758819248,779156.2441256657,5250979.877928629,-0.2087286459641805,-1.1302139186944231,0.23469358245937766
373492.2000000477,3509422.83473271,779156.0802394579,5250979.876762829,-0.15686402160717838,-2.029609985053945,0.3678836219976649
373492.2999999523,3509422.916518501,779155.8523988151,5250979.954936051,0.05542869812226541,-2.3621528991036556,0.3575985166767204
373492.40000009537,3509422.8990593175,779155.7135421864,5250980.016131975,0.2897969785360841,-1.8154347899150167,0.23730677576389603
373492.5,3509422.904266222,779155.5910906306,5250980.059218585,0.24594341194302197,-1.2035406234478216,0.057937357465406514
373492.59999990463,3509423.0128562576,779155.4623373407,5250980.133780905,0.08913292780190489,-0.9191550876208225,0.05635729006586665
373492.7000000477,3509423.0299944403,779155.3598269724,5250980.13922597,0.044005174691036764,-0.8045297605888209,0.11952814568364012
373492.7999999523,3509422.9731277963,779155.1836865717,5250980.1406387305,-0.05941686470911515,-1.4253749950452956,-0.01925772030920747
373492.90000009537,3509422.9919221024,779154.9583408032,5250980.195092471,0.18215762125631516,-2.3614121393058127,-0.11665610054545894
373493.0,3509423.0307536563,779154.7905864515,5250980.238351172,0.8804532833227314,-1.865827945847407,-0.31775975663517464
373493.09999990463,3509423.0972764357,779154.6825508804,5250980.273897699,1.323417189259263,-0.49386212473665836,-0.1669651200530904
373493.2000000477,3509423.18388033,779154.6252385973,5250980.270280991,1.0222554488830475,-0.02292799374544785,0.03864581653498966
373493.2999999523,3509423.180941508,779154.6291541726,5250980.229765715,0.0935932099838591,-0.13036604466243062,-0.10706274787538916
373493.40000009537,3509423.1680898615,779154.605251367,5250980.1346355,-0.5735403464602813,-0.009427153398782195,0.09174250897603287
373493.5,3509423.102752972,779154.5781341866,5250980.041612427,-0.5012432818834696,0.10086725875935798,0.2329221291413459
373493.59999990463,3509423.081694534,779154.5349582757,5250980.030457967,-0.12263924090015173,-0.0866355828705494,0.11704806343561014
373493.7000000477,3509423.1331109935,779154.3750064948,5250979.9826544,0.4314320863570225,-1.1720751149022064,-0.020285010272714565
373493.7999999523,3509423.1509035127,779154.1994760223,5250979.964388506,0.8120551559323593,-2.3360660296026836,-0.3388066366323219
373493.90000009537,3509423.1655108533,779154.0247964135,5250979.931149758,0.6546706591812818,-2.134958268315806,-0.11544036492253618
373494.0,3509423.1277287197,779153.8744673014,5250979.894916803,-0.08586122387830557,-1.3102592342852262,0.4617266272270415
373494.09999990463,3509423.0642397623,779153.7246567351,5250979.907863603,-0.7007064259414308,-1.147312283347965,0.6233671464230222
373494.2000000477,3509423.0225278838,779153.5478305026,5250979.944651578,-0.5906708734749615,-1.6574136456995632,0.5057514224811586
373494.2999999523,3509423.4669490834,779152.7377264949,5250981.187798753,-0.5391388291366778,-1.6095958773320902,0.5568881578377702
373494.40000009537,3509422.8221108145,779153.3641146255,5250979.956133492,-0.7453480568035524,-1.0675821325985382,0.9265728898188081
373494.5,3509422.7465585056,779153.3263178777,5250979.991530318,-0.6785259341725467,-0.6111323641120165,0.7412235844591635
373494.59999990463,3509422.7012147787,779153.2515010602,5250980.069749799,-0.2843082599419074,0.013014270417912144,0.08396903568740921
373494.7000000477,3509422.713790527,779153.2400801254,5250980.152600617,0.009986562644033092,0.2525898591141953,-0.2253028268995747
373494.7999999523,3509422.7324751946,779153.2564860012,5250980.236280818,0.20931798818577138,0.14123302047489972,-0.14277143020383143
373494.90000009537,3509422.6889107637,779153.3597459027,5250980.274097599,0.13468744324639884,0.2521798703338831,0.00016318274034698987
373495.0,3509422.6221218975,779153.3802734565,5250980.323482571,-0.5870929873209083,-0.2543206652458849,0.46922435739369117
373495.09999990463,3509422.5449877307,779153.2890721436,5250980.361923019,-1.1792118271143763,-1.5856683962149773,0.7184376462323474
373495.2000000477,3509422.473645587,779153.1303155767,5250980.534289261,-1.1017278598677804,-2.246337861725401,0.8027087745282095
373495.2999999523,3509422.463329758,779152.9780611241,5250980.6008846285,-0.29862819283973274,-2.135463271853631,0.5291861760317005
373495.40000009537,3509422.5155815976,779152.799770203,5250980.620408917,0.5782600470446521,-1.8087982918701329,-0.05431808072683708
373495.5,3509422.9379468225,779152.9391720233,5250980.7774036415,0.8655726865291159,-1.6192374480981258,-0.29635163059702485
373495.59999990463,3509422.5608366565,779152.5068998777,5250980.494493306,0.9291593318992223,-1.6431645504059276,-0.3383630963497186
373495.7000000477,3509422.6769790063,779152.3617333971,5250980.530408141,1.268290149038465,-1.2470047197958536,-0.13031419227167795
373495.7999999523,3509422.783372489,779152.2301988009,5250980.496993733,1.254971226279836,-0.9812622611081068,-0.33117622121294854
373495.90000009537,3509422.8837227714,779152.1814102071,5250980.399854358,0.685811538446299,-0.31646304755391697,-0.483542881776013
373496.0,3509422.9911614377,779152.1871248722,5250980.4262961745,-0.05391817950766442,0.23812042636019726,-0.11375236538791711
373496.09999990463,3509423.0098649613,779152.2239568573,5250980.400750888,-0.27727392956669605,0.20051682310147356,0.21704643421388692
373496.2000000477,3509422.9714345504,779152.2446795953,5250980.2996422015,-0.13264128406965814,0.010982670958355811,0.26814816703151134
373496.2999999523,3509422.9551332328,779152.2298322264,5250980.237001733,0.08586233995770697,-0.751418377482814,0.07104151130738678
373496.40000009537,3509422.9768360425,779152.1420393612,5250980.208857473,0.3527533398870029,-2.0666429973615976,-0.16174738709396053
373496.5,3509423.032970977,779151.9613847708,5250980.248950866,0.46247450207564933,-2.3121930024559916,-0.08724745351039154
373496.59999990463,3509423.0471442626,779151.7995354013,5250980.30455028,0.34269302675663565,-1.2560288257648722,0.09516510342128814
373496.7000000477,3509423.040901972,779151.6967519771,5250980.437329015,-0.16794720109469277,-0.8391617210210143,0.3716685587462676
373496.7999999523,3509422.9876088407,779151.557129111,5250980.507205907,-0.6681498886610735,-1.547730821777833,0.6119114995507164
373496.90000009537,3509423.033500117,779151.3992863769,5250980.501839448,-0.21270554713154685,-2.008656774407754,0.5121236713521427
373497.0,3509423.0324410526,779151.3326158327,5250980.579803756,-0.20681062471792383,-1.1487893133897416,0.3654771526150249
373497.09999990463,3509423.044863421,779151.3206133738,5250980.731414162,-0.4729043061996336,-0.10001916966643876,0.33676780368958603
373497.2000000477,3509423.0604261244,779151.2750164104,5250980.794329349,-0.02492039028462734,0.09731262273628971,0.16663313491357812
373497.2999999523,3509423.0605556564,779151.2523969298,5250980.750157414,0.2348847047709052,0.09893495741966518,-0.1401446536407045
373497.40000009537,3509423.0460559987,779151.2715032554,5250980.743745981,0.28794280237450065,0.148046997711198,-0.23103746014003956
373497.5,3509423.07033404,779151.2709035084,5250980.74513238,0.09076297844885728,0.06954068822085446,-0.10123073253371295
373497.59999990463,3509423.071326303,779151.2940965091,5250980.793624102,-0.002965562140808784,-0.053600927317432934,-0.020181042507558367
373497.7000000477,3509423.039881947,779151.3078451166,5250980.902981251,-0.03313882569162022,-0.09586226338108617,0.036357443261246125
373497.7999999523,3509423.1439618026,779151.1117396635,5250980.909663134,-0.2986745265271742,-0.55240806625212,0.4198648780283838
373497.90000009537,3509423.0328775244,779150.9856119832,5250980.935566123,-0.6317463249199837,-1.4755068321550482,0.7740624051808842
373498.0,3509423.007014932,779150.8386812775,5250981.00335207,-0.5096687310118115,-1.9644104486373308,0.2659262935422948
373498.09999990463,3509423.0682917964,779150.7194884191,5250981.1303670835,0.28048233556349533,-1.3496130476009398,-0.1227218399615353
373498.2000000477,3509423.1618468086,779150.6664989971,5250981.204265822,1.1606201315163134,-0.46535880631522275,0.007407681044470316
373498.2999999523,3509423.168354623,779150.5758236444,5250981.239468682,0.6431127626514161,-0.7563227192771862,0.09289790076872517
373498.40000009537,3509423.244545557,779150.3849338203,5250981.247534406,0.10785232052555664,-2.163857411509859,-0.03527182884999114
373498.5,3509423.2800819064,779150.3078699086,5250981.249691883,0.41128619895836704,-1.523938528303475,-0.025230637558670388
373498.59999990463,3509423.3356800233,779150.302171694,5250981.151624365,0.6439232862845056,0.5520423210948238,-0.43477839434708976
373498.7000000477,3509423.400471701,779150.3081130558,5250981.138853478,0.48783267991277685,0.8451317387637545,-0.5709483146520409
373498.7999999523,3509423.403558218,779150.3144237553,5250981.183611883,-0.019147049402819784,0.17866851637199943,0.12755595777838558
373498.90000009537,3509423.3936276697,779150.315591597,5250981.26015612,-0.46481827803692244,0.007140831144532456,0.2584960074874365
373499.0,3509423.416674989,779150.3166263034,5250981.380002512,-0.33568652395964577,-0.015542351821878242,0.1433987127461691
373499.09999990463,3509423.4233407727,779150.3369800413,5250981.392581503,-0.014147069764584781,-0.04173773130104763,0.022378343916557242
373499.2000000477,3509423.4299896215,779150.3287429203,5250981.352747937,0.03924580950020582,-0.004208343496650002,-0.07902494506098279
373499.2999999523,3509423.433454489,779150.2851666204,5250981.3656472415,0.11719716480875542,-0.4844465967386782,0.028936421699444992
373499.40000009537,3509423.465242701,779150.1694701988,5250981.396495316,0.4253814609806072,-1.678352652827563,-0.011017659953473036
373499.5,3509423.465733575,779150.0471995132,5250981.407188602,0.37994582480860195,-1.9778532549747894,-0.020934178236196033
373499.59999990463,3509423.4649767918,779149.9701251897,5250981.442028508,-0.3225996319615082,-1.1175127485600242,0.22950586119133476
373499.7000000477,3509423.4517453103,779149.9560124493,5250981.546667587,-0.6675071204383267,-0.3036897353316519,0.5212030547042001
373499.7999999523,3509423.3930350863,779149.8404424458,5250981.5883472795,-0.5418097877754001,-0.5869703302328659,0.8694432167996
373499.90000009537,3509423.322418422,779149.6329896643,5250981.591394813,-0.6166347052473617,-1.9865328231275114,0.3423800242274311
373500.0,3509423.3024343858,779149.4743022134,5250981.656763622,-0.42851859137986337,-2.1455186487838205,-0.16847121799962572
373500.09999990463,3509423.261985352,779149.3761262436,5250981.737005391,-0.4772839189053386,-0.6739251517835001,0.5040126369552098
373500.2000000477,3509423.1794411093,779149.3501229375,5250981.793107801,-0.5730929096056983,0.14732399660942264,0.5921679874561603
373500.2999999523,3509423.1421773164,779149.3525809497,5250981.759258139,-0.173828408590462,0.16034915436907227,0.08007982495790067
373500.40000009537,3509423.1303073396,779149.3414841822,5250981.678866927,0.29284388397571387,0.2736689448616545,-0.23377341877312485
373500.5,3509423.1336954623,779149.3398675068,5250981.579811689,0.2913913189592403,0.2207975986006474,-0.18478047602860315
373500.59999990463,3509423.136342136,779149.3589295227,5250981.57842298,0.03837461047938528,0.12249159055726011,-0.008289769395418034
373500.7000000477,3509423.1640182715,779149.3637004038,5250981.494772651,-0.054513686061083796,0.13066034170959284,0.1539254258227638
373500.7999999523,3509423.0990289836,779149.3038546796,5250981.370361897,-0.09609368435596038,-0.1457200760200621,0.2199453000207381
373500.90000009537,3509422.960901509,779149.1865159278,5250981.314130781,-0.4633624898341357,-0.8990588920547893,0.8489173859404318
373501.0,3509422.901231336,779148.9689120235,5250981.314316152,-0.8164177600114148,-2.212589232520706,1.2710343367086834
373501.09999990463,3509422.8717870326,779148.7159639084,5250981.30837232,-0.6968066616825717,-3.1359437361344007,0.8180769529422021
373501.2000000477,3509422.9019436445,779148.5776962608,5250981.2827362865,0.17206479768766023,-1.8273358017715822,0.18527930283750482
373501.2999999523,3509422.987941915,779148.4620929351,5250981.200981101,0.9761098066239873,-0.23806929420391043,-0.5526745719447126
373501.40000009537,3509423.100139644,779148.4212918662,5250981.168618689,0.7695621986077388,-0.09501630012765361,-0.6826261011241748
373501.5,3509423.177518996,779148.4171494202,5250981.179160846,0.1424502063876477,-0.010801802645374892,-0.011443187685513223
373501.59999990463,3509423.108363512,779148.340844191,5250981.194825822,-0.3072670807297761,-0.4980546279478659,0.5323642407875742
373501.7000000477,3509423.1125080013,779148.2025808893,5250981.2598925885,-0.33214843916743947,-1.6867782161502447,0.3081874313028541
373501.7999999523,3509423.0576772136,779148.1573299785,5250981.192676449,0.16596865118126733,-0.97620997992626,-0.15354392247947946
373501.90000009537,3509422.967239264,779148.0776568679,5250981.01663843,0.45826878940832483,0.5559872183101717,-0.3686104340936609
373502.0,3509422.9078701898,779148.0391228808,5250981.006534493,0.13237696413920336,0.11765260429448432,0.03786458041765428
373502.09999990463,3509422.8867019294,779147.8527615184,5250981.039331954,-0.02882538776350882,-1.6126883622418973,0.642302223108068
373502.2000000477,3509422.9226599983,779147.6856221501,5250981.134978719,0.37667133031001854,-2.2467743987116293,0.4504412627732801
373502.2999999523,3509422.9807755775,779147.671626319,5250981.192304213,0.7687361515793352,-0.4940706012368281,-0.16138758804536568
373502.40000009537,3509423.094420739,779147.6758895786,5250981.181936398,0.7128889518277589,0.8857596855576233,-0.5239355358419022
373502.5,3509423.0848325016,779147.6781571921,5250981.159055281,0.2595736964679409,0.5111711942055734,-0.3772481850929523
373502.59999990463,3509423.050928109,779147.6629381485,5250981.139510381,-0.29638923706443243,0.07570994764611783,0.05692284696076655
373502.7000000477,3509423.048103747,779147.6170115527,5250981.0860711625,-0.46017334715055913,0.028345499644636618,0.3020610843033147
373502.7999999523,3509423.0313421595,779147.595409389,5250981.097411074,-0.25859179849507374,0.09587973996558219,0.22328224014473452
373502.90000009537,3509423.0211913995,779147.5976763461,5250981.163174629,-0.03251923679644038,0.037274598000308856,0.028245640287940965
373503.0,3509422.986619573,779147.5077305483,5250981.081624858,0.10188793601735208,-0.15423374668000633,-0.07743916641020743
373503.09999990463,3509422.9819901637,779147.444076922,5250981.186443537,0.2573407169707482,-0.5742657504490509,-0.05565539456428503
373503.2000000477,3509422.960603568,779147.3186239195,5250981.201662256,0.3112754309330939,-1.324654265172974,-0.21522647101422
373503.2999999523,3509422.9368612543,779147.2812401807,5250981.289048104,-0.015753615723712214,-1.2300399220755125,0.1603429667125038
373503.40000009537,3509422.8907023435,779147.3173484192,5250981.382109934,-0.3313675779641687,-0.19672718423421287,0.4495588096058247
373503.5,3509422.8592042434,779147.3551207234,5250981.505971824,-0.180792717414058,0.1925760682333575,0.14124910841708882
373503.59999990463,3509422.8084416273,779147.2202927432,5250981.586391165,0.07501398852092607,-0.9089164863942187,0.6677681243667948
373503.7000000477,3509422.872662349,779147.0769489778,5250981.666335084,0.80852315628748,-1.713279917231091,1.6627032910998514
373503.7999999523,3509422.8982265065,779147.0034397038,5250981.741465099,1.0410373791169172,-1.1922963539780866,0.9654826732764183
373503.90000009537,3509422.8846937576,779147.0900913439,5250981.855534506,0.28267236116067845,-0.6361012179308858,-0.214183413214311
373504.0,3509422.776233512,779147.021503487,5250981.900024741,-0.6987169908594223,-0.8401949139062381,0.29525218793093266
373504.09999990463,3509422.733720873,779146.7975699175,5250982.022978286,-1.079797422403039,-2.190264658366381,0.5984550477664943
373504.2000000477,3509422.732245375,779146.70018522,5250982.191920122,-0.614867562028737,-1.7599320035266643,0.793762778925859
373504.2999999523,3509422.7455795193,779146.7296447123,5250982.365492139,0.10269506161236786,-0.25521912839513305,0.7876075989390889
373504.40000009537,3509422.7349641025,779146.7620536669,5250982.4376772735,-0.2889758226371294,0.35951398558040637,0.123516856070232
373504.5,3509422.793207219,779146.7813557214,5250982.440018565,-0.1854022412409701,0.2685108679356816,-0.22347098370255924
373504.59999990463,3509422.8748114044,779146.7729092384,5250982.354569299,0.2316891167220876,0.2625046461448477,-0.21215459886436872
373504.7000000477,3509422.8792447494,779146.7322730706,5250982.166027372,0.21142495597694017,0.15743700122230564,-0.08141605814325192
373504.7999999523,3509422.8876669086,779146.7058954798,5250982.054655414,-0.03486355080645476,0.04417364178505068,-0.06647191078029024
373504.90000009537,3509422.8417025506,779146.7312229234,5250982.029192705,-0.27285144487653135,-0.1136989051398416,0.14973077586523154
373505.0,3509422.7482643947,779146.6555888514,5250981.9738813825,-0.6916153457551599,-0.8695978483282403,0.6564014353023557
373505.09999990463,3509422.6738653593,779146.5165957059,5250982.074582366,-1.1994845329159265,-2.0956596575178423,0.8851795260300843
373505.2000000477,3509422.673080733,779146.4204834164,5250982.180553246,-0.5727945481709774,-1.9104970664790741,0.6629362940010566
373505.2999999523,3509422.689437991,779146.3511546267,5250982.182125492,0.6041983081085552,-0.606203473196608,-0.38129672955849614
373505.40000009537,3509422.7071974953,779146.3998613423,5250982.249899541,1.002353615861803,0.4764271804976943,-0.4906484000720708
373505.5,3509422.6611163,779146.3908387074,5250982.328227975,0.612788766758938,0.6883195699263354,1.044869974618651
373505.59999990463,3509422.6271237684,779146.379266208,5250982.5093876915,0.07911015104060024,-0.45532204290466893,1.7835026159857703
373505.7000000477,3509422.767568029,779146.4697675754,5250982.812991866,0.2490299646080919,-0.6047177396844461,0.805646584271833
373505.7999999523,3509422.820678596,779146.4934952296,5250982.783480979,0.3927693834019847,0.3762386264975035,-0.5020795410307155
373505.90000009537,3509422.8498901012,779146.507635603,5250982.80575422,-0.11998563138923286,0.30029743513217966,0.03481321879920607
373506.0,3509422.857787084,779146.412073446,5250982.8876262745,-0.38541684828940875,-0.8122931001731004,1.379393118777763
373506.09999990463,3509422.9034269075,779146.2867308282,5250983.047718217,0.01189096348538033,-1.977434284068572,1.4980773390920783
373506.2000000477,3509422.9139867756,779146.190647912,5250982.992297601,0.36045918957046985,-1.3462027917087696,0.34758199833618786
373506.2999999523,3509422.933434541,779146.045292965,5250982.908563771,0.2982724807882716,-0.16819833142340457,-0.45146801994554586
373506.40000009537,3509422.8796453327,779145.7875054801,5250982.836573041,0.09433414412946704,-1.17779202625713,0.38679390191421437
373506.5,3509422.8563420516,779145.5616677168,5250982.85348607,0.20450181707570533,-2.3088438850000657,1.010551149854206
373506.59999990463,3509422.8770916243,779145.464571154,5250982.720878833,0.5095657080856959,-1.0801685951201705,-0.1566197955183215
373506.7000000477,3509422.985388942,779145.3980938061,5250982.637050447,0.3760568147036101,0.27150904745092674,-1.480868781652065
373506.7999999523,3509423.010006584,779145.3138658777,5250982.55306742,0.09179627514174045,-0.16644091561708763,-0.9746195000513724
373506.90000009537,3509423.044238416,779145.1421931174,5250982.606995735,0.10257075833422957,-1.3501271539862216,0.4520551846342187
373507.0,3509423.120021546,779145.0072968198,5250982.679846043,0.322468690748291,-2.0528161327764423,0.6856653503511163
373507.09999990463,3509423.142414398,779144.9628561187,5250982.6050376,0.4398818987863663,-1.04353859478843,-0.2793099863028443
373507.2000000477,3509423.207111617,779145.0309978026,5250982.631387029,0.1382850544653984,0.48620085936307333,-1.303950005938753
373507.2999999523,3509423.078258267,779145.0496479347,5250982.411925094,-0.17775115912290915,0.4865389706761647,-1.2490933632682442
373507.40000009537,3509422.980680603,779144.8717740133,5250982.139875663,-0.060312176825431156,-0.6539611648076331,0.05606214272626797
373507.5,3509423.0030833124,779144.7390835552,5250982.128008955,0.38754030000170764,-1.5714078280535873,0.5270643278139504
373507.59999990463,3509423.04611209,779144.7230689365,5250982.14596584,0.5337053238179704,-0.9899480413958059,-0.30013058895902045
373507.7000000477,3509423.011202658,779144.7562555457,5250982.080868955,0.1910193670384881,0.3584989803870542,-0.969272418273408
373507.7999999523,3509422.9072502083,779144.7724414672,5250981.991299333,-0.15730984704804463,0.43625069614998324,-0.7926364520181464
373507.90000009537,3509422.8795826016,779144.6949317531,5250981.843570444,-0.2704605650983165,-0.17854528893609256,-0.1995616684323629
373508.0,3509422.954152431,779144.5771794447,5250981.680023208,-0.25256064926667976,-0.2837939181153928,-0.009205727643104566
373508.09999990463,3509422.9768668623,779144.5498051568,5250981.747026582,-0.18431422796521543,-0.17257568806588353,-0.13193438066977148
373508.2000000477,3509423.0073082987,779144.4308486617,5250981.638000297,-0.07455962555539213,-0.15003477809302979,-0.21023228695685514
373508.2999999523,3509423.0313780243,779144.2732301382,5250981.504270905,0.25469037822892476,-0.5772272192318653,-0.11125952620690427
373508.40000009537,3509422.9831617842,779144.1347835218,5250981.432508001,0.43958942873173956,-1.0195947333575432,0.04703139295002767
373508.5,3509423.0166590456,779144.1708420127,5250981.602447418,-0.0887311246449224,-0.5830174957255849,0.09706778920473802
373508.59999990463,3509423.0092624165,779144.1111131484,5250981.521050205,-0.4456295984816274,-0.11199712494251202,0.1574688728534186
373508.7000000477,3509423.0434096726,779143.9791288499,5250981.5058160545,-0.028763132545772434,-0.8406496734029432,0.312844271082497
373508.7999999523,3509423.137192397,779143.824005638,5250981.571529485,0.560194958707346,-2.0155772168653314,0.4622572446058424
373508.90000009537,3509423.2057146872,779143.6846016503,5250981.631315756,0.5605817236658063,-1.860441378431851,0.36526365873910027
373509.0,3509423.3559121653,779143.7506682163,5250981.797182294,0.09462377918359421,-0.6794097121648193,0.30277603699655486
373509.09999990463,3509423.3449103693,779143.7122778653,5250981.917099246,-0.5398924404777367,-0.2884370289604945,0.3595868905986217
373509.2000000477,3509423.3485480878,779143.5750072425,5250981.952454526,-0.7683108711978315,-0.8493975763982462,0.5380522026577186
373509.2999999523,3509423.264061534,779143.4521333036,5250981.837127548,-0.2984376869044893,-0.7316806431344247,0.3133181969675567
373509.40000009537,3509423.137657412,779143.3792178154,5250981.688878551,0.10155072157693959,-0.16321806981453335,-0.22165586137903226
373509.5,3509428.7478654417,779142.498431249,5251007.035266541,-0.05206140414688547,-0.6018760895894317,0.4938996508050506
373509.59999990463,3509428.7434049533,779142.319123432,5251007.168980649,-0.672469518633235,-1.7366596289278036,0.29176800873305186
373509.7000000477,3509428.723835327,779142.1777422702,5251007.194774408,-0.2977007257404271,-1.6262447867465681,0.56508018853678
373509.7999999523,3509428.719761589,779142.1562289082,5251007.285104122,0.04681503575015216,-0.20542836306780998,0.8177288088038868
373509.90000009537,3509428.6599532203,779142.0937149341,5251007.289527876,-0.32355904151709763,0.17020583537647127,0.6145222682397655
373510.0,3509428.6214660597,779142.0782578203,5251007.245367962,-0.2305304570869502,-0.11353702578124825,0.40643782316314336
373510.09999990463,3509428.5976143326,779142.0541684644,5251007.193775459,0.21664491871439945,0.01641239689584495,0.1154493289666707
373510.2000000477,3509428.570001488,779141.9732390166,5251007.054462542,0.14995139345994055,0.04824746445428474,-0.12429493155783433
373510.2999999523,3509428.540736855,779141.9344873193,5251007.022086138,-0.1254675740519587,-0.09293451189948598,-0.18488060938133177
373510.40000009537,3509428.4955230514,779141.9707739694,5251006.986606054,-0.14395387060060874,-0.09793660504928425,-0.09084499133443114
373510.5,3509428.455465864,779141.9234773257,5251006.965647192,-0.11567620368120253,-0.07066404584013242,-0.10543244150985753
373510.59999990463,3509428.3878569,779141.8522980073,5251006.802247432,-0.07379940098648927,-0.0319112662215133,-0.15852344875036284
373510.7000000477,3509428.377607893,779141.8574356735,5251006.620374291,-0.00814676589218047,0.05485870370256407,-0.05896374064027299
373510.7999999523,3509428.4313812247,779141.8415864045,5251006.631979087,0.23289233718261854,0.24279328605625494,-0.03685203946668647
373510.90000009537,3509428.510397062,779141.8797771448,5251006.58661028,0.638904647967902,0.6094592699392933,-0.3208613588895135
373511.0,3509428.5964626586,779142.0018188696,5251006.498297385,0.7537026339078751,0.7634067839810683,-0.6107360835170343
373511.09999990463,3509428.6647508224,779142.1012281806,5251006.519087255,0.3949951677491509,0.5817661812537764,-0.6694514919784833
373511.2000000477,3509428.627272031,779142.1244255356,5251006.334672681,0.056464113308573954,0.451189633468708,-0.5518588493896281
373511.2999999523,3509428.592005756,779142.1443048111,5251006.27591793,-0.08342855006636866,0.26801994472026536,-0.3588407113294778
373511.40000009537,3509428.6084933802,779142.149721711,5251006.334514117,-0.2719822054638262,-0.032399402929037535,-0.30833313905379
373511.5,3509428.557535357,779142.1637373851,5251006.27163412,-0.21272594647514473,0.0796421377634573,-0.16302581024449037
373511.59999990463,3509428.3877435927,779142.1903079229,5251006.091853851,0.22045351801507634,0.7299221087641854,-0.09906636485364295
373511.7000000477,3509428.422354481,779142.1916693151,5251006.088269523,0.512723353621779,1.0011377665306398,-0.43712764084695
373511.7999999523,3509428.424559883,779142.2587178666,5251006.001995854,0.3693882252704418,0.7248761775756805,-0.5814590059643514
373511.90000009537,3509428.4248520983,779142.35351323,5251005.865157587,0.1679067080644893,0.628189268673573,-0.5160508570329414
373512.0,3509428.421209485,779142.3883204432,5251005.699740599,0.0345441140497956,0.6205586084758608,-0.42714723749851746
373512.09999990463,3509428.4316444863,779142.3764924522,5251005.658182729,0.03972650938812206,0.5380509284003452,-0.07584966457720732
373512.2000000477,3509428.439894337,779142.4038250523,5251005.581080679,0.18434586818518076,0.6512972953078986,0.11293226025565684
373512.2999999523,3509428.4243897847,779142.4317574674,5251005.546401566,0.21551754880081495,0.9176382784763177,-0.09652280511288414
373512.40000009537,3509428.350051143,779142.4942083118,5251005.594796539,0.04391162573552715,0.8527392523522934,-0.16837416665710503
373512.5,3509428.3451127103,779142.5705558527,5251005.635883998,-0.13969876396974684,0.5278185347913862,-0.037692399893449746
373512.59999990463,3509428.3814393724,779142.6134899494,5251005.728065792,-0.15528780600899006,0.61361019688173,-0.06946809244971242
373512.7000000477,3509428.4138276335,779142.7260998581,5251005.789072392,-0.27526433292474395,0.750213743185796,-0.13773309308659165
373512.7999999523,3509428.441521263,779142.8038941568,5251005.789814367,-0.45191620643437497,0.5757689317288168,-0.007874309845779415
373512.90000009537,3509428.472809845,779142.8761116845,5251005.791790246,-0.5282014003186178,0.48640908861595733,0.1450515915212529
373513.0,3509428.5620307988,779142.9986588348,5251005.846356531,-0.40240601489029804,0.41262973714388806,0.14888211382394623
373513.09999990463,3509428.600525737,779143.1477944454,5251005.898446362,-0.24942131968203976,0.3162970548627868,0.1335619235264769
373513.2000000477,3509428.696303059,779143.2951078257,5251006.017220331,-0.22304539767447332,0.3921276502164588,0.13720256947292064
373513.2999999523,3509428.7479163148,779143.3665191897,5251006.064460038,-0.2320082224448545,0.604585354953926,0.008599953080232758
373513.40000009537,3509428.7339605503,779143.4697737731,5251006.167674256,-0.3341468897154628,0.6626621199258764,0.08731620349306901
373513.5,3509428.610062885,779143.5070903867,5251006.147031417,-0.4625218336060788,0.5600807131826713,0.2852597921806064
373513.59999990463,3509428.5550102144,779143.5960792525,5251006.205979019,-0.5334918520838493,0.4402753405565818,0.14554135464567697
373513.7000000477,3509428.5555104637,779143.710958269,5251006.31896257,-0.39843488829312135,0.37005107628326783,0.02836952656782543
373513.7999999523,3509428.5657853656,779143.8631989474,5251006.613027626,-0.17168303475946167,0.41659915224305877,0.10316072904796236
373513.90000009537,3509428.537886261,779143.9685579176,5251006.625790338,-0.2712463431267629,0.5038093131869843,0.03851066946149562
373514.0,3509428.5223614993,779144.0055841594,5251006.695436552,-0.44721959503720216,0.5498436760082654,-0.056196886147834135
373514.09999990463,3509428.337283925,779144.0358666343,5251006.76206287,-0.24393092493296947,0.5269440640092142,0.07769769963078499
373514.2000000477,3509428.161373079,779144.2051063547,5251006.946313203,0.0034698802987184947,0.5284822402887741,0.1492250821150085
373514.2999999523,3509428.2020293465,779144.3745336997,5251007.192673444,-0.07391773675041527,0.5793701501485984,0.045507627629245206
373514.40000009537,3509428.1784738004,779144.3817698861,5251007.156170738,-0.20987960107983195,0.5978489530400282,-0.07508273010501476
373514.5,3509428.1984385825,779144.421535747,5251007.170858032,-0.0709665180749671,0.5354455215831351,-0.0959070249664622
373514.59999990463,3509428.198212094,779144.4653451943,5251007.168046023,0.02235370555387774,0.5227177310968187,-0.029602789113122085
373514.7000000477,3509428.172276084,779144.5642399791,5251007.187097473,-0.010865398742311124,0.6117691982608804,-0.06631690490307829
373514.7999999523,3509428.2194100246,779144.6748194449,5251007.287006238,0.022828204677231574,0.6156568654328041,-0.13321616230672362
373514.90000009537,3509428.1804253026,779144.711641034,5251007.245363346,0.04521897830213325,0.5265447310370206,-0.1823039218784297
373515.0,3509428.1277188994,779144.7781087302,5251007.233002873,0.08657172015162116,0.5647101016860674,-0.12275025748036494
373515.09999990463,3509428.144545853,779144.8600526424,5251007.265913874,0.189964599107038,0.6503588604753361,-0.16408873819075875
373515.2000000477,3509428.166721051,779144.9166776956,5251007.316312201,0.3182950610468418,0.5786374567699113,-0.33136451519096344
373515.2999999523,3509428.132380397,779144.9383609549,5251007.28550875,0.4153012806001805,0.41615516081400017,-0.31500930080039335
373515.40000009537,3509428.1752019245,779144.9370334005,5251007.2391562695,0.5541253656274938,0.3249019388301875,-0.2899868455495973
373515.5,3509428.145829693,779144.8684533014,5251006.975059347,0.5404059680742833,0.33549842923834916,-0.28207823866895154
373515.59999990463,3509428.187649866,779144.9338216791,5251006.988847448,0.39027388093096865,0.3457084604960414,-0.31836268195444895
373515.7000000477,3509428.3202965283,779145.0754217951,5251007.244836323,0.3712632233177082,0.3384398064095393,-0.3548974337641937
373515.7999999523,3509428.28112252,779145.1174350784,5251007.11718345,0.3975533487177701,0.3850153011930004,-0.3021823453735104
373515.90000009537,3509428.281614978,779145.1545845735,5251006.797559253,0.34976496422160186,0.4190658463309518,-0.3086453607788391
373516.0,3509428.3458380285,779145.1697234835,5251006.696724118,0.2987435821283417,0.4039989295907205,-0.24542876442339612
373516.09999990463,3509428.3794142613,779145.1722334872,5251006.576092476,0.35391991678434265,0.42550666908243073,-0.1654679144475084
373516.2000000477,3509428.45312947,779145.186500641,5251006.526901219,0.403546239925033,0.4948641322363798,-0.2892902982925003
373516.2999999523,3509428.5023644776,779145.1766117044,5251006.517792712,0.49013143250878005,0.5575851055456909,0.15540249195648403
373516.40000009537,3509428.507531322,779145.2075961062,5251006.462630972,0.27382660286381044,0.531024013043293,-0.22406083309251734
373516.5,3509428.466385762,779145.2395127099,5251006.371601275,0.19728531766508703,0.4958476888491532,-0.24882102495513347
373516.59999990463,3509428.5392889287,779145.3417476058,5251006.453773106,0.274335971776352,0.5928024328598269,-0.1787364045551394
373516.7000000477,3509428.586720665,779145.4828970106,5251006.491812684,0.36521706823318734,0.7854532055718124,-0.009071114795910162
373516.7999999523,3509428.628912976,779145.5558183676,5251006.499996014,0.09030699014530923,0.45363041452231556,-0.08121514201639535
373516.90000009537,3509428.6741133775,779145.6243806807,5251006.495026384,0.1075150590179595,0.6228296696298656,0.08831121743963344
373517.0,3509428.6529257335,779145.6696256351,5251006.365831749,0.1253363096328268,0.8554932055291431,-0.10197693693455179
373517.09999990463,3509428.6163850883,779145.7218619089,5251006.312335487,0.051961121119005416,0.8118651034148456,-0.26659445430055406
373517.2000000477,3509428.671925,779145.7629141342,5251006.347370898,-0.03695344228617474,0.5451874452033536,-0.14901490306420584
373517.2999999523,3509428.6162851746,779145.7916121817,5251006.142077009,-0.16638518241173647,0.5565157857813148,0.06387898359153432
373517.40000009537,3509428.619019933,779145.9114121754,5251006.208266672,-0.34484117355819577,0.5301190831969365,0.138686701135585
373517.5,3509428.701988969,779146.045532755,5251006.422719117,-0.33303258832212046,0.5791924303791163,0.2673037604117887
373517.59999990463,3509428.700163208,779146.0822950199,5251006.410571933,-0.2370693899843495,0.727013003785153,0.2710346678757176
373517.7000000477,3509428.666553684,779146.1473005296,5251006.4466597345,-0.3214453966985936,0.5481009956859779,0.10253083748817815
373517.7999999523,3509428.6361512123,779146.2309864992,5251006.574058813,-0.5014935296866333,0.43312308544506806,0.20135473034828966
373517.90000009537,3509428.6008612793,779146.3437284089,5251006.72890444,-0.43883273617614915,0.417561606206597,0.2575380269294252
373518.0,3509428.5792178167,779146.3572157102,5251006.763289064,-0.2444581957191212,0.4549831771043884,0.1638744827669809
373518.09999990463,3509428.504276086,779146.3083089051,5251006.699097737,-0.2562839319480374,0.5263550458299591,0.03950898429870353
373518.2000000477,3509428.4507467914,779146.3980515657,5251006.909309607,-0.35498195276971617,0.5994290113061496,-0.01946095422527705
373518.2999999523,3509428.466885216,779146.4298150153,5251007.119937024,-0.26268536777626117,0.6485568461100115,0.13276349804136967
373518.40000009537,3509428.3320422475,779146.4830199288,5251006.835496867,-0.20451329979156033,0.5774642881997423,-0.06172414311632579
373518.5,3509428.3320477144,779146.564706331,5251006.873722773,-0.10613056070102343,0.6947793609433219,-0.06857103467404002
373518.59999990463,3509428.2595203444,779146.7074418772,5251006.771774114,-0.11028527657685536,0.7761018767307775,0.1158547166484265
373518.7000000477,3509428.3315807157,779146.7831988869,5251006.803794663,-0.20805414054896051,0.5943117506001343,-0.05170953574684134
373518.7999999523,3509428.4016514155,779146.8482820851,5251006.882353899,-0.020276482711016647,0.4524568671673208,0.10182812626159166
373518.90000009537,3509428.4412401756,779146.8484972877,5251006.872740669,-0.10614529244765653,0.5326320028889597,-0.08387022903276709
373519.0,3509428.504806404,779146.921003568,5251006.970406708,-0.20741918352073319,0.803622602126282,-0.3904164911951371
373519.09999990463,3509428.493121212,779147.0199813804,5251006.913816761,0.07097491118798872,0.7313286770374674,0.05565873179727987
373519.2000000477,3509428.5032493966,779147.0944298866,5251007.046187373,0.2076964088545734,0.5092396642076551,0.17917043570643543
373519.2999999523,3509428.507283266,779147.1858925887,5251007.112566834,0.15814767378115815,0.5736515599202647,-0.2636795006837245
373519.40000009537,3509428.566731309,779147.2691954513,5251007.187808762,0.1648151389238203,0.4958438183241256,-0.3859305762433207
373519.5,3509428.6365545243,779147.3798869022,5251007.309906837,0.1851346723395375,0.4819062731568877,-0.14334004567986192
373519.59999990463,3509428.6663842187,779147.4924801948,5251007.287075242,0.2782949603490301,0.6391913311891457,-0.14623200389754132
373519.7000000477,3509428.7257918874,779147.5837210268,5251007.465507556,0.3742217883111793,0.5710630568050306,-0.3829869633152443
373519.7999999523,3509428.771987358,779147.6270069118,5251007.357931743,0.4425259112800428,0.40761842530885417,-0.4353727367395326
373519.90000009537,3509428.809064102,779147.5811976588,5251007.160163723,0.5102912392909903,0.17885687845985387,-0.1157185077419065
373520.0,3509428.9278971655,779147.6365584513,5251007.385599703,0.4346444578213876,0.032418680651502996,-0.18570571335003638
373520.09999990463,3509429.0070914845,779147.717241123,5251007.405038495,0.3951635996626591,0.24754677256369462,-0.47566071116021913
373520.2000000477,3509429.1216422273,779147.7187795711,5251007.409364011,0.39806760448816214,0.514626638151924,-0.2405381864059457
373520.2999999523,3509429.19107998,779147.7201034352,5251007.308767011,0.2773976537940923,0.448241446962669,-0.1769491079406853
373520.40000009537,3509429.2092454396,779147.7403154862,5251007.254339575,0.3751271911302147,0.40276965063197423,-0.24526243211989218
373520.5,3509429.198465774,779147.7442169283,5251007.10565455,0.5231370627834337,0.555215349626323,-0.18311680490662585
373520.59999990463,3509429.202523043,779147.7899709295,5251006.973606393,0.34495033255151386,0.4839599160633199,-0.3538270995959083
373520.7000000477,3509429.2594282012,779147.8711572428,5251006.915724874,0.2269886113820427,0.45388710976889257,-0.3378818724550525
373520.7999999523,3509429.3085299274,779147.9312212972,5251006.993081963,0.36264446296501734,0.6414391468765999,-0.11615607039200881
373520.90000009537,3509429.374181443,779147.9955207612,5251006.93875181,0.3733435991297949,0.7364261721967438,-0.29452932975199086
373521.0,3509429.4072206775,779148.0452203584,5251006.944605908,0.24252418160360648,0.6768360189731908,-0.2553518171822109
373521.09999990463,3509429.4246529425,779148.086004609,5251006.891722367,0.2205871964413213,0.5350173551285664,-0.07134599942955155
373521.2000000477,3509429.491551075,779148.1566336873,5251006.784317955,0.15530944926390441,0.5976531740989728,-0.16010346015789167
373521.2999999523,3509429.491526895,779148.1963089454,5251006.74778393,-0.03351800869281496,0.7385955744022255,-0.1046114874755597
373521.40000009537,3509429.5202467437,779148.289814629,5251006.727669764,0.06532169503469976,0.5426464977751095,-0.16185305561698637
373521.5,3509429.6016912144,779148.3610289631,5251006.819527592,-0.04850105198591274,0.5667039234796647,-0.012457847708920333
373521.59999990463,3509429.548987257,779148.4120504943,5251006.558711293,0.06428099805051482,0.745630500544074,-0.17424833811993778
373521.7000000477,3509429.5400596126,779148.4699515289,5251006.54919836,-0.032058672750459725,0.8059217532670928,-0.14871073618358377
373521.7999999523,3509429.528787528,779148.5383406584,5251006.599985252,-0.12046292753972312,0.5741633791915817,0.15097104651533844
373521.90000009537,3509429.4902282674,779148.6170120959,5251006.660949552,-0.2574930799796073,0.38004931138208065,0.08523414128060303
373522.0,3509429.4169032066,779148.6769789988,5251006.6037323885,-0.4390354994065927,0.665213821530557,0.22519300285106691
373522.09999990463,3509429.330837763,779148.7414179066,5251006.564311004,-0.5650995973017325,0.6728240289531016,0.29045499949692744
373522.2000000477,3509429.210571028,779148.7751674827,5251006.57870451,-0.5280853770530839,0.32661663969273746,0.27128939654276074
373522.2999999523,3509429.070097052,779148.7484143678,5251006.295670878,-0.44087242907747504,0.288405923036116,0.3009636689389996
373522.40000009537,3509429.079410048,779148.7782307471,5251006.402230712,-0.47034439320611166,0.40284687629432625,0.16516379289708727
373522.5,3509429.0696139983,779148.7700773227,5251006.325510296,-0.4244460910062786,0.45971991981938487,0.11788512524526062
373522.59999990463,3509429.096542186,779148.8526112081,5251006.368697353,-0.23952038507032458,0.47052511259400376,0.11346930146838385
373522.7000000477,3509429.097239231,779148.9244576304,5251006.269927312,-0.2187118821120779,0.5971082456315102,0.23130402704038833
373522.7999999523,3509429.111121586,779148.9754298095,5251006.191388735,-0.449878620261678,0.7030859425607332,0.2082906914739464
373522.90000009537,3509429.0923014525,779148.9892192238,5251006.2768422635,-0.43894862836080856,0.6182613264479784,0.10340942188446078
373523.0,3509429.039964081,779148.9630689636,5251006.14628717,-0.17419650372004186,0.5124278252671104,0.12427349482573824
373523.09999990463,3509429.0009716684,779149.0144477003,5251006.013600567,-0.048392507898791806,0.5326973615501203,0.09308635019156064
373523.2000000477,3509429.031114064,779149.145732524,5251006.107826807,-0.14186502173010793,0.6578504221269768,-0.03101372087427645
373523.2999999523,3509429.0895005264,779149.2966699364,5251006.099495335,-0.14019090699991796,0.713634767623951,-0.19402847469850126
373523.40000009537,3509429.1201277543,779149.3726365997,5251006.140304817,0.01073331475975361,0.5981003736041188,-0.1540543797628109
373523.5,3509429.0973327807,779149.4149712672,5251006.253729657,-0.10421822582064698,0.6552197040750087,-0.004358079061198339
373523.59999990463,3509429.1135252328,779149.4397671892,5251006.528202944,-0.12320995151947509,0.7937758238474117,0.05513399989148127
373523.7000000477,3509429.089631664,779149.4638127481,5251006.448713744,0.06394810667856006,0.6118787806588983,0.09760920851669663
373523.7999999523,3509429.086338259,779149.4942203627,5251006.430792582,0.1750726930580431,0.4895001861437578,-0.0698032960975059
373523.90000009537,3509423.335305903,779150.2927763211,5250980.970709435,0.3215058029545961,0.578057986298198,-0.32162302255142183
373524.0,3509429.0121486955,779149.5995610488,5251006.215380153,0.3996735799850277,0.5534046998548234,-0.6972668787899297
373524.09999990463,3509429.014381726,779149.5941971643,5251006.306989694,0.4648543202329474,0.4164881606818298,-0.7483250797936547
373524.2000000477,3509429.1131077353,779149.5809087757,5251006.7107783435,0.5434233382515169,0.3762287146780565,-0.12251023991340482
373524.2999999523,3509429.140740907,779149.5868802763,5251006.691980755,0.4318626145846505,0.35837054818225766,-0.2148450945428868
373524.40000009537,3509429.0806707973,779149.6724225642,5251006.563534586,0.37309863048869696,0.3322117902735897,-0.3602803894580404
373524.5,3509429.102864167,779149.723371554,5251006.429008833,0.328018952430109,0.424881597611531,-0.259353394608107
373524.59999990463,3509429.1059765676,779149.7921177358,5251006.386314324,0.2802562785388908,0.5439429116797712,-0.17561302924037925
373524.7000000477,3509429.069080194,779149.8784966532,5251006.349225092,0.2688984756383022,0.6559000921515405,-0.16235817690662113
373524.7999999523,3509429.0010331753,779149.9877572156,5251006.35008415,0.21566615266857195,0.6005518632367952,-0.19054903851212757
373524.90000009537,3509428.970263174,779150.0914787631,5251006.481392663,0.24588524512967438,0.48642690389136334,-0.20669470197746076
373525.0,3509429.0316009666,779150.1921851214,5251006.632602907,0.2825967243642869,0.6184079714023696,-0.05727264546568556
373525.09999990463,3509429.1001052973,779150.3307042832,5251006.770518216,0.17765134759123086,0.7129394637972055,-0.1696248059200709
373525.2000000477,3509429.1132624825,779150.4717374855,5251006.7483270075,0.12197171209444249,0.6673624753309468,-0.19166654584509146
373525.2999999523,3509429.1304974034,779150.5527489005,5251006.838356255,0.0971976689776571,0.5678499819170426,-0.09198281593314572
373525.40000009537,3509429.1708288845,779150.588750519,5251006.855996031,0.016237690143902812,0.574923178973215,-0.03474231193921362
373525.5,3509429.2083094716,779150.6024342043,5251006.86461275,-0.01213763984589842,0.660126428259737,-0.03736831172759825
373525.59999990463,3509429.256051354,779150.5899174735,5251006.955376301,-0.2069148194413341,0.6205135464319369,-0.04680178972217153
373525.7000000477,3509429.207187116,779150.5783365432,5251006.980865871,-0.38932979288510355,0.574776027185095,0.23042710176552283
373525.7999999523,3509429.1076614116,779150.619312388,5251006.867472582,-0.33549018634568273,0.5932981103934907,0.24870615829275433
373525.90000009537,3509429.0716796163,779150.6975725737,5251007.001349601,-0.3687608775426552,0.5983141983998124,0.15426014849665126
373526.0,3509429.027416433,779150.7892608678,5251006.981150846,-0.46955823844319194,0.4598999673727775,0.1319572946314942
373526.09999990463,3509423.262582232,779151.6241564638,5250981.423239924,-0.4262654710207855,0.38647553969243376,0.21705323438411206
373526.2000000477,3509428.996305069,779150.9738867306,5251007.233891072,-0.2767550776892286,0.4740124283433502,0.06044656073745536
373526.2999999523,3509428.9765939103,779151.04384143,5251007.19794209,-0.1742638642973117,0.596010319928773,-0.2002347614071951
373526.40000009537,3509423.2485579373,779151.837511303,5250981.545584378,-0.10689847176237195,0.5833168341245383,0.022924286402697724
373526.5,3509429.086385142,779151.1685371571,5251007.2851581955,-0.1274755187837406,0.5732861727622591,0.32016294462466455
373526.59999990463,3509429.073087217,779151.2535036794,5251007.242820992,-0.28280537264529043,0.7581491758620444,0.2932665106531811
373526.7000000477,3509429.051030987,779151.2989423557,5251007.334631085,-0.31513654719773926,0.7962297484101555,0.043383480367448435
373526.7999999523,3509429.140509572,779151.3701706742,5251007.633982233,-0.07807969286032436,0.6121297574750955,0.03317951928611418
373526.90000009537,3509423.2380436095,779152.2243138655,5250981.3286115145,0.011133859924886082,0.5068130111750051,-0.06651440182152335
373527.0,3509429.0819939063,779151.5056536058,5251006.991373362,0.13659339791880984,0.6115903361737338,-0.3171394313975444
373527.09999990463,3509429.136890955,779151.5504355468,5251006.874047633,0.2871228162886671,0.716158737030355,-0.14305858465739618
373527.2000000477,3509429.249092072,779151.5967339505,5251006.936353975,0.07662658358431554,0.5604109354040503,-0.06590767224022631
373527.2999999523,3509429.276028792,779151.6786474728,5251007.135903294,0.044193117543107126,0.5583698089719675,0.021801874370290797
373527.40000009537,3509429.2994980183,779151.737762844,5251007.207191641,0.10703002526169131,0.7523712715612376,0.024931580623976046
373527.5,3509429.3974719397,779151.7978954116,5251007.357010898,0.14679851688500942,0.7586597711130878,-0.38881366922773974
373527.59999990463,3509423.838796826,779152.3238336536,5250981.104946947,0.48233358431464407,0.40699082735314107,-0.3406613570588597
373527.7000000477,3509429.5317291184,779151.7901464982,5251007.558050599,0.5988882019050916,0.11582329304443562,-0.39390545021124357
373527.7999999523,3509429.4783458817,779151.8061436207,5251007.173990443,0.6438158622938925,0.22180981204903105,-0.3361154975610434
373527.90000009537,3509429.5568555547,779151.800287818,5251007.412027419,0.5152302920642627,0.3831908777008337,-0.4768887511537656
373528.0,3509429.578748603,779151.8261243124,5251007.332332861,0.3617187533555167,0.4493663614296679,-0.29201714394393186
373528.09999990463,3509429.568538624,779151.8905030584,5251007.103515106,0.36113973657222553,0.41317128034115314,-0.22088356072127713
373528.2000000477,3509429.5947259422,779151.977256003,5251007.255501971,0.24069335794343044,0.42195353925256285,-0.1368783798981701
373528.2999999523,3509429.6056505037,779152.0257506212,5251007.4370537605,0.286619571534876,0.44296925008920596,-0.0545432198137723
373528.40000009537,3509429.5764433164,779152.0808131658,5251007.467375023,0.5529449192760917,0.476178421149406,-0.13363949387438812
373528.5,3509429.5233263457,779152.1632321641,5251007.37880458,0.5418521565425322,0.6544655950370029,-0.1321532911860599
373528.59999990463,3509429.4853282827,779152.2061069239,5251007.25077161,0.34765452856902024,0.7112203656952829,-0.12823048851180374
373528.7000000477,3509429.423469132,779152.182458332,5251007.096227156,0.16704961866247225,0.542150045098758,-0.18294051718604187
373528.7999999523,3509429.3436132097,779152.191052668,5251006.836566573,0.09137139240288332,0.4787784672622024,-0.09588774362583674
373528.90000009537,3509429.3495290894,779152.2344675859,5251006.541381586,0.16509205201491206,0.655939236964862,-0.07479696974420325
373529.0,3509429.3728912417,779152.2628434388,5251006.352039678,0.20806437747190176,0.7445380079093198,-0.06048290097496345
373529.09999990463,3509429.2961770627,779152.3130566431,5251006.017668771,0.16729621073850054,0.6334830282512911,-0.08518058126399097
373529.2000000477,3509429.2530991645,779152.3683015062,5251005.826613703,0.12176651829134955,0.5697509877069749,-0.21503965003300518
373529.2999999523,3509429.325144563,779152.4328476711,5251006.029432428,0.08669818322880292,0.65764011596508,-0.09978487018599846
373529.40000009537,3509429.33178825,779152.4829689807,5251006.070451226,0.04228851520140223,0.631587114318684,-0.07125436908678928
373529.5,3509429.3850655765,779152.5084987441,5251006.059115481,-0.1077936502673564,0.46709068723894376,-0.10543002912850508
373529.59999990463,3509429.3770236075,779152.595463314,5251006.016758855,-0.2500479855915583,0.5279799347164413,-0.0020132999918791583
373529.7000000477,3509429.416898873,779152.6943041496,5251006.184558105,-0.16711222977247078,0.7764660474008096,0.1667936714525835
373529.7999999523,3509429.3829261526,779152.8078693999,5251006.082812153,-0.16676776865904144,0.8217770674434277,0.13589519287068885
373529.90000009537,3509429.344768886,779152.9001645417,5251006.085795477,-0.3927230982021875,0.6536158107640304,0.010486906667722451
373530.0,3509429.3139405805,779153.001289877,5251006.06385412,-0.5699502544269294,0.46955396007633965,0.11058310414127526
373530.09999990463,3509429.282295076,779153.0341834717,5251006.078953559,-0.5096289107052505,0.3585209235195279,0.19415717946977473
373530.2000000477,3509429.2318579373,779153.0269578003,5251006.080439885,-0.42183131928718426,0.41775879047305864,0.15137957873834829
373530.2999999523,3509429.168504925,779153.0207818694,5251005.976932944,-0.34215445956863805,0.4531453076776373,0.22935768328594186
373530.40000009537,3509429.1040289192,779153.0517516757,5251005.870290199,-0.36735470052736036,0.4706625638124464,0.3812758822265412
373530.5,3509429.049237133,779153.0375851,5251005.825780056,-0.5654179752754932,0.46811099822220825,0.2954133912582373
373530.59999990463,3509429.0402694074,779153.0395697135,5251006.0282575535,-0.39894419327000014,0.4388780891341355,0.26172142261816145
373530.7000000477,3509428.969287194,779153.0474216752,5251005.84358683,-0.16395375137142584,0.42640286470022915,0.32148281412051993
373530.7999999523,3509428.961091093,779153.0750132867,5251005.779915089,-0.17904885975436038,0.5360993906942682,0.33897564723180995
373530.90000009537,3509428.9317608173,779153.1117514118,5251005.684145856,-0.1617238098353658,0.7035346218732244,0.309916257904737
373531.0,3509428.896000172,779153.1732280153,5251005.761554113,-0.18289402857517326,0.6315379894661035,0.18752270448983133
373531.09999990463,3509428.8053501593,779153.2603777304,5251005.575714341,-0.17751936444246458,0.5505677302876109,0.2529767134048333
373531.2000000477,3509428.8093696306,779153.3110973756,5251005.581903346,-0.16219841004416052,0.6811452286569732,0.3794662912631832
373531.2999999523,3509428.7442740416,779153.3707221274,5251005.102706929,-0.13455467891267262,0.6028010421380969,0.20429393992512868
373531.40000009537,3509428.7713930276,779153.3944479716,5251004.802384635,-0.0038605120394841763,0.46204331336461735,0.000116475486090728
373531.5,3509428.8434646293,779153.4225884968,5251004.7883532755,0.07060354880898954,0.5917089607839259,0.014869114957600793
373531.59999990463,3509428.868597995,779153.4890354254,5251004.670959708,0.06374738166112044,0.6934470747571737,0.10355445718840617
373531.7000000477,3509428.937263793,779153.5415080754,5251004.911743939,0.1381638228640155,0.6544905693294254,0.061603081948104155
373531.7999999523,3509428.904994445,779153.60402679,5251004.851069138,0.23069942840497576,0.5357833527942191,-0.05029534845556238
373531.90000009537,3509428.727113379,779153.6790297669,5251004.220929059,0.2065920728680995,0.4984417988265335,-0.127633420493801
373532.0,3509428.6416370766,779153.7830072866,5251003.937526768,0.21480330081914542,0.6656438937656759,-0.08952437866058816
373532.09999990463,3509429.5348882386,779151.5908207422,5251004.185048428,0.16586810964692977,0.752278238046209,0.07789497609984952
373532.2000000477,3509428.561102086,779153.9876374535,5251004.110523159,0.2022101148988893,0.513005342909004,0.17947036317697407
373532.2999999523,3509428.687539143,779154.0839092138,5251004.703022014,0.4079348580689597,0.4542792019787427,0.02499534116783586
373532.40000009537,3509423.002702124,779154.9156066115,5250979.241709081,0.5451240128473989,0.5050725449200044,-0.42838236012435527
373532.5,3509423.0777203212,779154.948026265,5250979.198285465,0.6443003680210387,0.29656498366890816,-0.4708390577975443
373532.59999990463,3509423.16961115,779154.9614542773,5250979.174457758,0.6127358758079416,0.061943934879380436,-0.5454315179082272
373532.7000000477,3509423.2831584034,779154.9554058444,5250979.122721148,0.5990417847812824,0.0478382836791198,-0.2657322118181895
373532.7999999523,3509428.462850442,779154.372128812,5251001.853175641,0.5073995487919402,0.241938617130387,-0.09391512035721927
373532.90000009537,3509428.605176021,779154.3691204473,5251002.311243132,0.3606645229447376,0.292954689307102,-0.22808122054350033
373533.0,3509428.647193937,779154.4067799681,5251002.344056238,0.4760723994593992,0.22113145547583457,-0.2509769690159196
373533.09999990463,3509428.6740450813,779154.4592544861,5251002.452764466,0.6143057255691472,0.2841802507436597,-0.1460358044722474
373533.2000000477,3509429.455596219,779153.8886498852,5251002.045012577,0.5533156639157505,0.4566573181042344,-0.14254301317635942
373533.2999999523,3509428.953905111,779154.5384858998,5251002.740932456,0.4853208340090754,0.5061672982327678,-0.06311371918505149
373533.40000009537,3509429.125004674,779154.3833591843,5251002.422973297,0.3497736997638157,0.3933016233758977,0.023521431237551127
373533.5,3509429.0261735893,779154.4220543506,5251001.93147122,0.47201768158891816,0.4006355295735844,-0.022541988509610533
373533.59999990463,3509429.095861628,779154.4456892819,5251001.9045345,0.4884671030494524,0.48559824723948,0.08173904625158546
373533.7000000477,3509429.0485470863,779154.5106546608,5251001.461174022,0.24373773458845174,0.47578884662954124,0.23260281019278217
373533.7999999523,3509429.132289109,779154.562444736,5251001.680332675,0.3247745170102625,0.5221934164325717,0.3325005210028644
373533.90000009537,3509429.139917198,779154.6145368291,5251001.384991933,0.5118586998196116,0.6632447085158546,0.3964156475592082
373534.0,3509429.294402283,779154.6132628904,5251001.669240864,0.4943650450739721,0.6025602434870692,0.21138120004665062
373534.09999990463,3509429.429347242,779154.6267069647,5251002.073571072,0.22637836164757913,0.5551046827433694,0.2427960343545843
373534.2000000477,3509429.507990552,779154.6332622751,5251002.198036631,0.10132663030345714,0.5754017811738947,0.32313878610054125
373534.2999999523,3509429.5020376793,779154.718955791,5251002.197115324,0.18243168586159195,0.5868490822255268,0.2517451479153783
373534.40000009537,3509429.49173361,779154.8457654547,5251002.36940901,0.1695620992881544,0.6762792654779588,0.2765266852258508
373534.5,3509429.591528114,779154.9313284814,5251002.707498193,0.13363614004990743,0.5670128791195808,0.23500460156205882
373534.59999990463,3509429.646159153,779155.009450893,5251002.871252096,0.1104948589367188,0.5560275424065821,0.45575373428752997
373534.7000000477,3509430.5603991584,779152.7221226866,5251003.0696927495,0.1305963509650637,0.6438206476511397,0.621156161517888
373534.7999999523,3509429.7349639,779155.1635646323,5251003.588494086,-0.03250961593426545,0.6870895254270124,0.5394630483884413
373534.90000009537,3509429.6934829457,779155.2656213104,5251003.6900000945,-0.26573378922994695,0.6278104442015078,0.5125022708211437
373535.0,3509429.644371517,779155.3755376929,5251003.70875765,-0.4008371456761904,0.46385731573595734,0.4176976983908274
373535.09999990463,3509429.712399606,779155.4437535201,5251004.261490426,-0.5227818032975067,0.45069790261823783,0.29396900007557125
373535.2000000477,3509429.641364493,779155.485502045,5251004.018233306,-0.4475098994570313,0.5226242635705347,0.23519804380155218
373535.2999999523,3509429.7011277555,779155.5117419241,5251004.447585338,-0.24845305691486508,0.5053964519283198,0.1933594723511236
373535.40000009537,3509429.7136457926,779155.5357005042,5251004.456802241,-0.23819470230632672,0.4406765586217105,0.07226695156728447
373535.5,3509429.7996110558,779155.5481490138,5251004.861348468,-0.34411985528424455,0.45467845701451637,0.10485195077263754
373535.59999990463,3509429.7846865896,779155.5563180083,5251005.093990831,-0.3102621479723689,0.5769586612493782,0.15613195265126478
373535.7000000477,3509429.72975563,779155.6004050808,5251005.1709294785,-0.17013636950845326,0.6303842136784255,0.173823185093827
373535.7999999523,3509429.7614486213,779155.656693136,5251005.217463492,-0.18428949806884443,0.7642110084254625,0.33263763676498126
373535.90000009537,3509429.7551682866,779155.6465536536,5251005.042779146,-0.33823699972744686,0.8592289433052471,0.35681813271903984
373536.0,3509429.7656633635,779155.6491599628,5251005.137237559,-0.18567592789767406,0.5254174823108855,0.18608166507684754
373536.09999990463,3509429.704221088,779155.7569796124,5251005.179239864,0.06616446300553838,0.327980975845513,0.19692977377375875
373536.2000000477,3509429.63915563,779155.876274718,5251005.023377852,0.16495298696443747,0.6311489292974457,0.44224399580758966
373536.2999999523,3509429.654999675,779155.9646687743,5251005.146695337,0.22831088731298357,0.706317020898453,0.21039931269842604
373536.40000009537,3509429.686299973,779156.0540177906,5251005.444057025,0.08210298622905735,0.5821109197203427,-0.06002686060136675
373536.5,3509429.6132793096,779156.1415346126,5251005.407936504,-0.06441568868050825,0.6098572514549261,-0.03693648595029764
373536.59999990463,3509429.577349861,779156.2793642024,5251005.490858599,-0.0596205773109934,0.8845275160799773,0.06338054030575435
373536.7000000477,3509429.525952683,779156.4283391051,5251005.38179467,0.08294578849746341,0.8776637618390382,-0.010031003043992293
373536.7999999523,3509429.5374214845,779156.4815595492,5251005.258440949,0.22419048132056324,0.40734876146707677,-0.3683537086676463
373536.90000009537,3509429.565475043,779156.5420858848,5251005.307192606,0.34117043909587474,0.2508171683587648,-0.3337802448458742
373537.0,3509429.620120654,779156.6615815291,5251005.542585446,0.4110435894940794,0.4300250594943975,-0.2760925792080515
373537.09999990463,3509429.721778402,779156.7986535403,5251005.662165941,0.3987056486647687,0.6979412451707034,-0.27890635557804977
373537.2000000477,3509430.6965622073,779155.9327803864,5251004.388221736,0.34770434051617616,0.6309609782196901,-0.16287577223715743
373537.2999999523,3509429.8530206005,779156.9325434093,5251005.375147133,0.3327309497261091,0.28752165528268847,-0.4149148552192745
373537.40000009537,3509429.857453338,779156.9777035903,5251005.384659157,0.3356180179086451,0.5354552998442585,-0.3084793867286999
373537.5,3509430.8333091126,779156.6510311832,5251005.844403036,0.30330832916622524,0.5673857618636617,-0.2137167405723268
373537.59999990463,3509430.764857457,779156.6015669457,5251005.738432648,0.29080660013150245,0.10946538430885511,-0.5455681567494217
373537.7000000477,3509429.9138059635,779156.867893985,5251006.697584529,0.43174907715404975,0.13598500242578382,-0.4479896330065598
373537.7999999523,3509429.9163974784,779156.9842912008,5251006.852456913,0.48300442852060277,0.41690440080171953,-0.40197649663035495
373537.90000009537,3509429.8378755273,779157.1199424317,5251007.168468216,0.4992099415498758,0.3179204309937873,-0.6321154431531841
373538.0,3509429.9365377836,779157.1830278228,5251007.18298073,0.4481762359263109,0.11395739286434292,-0.5458694250213139
373538.09999990463,3509430.0467425105,779157.2268485186,5251007.173191084,0.5654044439068645,0.2392880581163226,-0.3205760397078148
373538.2000000477,3509430.149705447,779157.224076471,5251007.436251667,0.5652833042175789,0.3081831989688837,-0.2911107803317412
373538.2999999523,3509430.1304826792,779157.2375850946,5251007.424037755,0.4696332341298435,0.14608677227291622,-0.2368366717445758
373538.40000009537,3509430.1543683284,779157.2655822944,5251007.598389769,0.44954952967036715,-0.023806927141372114,-0.09965709241583642
373538.5,3509430.264761437,779157.2911450244,5251007.654166705,0.6635255699095489,-0.12588205080158588,-0.24681852114986924
373538.59999990463,3509430.3706411584,779157.3249480487,5251007.729142384,0.7321111799130462,-0.03803489530078252,-0.2566259071276171
373538.7000000477,3509430.3913398413,779157.2858715638,5251007.57335552,0.4294501404858656,-0.16124138389690756,-0.1197407627342475
373538.7999999523,3509430.3171985187,779157.2814621846,5251007.170268141,0.3428486853051158,-0.42000572349516574,-0.3463807135381751
373538.90000009537,3509430.4187939507,779157.2796617779,5251007.2437577555,0.5575703687445125,-0.3478604014270772,-0.41789771191601766
373539.0,3509430.4563023723,779157.3034845832,5251007.231696481,0.6547701349124486,-0.14071251918126393,-0.1886441062464188
373539.09999990463,3509430.5259721763,779157.3330029031,5251007.338596483,0.567351540962678,-0.18013208860702434,-0.08693730988343606
373539.2000000477,3509430.6711640893,779157.3022353312,5251007.567554478,0.48907788737301233,-0.33638846664579347,0.0160586107440146
373539.2999999523,3509430.8807592266,779157.2387164918,5251007.944963403,0.4997255419208829,-0.4528979991508564,-0.24911345017633035
373539.40000009537,3509430.9720286005,779157.2048813077,5251007.831274151,0.4300070195810901,-0.5582623861183791,-0.4762087284663741
373539.5,3509431.054076192,779157.1779519103,5251007.712786869,0.24933165946035102,-0.4578204329049953,-0.12472607610797493
373539.59999990463,3509431.09579142,779157.1445401963,5251007.752924583,0.16527015983190443,-0.4083477936230082,0.07391036222202096
373539.7000000477,3509431.1711642444,779157.1002741514,5251007.902866003,0.22213013549263094,-0.5275605502530496,-0.0011412625930642406
373539.7999999523,3509431.2280517938,779157.0350964847,5251007.803838085,0.3996721199037126,-0.5473806970415112,-0.13403887848030127
373539.90000009537,3509431.3127715252,779156.9885851615,5251007.8532761745,0.35389934954437413,-0.5055175389225681,-0.09385926461966587
373540.0,3509432.239853184,779156.0443794631,5251006.572786156,0.24023048401678945,-0.4686998684877395,0.15904610477224068
373540.09999990463,3509431.3930206005,779156.8493871039,5251007.677943008,0.2160788135131139,-0.5610099193430784,0.1275242596164876
373540.2000000477,3509431.437185957,779156.7921609123,5251007.682626833,0.26430576706535863,-0.6586753736162692,-0.10372926327067411
373540.2999999523,3509431.4462886,779156.7695495225,5251007.566840089,0.1172711521147465,-0.5702012665237532,-0.003748165277773552
373540.40000009537,3509431.565725129,779156.654157793,5251007.57704785,0.05877427403516979,-0.6176662381323581,0.0875437692649168
373540.5,3509431.6123686787,779156.5224769447,5251007.333812168,0.3740502258877284,-0.8167449233534967,-0.14030470957431795
373540.59999990463,3509431.6255596755,779156.3695681453,5251007.252612448,0.2817085705158393,-0.73853523844992,-0.14753533082696357
373540.7000000477,3509431.560072076,779156.2896016778,5251006.962293234,-0.03556532449164025,-0.46895034679400993,0.2994533047740946
373540.7999999523,3509431.4970078818,779156.2481931972,5251006.93631718,-0.0714979017163809,-0.4729290559874997,0.4593698054253972
373540.90000009537,3509432.3614861555,779155.3025575767,5251005.909599556,-0.11623183575022875,-0.7663969516012585,0.10577062035062745
373541.0,3509431.451809098,779156.1320594964,5251006.873673935,-0.20283749360512418,-0.7263428701167669,0.15110144710981732
373541.09999990463,3509431.4032248813,779156.1118759471,5251006.776075045,-0.3073239380202867,-0.3643609555168368,0.5341362897381572
373541.2000000477,3509431.4222998065,779156.03339614,5251006.715939965,-0.2532555021414311,-0.5360348403107196,0.37442233931029545
373541.2999999523,3509431.3890515766,779155.9334634572,5251006.761617034,-0.17063526127404216,-0.7491207899638894,0.18744059950595027
373541.40000009537,3509431.4025967885,779155.8353759757,5251006.738750231,-0.23292353681322622,-0.5389132110998105,0.19614489313389516
373541.5,3509431.398853465,779155.725144298,5251006.704959567,-0.25340545882319354,-0.3859788037222174,0.30115825210546543
373541.59999990463,3509431.3515150384,779155.6526246006,5251006.802422697,-0.297121092392909,-0.5369295026229608,0.4069011829223559
373541.7000000477,3509431.435661817,779155.5734058125,5251007.32968261,-0.4110228027445827,-0.6131307306182805,0.38099767442755805
373541.7999999523,3509431.440491091,779155.503799409,5251007.215625311,-0.3526271273071286,-0.3398940100987673,0.4471913976107924
373541.90000009537,3509431.3769851117,779155.3988696103,5251007.101873469,-0.4018748991061324,-0.3241512802216917,0.4226428139168199
373542.0,3509431.354434815,779155.323814104,5251007.1926132,-0.5477767452468015,-0.5378456224265662,0.39902151602321023
373542.09999990463,3509431.327981937,779155.3148619471,5251007.463919685,-0.4047055034705737,-0.40168297387500473,0.6492443375139052
373542.2000000477,3509431.5658038524,779155.2759525267,5251008.794502923,-0.2592371360164638,-0.126116961056006,0.7352359579175012
373542.2999999523,3509431.5818561325,779155.3123507524,5251009.2325096335,-0.3059957845743338,-0.024493395874081614,0.6566546245654168
373542.40000009537,3509431.5831482513,779155.3149148707,5251009.426959334,-0.4307963540678837,-0.20529421224764377,0.6295155283989553
373542.5,3509431.4751320626,779155.3412459153,5251009.303274086,-0.6661911348442384,-0.27476882310782713,0.5749599890413295
373542.59999990463,3509431.338479329,779155.3965733406,5251009.440255314,-0.5013624784649782,-0.040213229438847975,0.5645133828154352
373542.7000000477,3509431.187120988,779155.4024344527,5251009.159495338,-0.3843925004609244,0.06712910618649204,0.5206480602721797
373542.7999999523,3509431.0748490323,779155.3929001077,5251009.15962776,-0.6312631475993702,-0.037699938337112826,0.4615094647625444
373542.90000009537,3509431.074885435,779155.3750137376,5251009.429355075,-0.5220614108468135,0.014333742170066444,0.5532712091392993
373543.0,3509431.0181068447,779155.3781473776,5251009.404294206,-0.3179254141242635,0.13675924942730688,0.6679309212314886
373543.09999990463,3509430.9801044594,779155.3878516989,5251009.417454843,-0.37735668943934153,0.17301354766236443,0.7007242980916786
373543.2000000477,3509430.953976883,779155.4038033757,5251009.464094564,-0.5695192826923235,0.2619811505309997,0.6147895551674178
373543.2999999523,3509430.858875079,779155.4655204511,5251009.383450165,-0.5883870770270184,0.2781090869759879,0.3530247149098553
373543.40000009537,3509430.8672219757,779155.500606675,5251009.490931475,-0.4874675685022317,0.2667071379773702,0.20184689141762657
373543.5,3509430.818922144,779155.5158129019,5251009.276401181,-0.47904840797909687,0.3415604496129987,0.19540281939304904
373543.59999990463,3509430.7902149446,779155.524157044,5251009.267660412,-0.6619945363437387,0.30876642320878744,0.311740090795789
373543.7000000477,3509430.7820775597,779155.5266927803,5251009.342021273,-0.6087136982321695,0.25618841474899057,0.1909669782553145
373543.7999999523,3509430.757603698,779155.5533477479,5251009.412990577,-0.29507392286091355,0.41433658292473297,0.010032894523421376
373543.90000009537,3509430.7148616514,779155.5835464353,5251009.176315867,-0.22880406730531877,0.563013298525199,0.13253983951145987
373544.0,3509430.6645047804,779155.652640407,5251009.1965182815,-0.37110042460074705,0.5899868150573937,0.05556043561060875
373544.09999990463,3509430.603068779,779155.7281848959,5251008.945362691,-0.35827251104587154,0.519733653379447,-0.09392033921668386
373544.2000000477,3509430.672369471,779155.7961612708,5251009.290393915,-0.3052334977124597,0.5254192695829758,-0.049680679206171696
373544.2999999523,3509430.6438368848,779155.8509216177,5251009.229164844,-0.4587458312729058,0.6557539750965233,0.04225513097194167
373544.40000009537,3509430.618060819,779155.8995076143,5251009.201399401,-0.5433017275890779,0.6332543641392405,0.03603039124503393
373544.5,3509430.566022302,779155.947929226,5251009.180810984,-0.28535515606432615,0.589060318933619,-0.052374926691912016
373544.59999990463,3509430.5791640133,779155.9506698537,5251009.3915150175,-0.12577390928991938,0.41298194889591144,-0.15533214731276956
373544.7000000477,3509430.5429503075,779155.9049726832,5251009.018506484,-0.07948081923894021,-0.09488751924790506,-0.2959236416749631
373544.7999999523,3509430.5927296192,779155.8242038377,5251009.046336424,0.19600983995101764,-0.44869068542224966,-0.4025727971748294
373544.90000009537,3509430.6421622033,779155.77309211,5251009.144975228,0.1922808462747565,-0.328546539290123,-0.3650196792863847
373545.0,3509430.712384674,779155.7490566844,5251009.253964356,-0.039597488883874855,0.004166111416211038,-0.22279528058954234
373545.09999990463,3509430.6358152884,779155.7208133757,5251009.142500658,-0.12101532127326177,0.11676949851371177,-0.1717262619854134
373545.2000000477,3509430.599334854,779155.6543264099,5251009.037585143,-0.24070430372886575,-0.169691805410487,-0.390960950946762
373545.2999999523,3509431.542483038,779153.234314817,5251009.523421367,-0.5951196366374601,-1.242076902536617,-0.8243809126638011
373545.40000009537,3509430.710958325,779155.4488189929,5251009.816180932,-0.520749897796327,-1.6553980252921576,-0.9667841210068797
373545.5,3509430.6555098398,779155.4379907785,5251009.808211274,0.06756151563470064,-0.592773518488535,-0.40196578064439414
373545.59999990463,3509430.4659982924,779155.4297293707,5251009.246426826,0.052726299744200844,0.11931455999376794,0.23627245555148768
373545.7000000477,3509430.433480857,779155.3637731494,5251009.26360819,-0.2373047288471291,-0.14894357106462053,0.2987962730133482
373545.7999999523,3509430.4434430776,779155.2734024248,5251009.480294755,-0.21884331529848136,-0.44146933018678425,0.1380394820740074
373545.90000009537,3509430.3518268764,779155.158560295,5251009.313831989,-0.3957353528505294,-0.9853748953226642,0.002138912648928404
373546.0,3509430.3673973936,779155.0113368776,5251009.2676931005,-0.36784190304347686,-1.2536333224207254,0.08144437775979796
373546.09999990463,3509430.331874068,779154.8844116359,5251009.228783076,-0.23600492641576504,-0.8391487676340859,0.28970659011695954
373546.2000000477,3509430.2363894675,779154.6779035843,5251009.253254862,-0.6948648827805418,-1.554496828962975,-0.03917017394254074
373546.2999999523,3509430.0761303473,779154.5369505354,5251008.791963657,-0.7066280743844006,-2.055602138195759,-0.006819761660303847
373546.40000009537,3509430.0057120356,779154.4787643116,5251008.768989677,-0.3179921884845602,-0.7944522617064251,0.8456589550825244
373546.5,3509429.959409275,779154.4200600487,5251008.731509623,-0.19576502378542862,-0.020361625892824975,1.1590440917648355
373546.59999990463,3509429.9188039056,779154.4498733826,5251008.666606068,0.023462997096053633,0.042240423638951086,0.7915567687949174
373546.7000000477,3509429.81860094,779154.5171790442,5251008.596498275,0.2544761356880266,0.22929065855716857,0.6320172461406361
373546.7999999523,3509429.7221759395,779154.5727488946,5251008.595353666,0.25253294445321467,0.25971878955814276,0.5526190866849463
373546.90000009537,3509429.613626714,779154.6392822063,5251008.7040070845,0.06229038828195317,0.18075448372808722,0.30472471205073326
373547.0,3509429.47262045,779154.595724307,5251008.757499851,-0.8193233904484467,-0.4453398517875584,0.3650810397433153
373547.09999990463,3509429.344845993,779154.4622294343,5251008.726905833,-1.589625737541562,-1.8238658227476066,-0.10401929953749534
373547.2000000477,3509429.386351268,779154.3436104947,5251009.257964853,-0.8172245184600029,-2.013213768551303,-0.35018420773104086
373547.2999999523,3509429.3463349883,779154.341583004,5251009.163945624,0.6783424256562567,-0.33442745213989156,0.5171471988062528
373547.40000009537,3509429.35440315,779154.3586924832,5251009.173756503,1.1871871810690269,0.6817827817007966,0.5392467212791319
373547.5,3509429.4272954487,779154.365960859,5251009.418870776,0.5052452105722223,0.3670727450383353,0.127826572628309
373547.59999990463,3509429.441604354,779154.4295760982,5251009.55140694,-0.14331160708189525,0.17719946452323398,0.32171871755195447
373547.7000000477,3509429.3550781007,779154.4895658336,5251009.581676743,-0.35600400236482144,0.14915853806178347,0.39745524266295895
373547.7999999523,3509429.2311101304,779154.4922192199,5251009.4977883855,-0.4399449971256006,-0.20939326595413377,0.14845780129592168
373547.90000009537,3509429.1685195644,779154.4348216695,5251009.509296435,-0.45713486301688366,-0.7737655841729207,-0.1658247655075895
373548.0,3509429.2085578553,779154.3444062166,5251009.510492361,-0.09433927664198759,-1.197130215208304,-0.4297927103390373
373548.09999990463,3509429.2949023307,779154.2826483982,5251009.283508127,0.5430214488711561,-0.7602842668580578,-0.1254471308620122
373548.2000000477,3509429.3741848394,779154.2514744436,5251009.203630701,0.5655146606781105,0.2631741053369083,0.454426373823809
373548.2999999523,3509429.3488259553,779154.2864628022,5251008.923678951,-0.006302444649652853,0.5899430323520747,0.5033055483567956
373548.40000009537,3509429.4896199857,779154.2965034976,5251009.378190378,-0.2649123906066439,0.34209794533689575,0.3296598603889578
373548.5,3509429.351905068,779154.301557281,5251008.974840859,-0.4228588813331834,-0.028339880762963787,0.16013745696195425
373548.59999990463,3509429.319824908,779154.1324994102,5251009.069036176,-0.7107892608567584,-1.0947159654276817,-0.18127654547073302
373548.7000000477,3509429.2702035327,779153.9420666348,5251009.010980643,-0.40223165347634066,-2.2570331223016638,-0.646981951056044
373548.7999999523,3509429.212265598,779153.9047225792,5251008.845931469,0.6755071128519,-1.3059499316224787,-0.20964686918588793
373548.90000009537,3509429.2284503505,779153.8869280725,5251008.393752788,1.5295045108999725,0.46834252045370306,0.39869428812238894
373549.0,3509429.2449261122,779153.8726898511,5251008.47934618,0.9533185988201903,0.578529383414697,0.37960757597484296
373549.09999990463,3509429.2704740185,779153.8693618195,5251008.5509170145,-0.16605943861510317,0.008523980778576856,0.34271107109838894
373549.2000000477,3509429.2863717545,779153.8437055958,5251008.546467002,-0.5736396212430944,-0.1015703467634026,0.2277537973156738
373549.2999999523,3509429.151211443,779153.7623334008,5251008.416965926,-0.7945128945812125,-0.6658909291507911,-0.04438859511379878
373549.40000009537,3509429.1205378436,779153.6454159507,5251008.500446839,-0.751525477862284,-1.7586747566405805,-0.6926362599319509
373549.5,3509429.2899408843,779153.5242139766,5251008.77772211,0.24822080483992942,-1.6872591340264123,-0.7469196736708046
373549.59999990463,3509429.3473932757,779153.4958916542,5251008.809072926,1.1204433467780621,-0.24681629111674397,0.07304483790750815
373549.7000000477,3509429.30577309,779153.5094931801,5251008.634134461,0.6929940669153459,0.47362596021046244,0.32402589312776797
373549.7999999523,3509429.2953639776,779153.5057142344,5251008.532390486,-0.08331083151710329,0.19330956517016062,0.19131637247035282
373549.90000009537,3509429.3040733705,779153.4613498634,5251008.435793398,-0.28357070210128515,0.15417127901066152,0.2512573072851465
373550.0,3509429.3236582354,779153.4575789958,5251008.454032992,-0.30230966920059116,0.17860650860068716,0.1330029057413471
373550.09999990463,3509429.3217779915,779153.3555860381,5251008.500128686,-0.4006791758130966,-0.7060224174576746,-0.25043642348571726
373550.2000000477,3509429.266668268,779153.1876204384,5251008.315898413,-0.1697052879089844,-1.905707629712282,-0.7662242529060652
373550.2999999523,3509429.267253548,779153.1114344081,5251008.142600571,0.4794165422596005,-1.5014551780776273,-0.517292744778211
373550.40000009537,3509429.24084735,779153.1334059624,5251007.946934701,0.758789290004476,-0.5337883736960265,0.06793308486117056
373550.5,3509429.1076349057,779153.1182442254,5251007.552526265,0.18795142750070368,-0.24314394200146694,0.1516359817915527
373550.59999990463,3509429.035076541,779153.1085590557,5251007.468321821,-0.2545510354925907,-0.05167864548597123,0.2564188951515458
373550.7000000477,3509428.997613061,779153.1300664698,5251007.381738836,-0.08730570673194354,0.15811073991849156,0.2961815429902206
373550.7999999523,3509429.0133225955,779153.0816808952,5251007.27035197,0.01031648807397733,-0.12932388244085047,-0.0027676458480598853
373550.90000009537,3509428.985856578,779152.9415016874,5251006.96317772,0.0045215131793148065,-1.0467894923600696,-0.3974028317591234
373551.0,3509429.077581363,779152.8727859891,5251007.335849012,0.20658015073138408,-1.1439320018238348,-0.15866313212291505
373551.09999990463,3509429.21539223,779152.8752423276,5251007.373594427,0.40387426777897656,-0.22809020624458043,0.5055186794741484
373551.2000000477,3509429.2543616346,779152.9000335872,5251007.41906117,0.15992768958008907,0.2830163449719194,0.6637354317343789
373551.2999999523,3509429.3404706763,779152.9285005381,5251007.8122291025,-0.1489297956827042,0.32347440958641016,0.4559677406963818
373551.40000009537,3509429.4128470602,779152.8320902854,5251008.010877574,-0.3266019676672876,-0.40427132824255807,0.14557023550839876
373551.5,3509429.4637335245,779152.6985766864,5251007.948553685,-0.3644254722955767,-1.7110994905005654,-0.6611297849016795
373551.59999990463,3509429.5683690216,779152.6049319796,5251008.130286693,0.04127653507704799,-1.7881002846129803,-0.8263280895545408
373551.7000000477,3509429.711018641,779152.6030683409,5251008.2168886205,0.6021232108755984,-0.4474812708631788,0.3408565097447429
373551.7999999523,3509429.7613749597,779152.6065835379,5251008.299735135,0.4170365564091517,0.3287932965983771,0.9731335039707902
373551.90000009537,3509429.8566302713,779152.658890325,5251008.536900383,-0.01190225685134626,0.16446905498521858,0.659448171562997
373552.0,3509429.930117811,779152.6787267423,5251008.750429661,-0.12374030202317021,-0.01590287610822827,0.36519027938632664
373552.09999990463,3509429.811428524,779152.4988208981,5251008.660593834,-0.412043381065804,-0.9451498720503011,-0.030236180401436386
373552.2000000477,3509429.689726189,779152.3049067837,5251008.430161001,-0.5644439100656518,-2.1413623613858377,-0.7861710243285591
373552.2999999523,3509429.735157935,779152.2758726524,5251008.634215444,0.18885828710916217,-1.1168837535811988,-0.17255324206067257
373552.40000009537,3509429.7017258583,779152.2408789672,5251008.595664678,0.7001877240066986,0.2808601519829068,0.9476777345180105
373552.5,3509429.650270242,779152.2235809333,5251008.48465192,0.3030749702403773,0.06528028709665534,0.7542804225009281
373552.59999990463,3509429.6356503465,779152.2360421884,5251008.615680042,0.07941739146819966,0.10175142478723842,0.6604174949438004
373552.7000000477,3509429.6479135286,779152.2650384562,5251008.626934387,0.06624805908847996,0.2935118972005739,0.7186465921254701
373552.7999999523,3509429.529391521,779152.2913792079,5251008.391862537,-0.21626411323184433,0.08037076857479519,0.557453358205569
373552.90000009537,3509429.403708577,779152.1803579793,5251008.320127585,-0.601599279974576,-1.1099669337859623,-0.013918125293376882
373553.0,3509429.3099618447,779152.0094821424,5251008.038809273,-0.5241012187521207,-2.1138807358645764,-0.757173685189203
373553.09999990463,3509429.446336593,779152.0049576845,5251007.987012595,0.5585180556270787,-0.9860995687071039,-0.03765515310526002
373553.2000000477,3509429.6064252635,779151.963026355,5251008.040218298,1.3552809157655543,0.3966454909320092,0.8765244387467339
373553.2999999523,3509429.708371607,779151.9913572045,5251008.347584637,0.7281042713739695,0.3101278802425895,0.8537425368758065
373553.40000009537,3509430.079840978,779151.9734917345,5251009.9166572485,-0.2702618560580939,0.1548025158762556,1.0601325872126592
373553.5,3509430.133052429,779151.8582089049,5251010.199863557,-0.7910105529038092,-0.6079688316250795,0.9081910363070937
373553.59999990463,3509430.057484656,779151.7117119448,5251010.283538149,-0.552668281822416,-2.1105454254750455,0.11163362797357745
373553.7000000477,3509429.9835159793,779151.560852061,5251009.647799061,0.05389033722058253,-2.624680989729228,-0.4935942734786023
373553.7999999523,3509430.2155724685,779151.5275738307,5251009.700105274,0.8755776317214589,-0.8083777223070641,0.24478775499546224
373553.90000009537,3509430.2824396756,779151.5347810008,5251009.510876103,1.1981614672844,0.7304451911034775,0.8365711281423573
373554.0,3509430.350941021,779151.558471545,5251009.7183305565,0.39005972469606814,0.36868892625387417,0.40845100353824115
373554.09999990463,3509430.36766258,779151.6045741657,5251009.921515367,-0.30307809736765307,0.1897196270794197,0.3700838312891088
373554.2000000477,3509430.3296872377,779151.6534840227,5251009.83963469,-0.300889565508334,0.1871740284259289,0.3940335801648889
373554.2999999523,3509430.3307521055,779151.6572458036,5251009.964733352,-0.1754537351565963,0.027122522542740057,0.1962133063291791
373554.40000009537,3509430.1770436857,779151.5764609567,5251009.415251538,-0.27384053276591475,-0.8633421641666601,-0.20440148361467791
373554.5,3509430.2629230726,779151.4368445206,5251009.6702866815,0.005631252092158313,-2.1077705241812694,-0.927758243936994
373554.59999990463,3509430.320778556,779151.3856564232,5251009.66007135,0.4119469828547039,-1.0885867899401518,-0.5544410175910679
373554.7000000477,3509430.341292718,779151.3620922933,5251009.636498476,0.43308362743144385,0.19419247523483563,0.1404189464848411
373554.7999999523,3509430.6728799627,779151.3207810367,5251011.160819448,-0.062299189442630784,0.18074808561160438,0.3218519354585778
373554.90000009537,3509430.615293326,779151.3362760452,5251011.2571096765,-0.2535371235888728,0.2378338939615361,0.34669850592519946
373555.0,3509430.5004447466,779151.236712242,5251011.078254896,-0.33299874451267925,-0.4777013835887729,0.06341602974288474
373555.09999990463,3509423.6399731403,779151.8810723359,5250980.8193493495,-0.253829603335917,-1.8809726082018798,0.05898719139321873
373555.2000000477,3509423.643430267,779151.8352734619,5250980.858578819,0.07025105985201353,-1.129424884876208,-0.2764499853623317
373555.2999999523,3509423.656927805,779151.8234420584,5250980.905118057,0.2533898243029441,0.2681117237449655,-0.019712788631563782
373555.40000009537,3509423.6837838735,779151.7995549031,5250980.9622611785,0.051659987221549845,0.22493644337380658,-0.021822757245688607
373555.5,3509423.7237068177,779151.7386633097,5250981.021202988,-0.04421713248083984,0.026503524301631387,0.08111627203554406
373555.59999990463,3509423.7564288457,779151.5254177357,5250980.919858886,-0.21356847425698153,-0.9708138230761989,0.15985258607947994
373555.7000000477,3509423.781897897,779151.2761561079,5250980.9140370805,-0.2218568998416779,-2.7188193154704834,0.27045107305959437
373555.7999999523,3509423.830370305,779151.169167295,5250980.87123389,0.04406010468819556,-1.7979653394984538,0.21396184903054305
373555.90000009537,3509423.8246222427,779151.0547156386,5250980.812797377,0.06077652945971079,0.08918968699783392,-0.012214696559301963
373556.0,3509423.7902261186,779150.9973570695,5250980.734045804,-0.16640628221894008,-0.035020632032306764,0.08566915881093795
373556.09999990463,3509423.7753357906,779150.9863686303,5250980.656078054,-0.13268034378597462,-0.08803280086026177,0.05326288237864851
373556.2000000477,3509423.7635398516,779150.9974229932,5250980.620353539,-0.04616224941275938,0.242255875911205,0.016505682792093523
373556.2999999523,3509423.755621579,779150.9003695655,5250980.6645905115,-0.15047904399059403,-0.4973524062058914,0.3208733631310299
373556.40000009537,3509423.689438322,779150.73885359,5250980.684024812,-0.1433557014984064,-1.776860495798438,0.4751835268238729
373556.5,3509423.6568617537,779150.6649026825,5250980.691857494,0.27064871062860724,-1.3510484076350977,-0.12466387688798619
373556.59999990463,3509423.728885974,779150.6845051242,5250980.691560369,0.6761512117911254,0.1630753812522059,-0.5478208320345814
373556.7000000477,3509423.7810851256,779150.7218652962,5250980.7128389655,0.25052412807502855,0.6436116826668083,-0.22805004466404188
373556.7999999523,3509430.089216372,779150.0128184566,5251008.569661599,-0.19632625383712798,0.33626247153440403,0.5131155614530218
373556.90000009537,3509430.1095736064,779150.025222966,5251008.700628311,-0.4194776163149819,-0.0917711026304957,0.4027520208928683
373557.0,3509430.0962173785,779149.9081586133,5251008.63257383,-0.44129609713161594,-1.2384296139299096,-0.04961595441726008
373557.09999990463,3509430.008283085,779149.7296427126,5251008.538570797,-0.2892207163658274,-2.4927117559985277,-0.7694521219994161
373557.2000000477,3509430.063712368,779149.6561464918,5251008.720903248,0.28245471739495187,-1.4530918955645973,0.0013004226491002413
373557.2999999523,3509430.1572974916,779149.6690912741,5251008.79836733,1.2845807966083949,0.43924183670002037,0.9276434890769254
373557.40000009537,3509430.2132590413,779149.6117318347,5251008.745929955,0.987072402737026,0.7064260956875543,0.7921398924909973
373557.5,3509430.1467318037,779149.6271238222,5251008.551114131,0.266184122470376,0.0788423457362768,0.5105345555246172
373557.59999990463,3509430.066021298,779149.6898056756,5251008.560934062,-0.251225134247703,0.06305154671446189,0.5758146816008738
373557.7000000477,3509430.0426381603,779149.6422946678,5251008.541041919,-0.4408403271898042,-0.5747347485749188,0.27647461093530534
373557.7999999523,3509430.0744314566,779149.5532500325,5251008.5660267975,-0.07444847751395373,-1.7028018617160328,-0.28986809466591
373557.90000009537,3509430.17907575,779149.4055427758,5251008.474028475,0.7356829644845798,-2.061545867740456,-0.7401482011170089
373558.0,3509430.2095734696,779149.3521968322,5251008.489283251,1.287533549935921,-0.9530396856668801,-0.015560225233928193
373558.09999990463,3509430.2517693345,779149.2946569944,5251008.624167717,0.785174737236917,0.08951342848169475,0.8105091549303474
373558.2000000477,3509430.2172260396,779149.2823283381,5251008.614037408,-0.11842034591673233,-0.09392007547700842,0.56840326213125
373558.2999999523,3509430.1743956334,779149.2747246863,5251008.512516815,-0.38252129612124425,-0.11113806107331214,0.6104339232976397
373558.40000009537,3509430.193097517,779149.1788686208,5251008.467212098,-0.03920386520917382,-0.8272053920885938,0.24558478768219416
373558.5,3509430.2310487907,779149.0243492767,5251008.31827727,0.47988796266361183,-2.068222040885722,-0.696667982559771
373558.59999990463,3509430.2737826444,779148.9942336823,5251008.390591649,0.6260382460409492,-1.266189465460073,-0.2902603835331039
373558.7000000477,3509430.2638883027,779148.9701663288,5251008.410573831,0.1639199245608955,-0.003186524123862,0.6993592883457165
373558.7999999523,3509430.243248963,779148.9496026869,5251008.354957445,-0.14481109222488237,-0.0196686501409431,0.7600123335441094
373558.90000009537,3509430.2143913,779148.935187968,5251008.372605508,-0.12151070541361572,-0.15169251349619373,0.46496179622097955
373559.0,3509430.143704358,779148.8220820333,5251008.32929808,-0.10802935016209639,-1.1513036968744785,-0.04349708755813708
373559.09999990463,3509430.0990575408,779148.6141254082,5251008.172265857,-0.028734120325072627,-2.626007007361288,-0.6658520747244507
373559.2000000477,3509430.2056373493,779148.5334283836,5251008.450368005,0.3990708346965569,-1.4500151858315746,-0.07869307852611307
373559.2999999523,3509430.238830528,779148.4794901749,5251008.598380247,0.4648426584983368,0.29282972961761544,0.9347494605525304
373559.40000009537,3509430.2096106894,779148.5067327757,5251008.74674874,-0.20253981044108657,0.23074659828089494,1.0005465537756164
373559.5,3509430.1541265384,779148.4934477889,5251008.722148383,-0.5626814176209018,-0.4645934907388636,0.6687209450030904
373559.59999990463,3509430.034666818,779148.314729808,5251008.395393277,-0.47923603144718463,-1.989090724788305,-0.2845713727152228
373559.7000000477,3509429.9845433957,779148.1897563585,5251008.26225874,-0.015239740129421746,-2.007605153361503,-0.24066522861465334
373559.7999999523,3509429.994069755,779148.1395076261,5251008.387508741,0.17203551153729033,-0.22994389007189397,0.8600327950448907
373559.90000009537,3509429.969391767,779148.0563391359,5251008.448189826,-0.20709733229557292,0.5479674289315071,1.1722572273539296
373560.0,3509429.981755909,779148.0118990407,5251008.514531365,-0.15974808460626674,0.3073035026698321,0.832112857776516
373560.09999990463,3509429.952122673,779147.9299494962,5251008.457412322,-0.4349317657726477,-0.7493915529463138,0.24927680065903246
373560.2000000477,3509429.846884634,779147.7338971692,5251008.2447040975,-1.0192278593020228,-2.2895607509564897,-0.453009199136968
373560.2999999523,3509429.8416777407,779147.6349380431,5251008.213485827,-0.3440600347986423,-1.612222184685308,-0.032478228565058664
373560.40000009537,3509429.8553477856,779147.5562742394,5251008.224293004,0.4865690640418497,-0.0903808107557893,0.8303837672987697
373560.5,3509429.800508103,779147.5341430858,5251008.298403864,0.19046921508199352,-0.04487829357231021,0.5777420294370872
373560.59999990463,3509429.7907020063,779147.4606923086,5251008.322731839,-0.2840616506849995,-0.6742037768956521,0.2694289061799049
373560.7000000477,3509429.8457787875,779147.3943063262,5251008.355558453,-0.08904696797513277,-0.7418907631544087,0.3729623813200451
373560.7999999523,3509429.8501399863,779147.3850446196,5251008.253414738,0.3991661389228804,0.10855657855155698,0.4248370247114037
373560.90000009537,3509429.8919716342,779147.3981442251,5251008.221061888,0.31388571150352906,0.6191562358378988,0.5518553227429583
373561.0,3509429.7487897687,779147.3431982355,5251007.952738743,-0.5796353487116839,-0.15862716339558602,0.5717754270914703
373561.09999990463,3509429.65505231,779147.1904695327,5251007.7921759235,-0.8714214373214331,-1.543814385175203,0.050145386408061654
373561.2000000477,3509429.640468386,779147.0344021188,5251007.806873548,-0.031537855148746484,-1.773608550137368,-0.32851825879786123
373561.2999999523,3509429.766392289,779147.0447586025,5251007.9580682,1.0982594091874516,-0.33359612013892104,0.1792763076538888
373561.40000009537,3509429.7637833906,779147.0256167562,5251008.047376405,1.0998844670598962,0.7730312564886077,0.5952266096742704
373561.5,3509429.6374765933,779147.0076344706,5251007.974740348,-0.2741251912369536,0.30705125183521176,0.7589817342982057
373561.59999990463,3509429.602681929,779146.8645177322,5251008.086617127,-0.426816532964702,-0.85550435991793,0.7446352324590437
373561.7000000477,3509429.5617204183,779146.8205550936,5251008.135353352,0.8530270052697331,-1.0585561585709726,0.5833390566638688
373561.7999999523,3509429.6235583792,779146.8365843602,5251008.076079387,1.204706391194743,0.29751169139367306,0.4057777521960775
373561.90000009537,3509429.6966990787,779146.8815685292,5251008.321174567,0.4940662100375259,0.9068556140321249,0.1466772662115181
373562.0,3509429.6305293743,779146.8813728846,5251008.277186855,-0.04564436530243159,0.37558272313736296,0.3610496685336573
373562.09999990463,3509429.610240364,779146.8764562816,5251008.338604538,-0.6080195207253163,-0.24551956824560506,0.14027318069192773
373562.2000000477,3509429.577551961,779146.7941383484,5251008.307400668,-0.8802166392787457,-1.2166795904570478,-0.40670978279540293
373562.2999999523,3509429.581775291,779146.6379223603,5251008.413150343,-0.25473723517144237,-2.1045720833896056,-0.5210692889877189
373562.40000009537,3509429.663920061,779146.5364752986,5251008.659052573,0.34281170947590667,-1.4199324387959535,-0.23514001994532396
373562.5,3509429.6624044646,779146.4515329214,5251008.869412965,0.25474250136112675,-0.13016123521368428,0.4291139444257297
373562.59999990463,3509429.6340371748,779146.445189042,5251008.916318259,-0.22920203979075346,0.1858504911888872,0.7975677179435037
373562.7000000477,3509429.649980257,779146.4606499418,5251008.99779019,-0.29530682313875445,0.18001234664598087,0.5709950075023924
373562.7999999523,3509429.6693097595,779146.4996382296,5251009.148003197,0.17045930969386253,0.17384109919089497,0.3611646169525269
373562.90000009537,3509429.7531809597,779146.493633115,5251009.38845693,0.2148192202548768,0.05245331703395095,0.21664601313897247
373563.0,3509429.7859827443,779146.4503455776,5251009.439929406,-4.188793649995243e-05,-0.007222877652637294,0.10226602489235415
373563.09999990463,3509429.770214704,779146.3558452318,5251009.297303163,-0.1358410152479296,-0.5566387940591895,-0.05498452678775401
373563.2000000477,3509429.6756761195,779146.2216808891,5251009.198642493,-0.39184084866240604,-1.580733907355274,-0.29123596773633675
373563.2999999523,3509429.674480925,779146.074153438,5251009.311657884,-0.28515824842950194,-2.062523794407973,-0.1463124354087837
373563.40000009537,3509429.7603947357,779145.9762216313,5251009.324304801,0.27580428132761753,-1.3373661360577458,0.2511681435527091
373563.5,3509429.79370837,779145.8865277213,5251009.423311421,0.23053662615520235,-0.3224456048165507,0.48252166814397235
373563.59999990463,3509429.4814698217,779145.8281626565,5251009.48723879,-0.48749430884641565,-0.08667224968579745,0.620609111967191
373563.7000000477,3509429.351793522,779145.6719261843,5251009.541491545,-0.9413824608532742,-0.8768979747611922,0.6253202237658915
373563.7999999523,3509429.390887455,779145.510949976,5251009.631967675,-0.5873902546335327,-1.563041212034669,0.7274904546659196
373563.90000009537,3509429.274017991,779145.3488370315,5251009.547427142,-0.01956891862105448,-0.7946848060820102,0.9051799156368352
373564.0,3509429.122166645,779145.2317810069,5251009.609299518,-0.1047878325826489,0.04574733300359668,0.8611618712030209
373564.09999990463,3509429.083782603,779145.2356780712,5251009.762450592,-0.16538743360252384,0.15639442776546986,0.8804186405038443
373564.2000000477,3509429.0305155385,779145.1645484115,5251009.747753875,-0.28359599628744225,-0.14468294023509287,0.8107292522685148
373564.2999999523,3509428.944180487,779144.9438952232,5251009.62027967,-0.7632088550362184,-0.9112182966614029,0.8538397285493353
373564.40000009537,3509428.846747932,779144.7929934293,5251009.65873415,-0.40872068371395587,-1.6418305019756474,0.660797624515201
373564.5,3509429.060543168,779144.7150844024,5251009.604061832,0.9554924662096793,-0.9402631811150002,0.30142074942635055
373564.59999990463,3509429.177120819,779144.7469944424,5251009.710858704,1.3975111668853915,0.07866629164460193,0.3073005978997738
373564.7000000477,3509429.2694415837,779144.8133415696,5251009.905145337,0.24418714689697169,0.12418400732200041,0.3944353643411693
373564.7999999523,3509429.280516453,779144.808280457,5251010.054728419,-0.9145224109188483,-0.41804181129251106,0.6952901277487751
373564.90000009537,3509429.2579329917,779144.6629914638,5251010.016447708,-1.1811445795398579,-1.8319757804718648,0.22865042293904736
373565.0,3509429.332544791,779144.5488827364,5251010.0684544835,-0.25315492977495235,-2.009145046188763,-0.14390225064600592
373565.09999990463,3509429.4203138324,779144.549945586,5251010.023522152,0.920068188062753,-0.2244957756521373,0.6923653494867716
373565.2000000477,3509429.5079301726,779144.5854641928,5251010.175898386,0.9497760269014666,0.6761118413172937,0.7187499635288832
373565.2999999523,3509429.503731425,779144.4637149032,5251010.161809666,0.5240001830191586,-0.4030418402656224,0.6951621769625671
373565.40000009537,3509429.4207263025,779144.3272731273,5251010.016642843,0.6449930863862071,-1.4081268377487675,0.8461075119679649
373565.5,3509429.549102379,779144.3828717305,5251010.190694902,1.2887840022901427,0.09967293289059143,1.276427524920388
373565.59999990463,3509430.3220508597,779144.0455264348,5251009.534869053,1.2345442524781067,1.1909952810048239,1.2015702867755387
373565.7000000477,3509429.3877052898,779144.1710819072,5251009.757627705,-0.252867567408793,0.035116764132403944,-0.07940632408875103
373565.7999999523,3509429.429878242,779144.0692230071,5251009.788775026,-0.6577605293352592,-1.0502132353869769,-0.14669903380420024
373565.90000009537,3509429.525321526,779143.8352435651,5251009.7913325755,0.3806515616205559,-1.8645429569754555,-0.1902002876872233
373566.0,3509429.5471891486,779143.7223050987,5251009.723130209,0.8470933648853536,-1.3068258647765845,-0.28430186800724133
373566.09999990463,3509429.6311453166,779143.6285956083,5251009.7185321795,0.6375442988389376,-0.0553832316780003,0.30329373502446
373566.2000000477,3509429.6633772035,779143.5777214027,5251009.719728774,0.08562341868756437,-0.03843808487191325,0.3267418467090035
373566.2999999523,3509429.76226017,779143.5131666542,5251009.812032579,-0.10822370055318772,-0.7373295730857095,0.1785878252743469
373566.40000009537,3509429.7264459045,779143.3252938618,5251009.545647261,0.03461529673228631,-1.6472247626957142,-0.1433895460795922
373566.5,3509429.6986532398,779143.1915108007,5251009.392079774,-0.006207105014700406,-1.4451112671668724,-0.04689090777608662
373566.59999990463,3509429.7149749724,779143.0668044542,5251009.292810487,-0.10541298196552386,-0.08235271540793576,0.4592380474973039
373566.7000000477,3509429.6424094476,779142.9025247986,5251009.063562817,-0.3153004045273623,0.2902185806798627,0.31424398961311795
373566.7999999523,3509429.549415051,779142.7363053077,5251008.943691783,-0.5975164237693481,-0.7775732287621793,0.21430066995363095
373566.90000009537,3509429.7840889613,779142.526776864,5251008.774684439,-0.5865006591519291,-1.889773568049172,-0.0014242737992571364
373567.0,3509429.475475701,779142.5622685448,5251008.884954424,-0.24484619728476348,-1.3030104908013627,0.2428192857895377
373567.09999990463,3509429.4751910465,779142.5177572117,5251008.985408061,0.1509917109575521,0.07334247613029987,0.5868265317526893
373567.2000000477,3509429.560204545,779142.3804167517,5251008.515373961,-0.32429932339889905,0.4709856844431499,0.501017707118903
373567.2999999523,3509429.4656643183,779142.3566558777,5251008.5358616095,-0.2351447833423176,0.05476515936992854,0.1652758691036862
373567.40000009537,3509429.3703124365,779142.3200034619,5251008.393436238,0.12603342741237644,-0.1822426227735292,-0.06931526672788202
373567.5,3509428.8263698886,779142.3141906223,5251008.334177151,-0.1716088036968396,-0.36392437246941256,0.2847303925235556
373567.59999990463,3509428.7505150284,779142.1916898801,5251008.291833462,-0.45440438279857825,-1.006172131169805,0.5872484263603326
373567.7000000477,3509428.6054840675,779142.0212495194,5251008.173052987,-0.4166599967944997,-2.036824570255355,0.2445210098605619
373567.7999999523,3509428.6801024014,779141.9460936828,5251008.228832177,0.10851205663913382,-1.4758446296877636,0.4642266888482194
373567.90000009537,3509428.767945856,779141.9844785125,5251008.293922723,0.8075064741910152,0.07582216269904762,0.6661535415655164
373568.0,3509428.895002324,779142.0807939582,5251008.486331942,0.2756257578303666,0.13267234842579256,0.15366804232198827
373568.09999990463,3509428.89608302,779141.9452241079,5251008.450634838,-0.2281719444713362,-0.840748263607729,0.17056064779991775
373568.2000000477,3509428.8843070613,779141.8137955468,5251008.4139405135,-0.10761757941646764,-1.7936580043994397,0.0605954345265296
373568.2999999523,3509429.0242117047,779141.7918859995,5251008.713613029,0.5637411784959367,-1.27801211340865,0.13696941332456802
373568.40000009537,3509429.056029708,779141.7756184768,5251008.680358225,1.2483219497617173,0.007532705546246632,0.3329100812250907
373568.5,3509428.955298503,779141.8221075941,5251008.662409845,0.6764758972711047,0.23677232807192894,-0.08213913564067088
373568.59999990463,3509429.0379672535,779141.8283003123,5251008.771918669,-0.20948111462241814,-0.41444677867873736,-0.019158037192232413
373568.7000000477,3509429.0318798097,779141.6739078369,5251008.731696178,-0.1749914585765918,-1.583355399925125,-0.10009380266706636
373568.7999999523,3509428.8809811682,779141.5451601829,5251008.321577007,0.3072498644141767,-1.8215497265854523,-0.46492437186671776
373568.90000009537,3509428.831733693,779141.4607852784,5251007.886818108,0.6506610431118499,-0.21190412960350358,-0.10705470934693562
373569.0,3509428.86295689,779141.3953403875,5251007.965809815,0.5796688569248535,0.6254048093165423,0.032442714337663325
373569.09999990463,3509428.841205482,779141.3392757421,5251007.91357682,-0.08006033238595821,0.06231732288441094,-0.1702087883287664
373569.2000000477,3509428.780697804,779141.2426946211,5251007.912826334,-0.5996190512997019,-0.7785962544799929,-0.04191729996386773
373569.2999999523,3509428.6924111876,779141.0693001882,5251007.721990616,-0.3163241353540539,-1.5987987369077814,-0.2684731479200453
373569.40000009537,3509428.5916304993,779140.9625596715,5251007.348956317,0.4421990964820536,-1.0441703699218365,-0.23125591824023495
373569.5,3509428.5697573773,779141.0115381738,5251007.264751628,0.6555774396406914,0.3457976315105995,0.03594462651673336
373569.59999990463,3509428.6926334323,779141.1625251649,5251007.299647188,0.18126824940087014,0.6478575213904776,-0.03668604281201926
373569.7000000477,3509428.6499064197,779141.210963128,5251007.226998794,-0.38671942288022726,-0.008837462373534777,-0.0034504134913042606
373569.7999999523,3509428.6129690157,779141.0967525484,5251007.44260278,-0.40381494329238476,-0.8356306430509264,0.07714888279694243
373569.90000009537,3509428.5973198484,779140.9130283064,5251007.119760999,-0.005430694441230016,-1.7631958776936614,-0.2574806441608448
373570.0,3509428.6546500605,779140.8454929679,5251006.858800388,0.3256314527168048,-1.4161003022596717,-0.07313995971866838
373570.09999990463,3509428.6641841168,779140.8051259401,5251006.865504597,0.3785680342964051,0.06135205168796887,0.5190893346824321
373570.2000000477,3509428.6018411643,779140.8118015386,5251006.8888281435,-0.1355460485433875,0.4330499582698337,0.363889173976208
373570.2999999523,3509428.5484243874,779140.7426252265,5251006.888808017,-0.5856259948533881,-0.6112347451189422,0.15529060459012722
373570.40000009537,3509428.651802397,779140.6484639357,5251007.28463563,-0.694688999240697,-1.7467771708031066,-0.21986665236181935
373570.5,3509428.616851942,779140.5840140057,5251007.314054257,-0.355583061390872,-1.720535330211284,-0.2607352270902954
373570.59999990463,3509428.576079155,779140.6091555557,5251007.622669671,-0.019982101803111572,-0.5364924497861949,0.3942341057559666
373570.7000000477,3509428.5720600705,779140.597181539,5251007.811875214,-0.29751028703814136,0.17784002705386825,0.5759904332778323
373570.7999999523,3509428.4887128077,779140.5672606487,5251007.896338223,-0.43110525126370686,-0.08796518014338517,0.29317714623155844
373570.90000009537,3509428.4118448473,779140.4967053877,5251007.915203786,-0.4659235187703246,-0.8852216344539912,0.2705810519881382
373571.0,3509428.602360403,779140.4391774832,5251008.697778017,-0.28829704637687276,-0.945169620266654,0.49932991022389306
373571.09999990463,3509428.568245534,779140.4659572192,5251008.591080989,0.10501578824182926,-0.0631808710482531,0.5251979299264002
373571.2000000477,3509428.6651343955,779140.5624718288,5251008.900663836,0.0895620247754898,0.23924679969965723,0.37608732898033903
373571.2999999523,3509428.5971332025,779140.4843350141,5251008.969667264,-0.24508873582655386,-0.04343370980422634,0.32396109747850677
373571.40000009537,3509428.4565552864,779140.2105351056,5251008.927022489,-0.7549818774085566,-0.8436862833615919,0.38562554523161285
373571.5,3509428.4217474316,779140.0295477933,5251009.275572151,-0.9461362289515994,-1.6996781571272805,0.44246071728316405
373571.59999990463,3509428.402373062,779139.9983098262,5251009.260371442,-0.04760446324255318,-0.9725253244428558,0.565189413940173
373571.7000000477,3509428.539450382,779139.9765695167,5251009.373569717,0.754348837811557,0.06842581498310807,0.3376740031403509
373571.7999999523,3509428.502787477,779139.9497742348,5251009.5350539675,-0.04200695549661035,-0.3941538086607963,0.15871802681419034
373571.90000009537,3509428.4050093708,779139.9008790593,5251009.701642097,-0.8896222821024193,-1.2963639283448458,0.45195186684290256
373572.0,3509428.486881355,779139.862674503,5251009.8328959085,-0.19459656456470784,-1.0478638559321993,0.7416106820310935
373572.09999990463,3509428.5983262355,779139.8274671704,5251009.815423256,0.7163793137556562,-0.08391743520310513,0.455241392706327
373572.2000000477,3509428.6706317575,779139.7587502303,5251010.043056019,0.2517734875007,-0.13382963802992975,0.2036955075754241
373572.2999999523,3509428.7395586246,779139.7242237916,5251010.24979697,-0.5644033403524652,-1.1414775327520559,0.3666631235501283
373572.40000009537,3509428.7453764705,779139.6198244635,5251010.260579523,-0.4898142305770239,-1.8699962556379859,0.2135128442555212
373572.5,3509428.850871166,779139.6573899628,5251010.425626404,0.38443377631077313,-0.8677056371901699,0.17404070035807528
373572.59999990463,3509428.7163765663,779139.6352603558,5251010.022110946,0.4846537809393201,0.1522740734962298,0.013708377004325811
373572.7000000477,3509428.793425407,779139.5393800237,5251010.158636807,-0.254941970149566,-1.000536321957327,0.06512048872244325
373572.7999999523,3509428.82560819,779139.3651417147,5251010.2514235,-0.22456529888314594,-2.3709310741720486,-0.07034741708878123
373572.90000009537,3509428.786682618,779139.3049489735,5251010.015835983,0.35103810276660397,-1.6139265104676213,-0.1425315449666691
373573.0,3509428.8714782065,779139.2161987412,5251010.122868057,0.766567071157692,0.020912110969078412,0.07643285456353333
373573.09999990463,3509428.8616014533,779139.1052817632,5251010.270355468,0.5611940656568142,-0.04731525195213493,-0.17266309818966796
373573.2000000477,3509428.8723175405,779138.9855323298,5251010.284107663,0.19746414930998601,-0.9595546502569476,-0.22724455779065167
373573.2999999523,3509428.931441796,779138.868271696,5251010.564648604,0.10505409785804451,-0.6956737888099482,-0.05411294231437047
373573.40000009537,3509428.9550581407,779138.8188493381,5251010.702118138,-0.0862193115583673,-0.1510185611236352,-0.06740516794648599
373573.5,3509429.0844670166,779138.7185813921,5251010.741318344,-0.08303868203351886,-0.952438936987086,-0.21872087744545077
373573.59999990463,3509429.149578134,779138.5791358263,5251010.621806526,0.12510386986040656,-2.163922369892205,-0.6155308290999182
373573.7000000477,3509429.1482472885,779138.496144383,5251010.549042492,0.2128765590361691,-1.496633045596262,-0.352816735083624
373573.7999999523,3509429.1424159035,779138.4010326627,5251010.390981974,-0.1115492428014601,-0.1545944775146495,0.26936850526021683
373573.90000009537,3509429.2785801124,779138.2896082945,5251010.49089166,-0.5663283714449233,-0.9059884595481833,-0.08259157944227002
373574.0,3509429.3487089872,779138.1732422865,5251010.758676802,-0.44599006150500087,-1.6689939292778178,-0.12882457024831595
373574.09999990463,3509429.308815731,779138.1113928934,5251010.726717717,-0.10817656121498423,-0.7495175913929373,0.4090229197498152
373574.2000000477,3509429.270400813,779138.028973119,5251010.6811449,-0.03991650252785377,-0.05304413476002168,0.4386195047293189
373574.2999999523,3509429.2232122617,779137.917236672,5251010.601706667,-0.4831643198016099,-0.6647181327065965,0.2802762869906994
373574.40000009537,3509429.207972662,779137.7458419662,5251010.706925786,-0.7994265300617063,-1.7049090282853356,0.4229059798111523
373574.5,3509429.0997112906,779137.65679253,5251010.549959567,-0.3748096602378196,-1.1626348444416479,0.7017607287585497
373574.59999990463,3509429.056872958,779137.6189667395,5251010.5750784315,-0.2404391246830158,-0.07312036818654377,0.6588074301574354
373574.7000000477,3509428.9946646485,779137.4967070183,5251010.6505168155,-0.57893764655784,-0.10651664349588685,0.3324945134682231
373574.7999999523,3509428.8710839506,779137.3050154113,5251010.611599142,-0.6412616504693348,-0.6498905313113568,0.8026059490755202
373574.90000009537,3509428.854877248,779137.1753868454,5251010.772286449,-0.5949385046799711,-1.4375422812943413,1.004923895542304
373575.0,3509428.8449897794,779137.0753523849,5251011.28770608,-0.07926405053521689,-1.3237086603827777,0.5387265418686207
373575.09999990463,3509428.49059735,779137.0445819296,5251011.235339659,0.7035734756227235,-0.3180734898095068,0.1719742918113889
373575.2000000477,3509428.5014213813,779137.063844777,5251011.421417449,0.3699360508129453,-0.004483713811218593,-0.12637128475347303
373575.2999999523,3509428.58020316,779136.9856537469,5251011.52854375,-0.3820396705834097,-0.8056529458327262,0.26803850647504035
373575.40000009537,3509428.6294137086,779136.8736669653,5251011.754845604,-0.47875237298015266,-1.8311689457025864,0.15536311931076163
373575.5,3509428.791045401,779136.8643289688,5251011.922762945,0.19852134647453967,-0.9853070014662109,0.060920477553113805
373575.59999990463,3509428.83458641,779136.8374722927,5251011.532552603,0.7197322512526851,0.3394624586517594,0.44236700965139253
373575.7000000477,3509428.9174336055,779136.8384432276,5251011.759023615,0.11153819954287018,0.018647362188424665,0.1999431988847835
373575.7999999523,3509429.041063134,779136.8210847729,5251011.755576066,0.20834622854738452,-0.4950002632904642,0.31333923286226106
373575.90000009537,3509429.113255447,779136.8247649301,5251011.81650164,0.7886278876644103,-0.19192788614697065,0.45540134615419614
373576.0,3509429.100672175,779136.6598347509,5251012.140128373,0.2834296612600455,0.12506323954902143,0.10395911057947149
373576.09999990463,3509428.875670215,779136.2773465558,5251011.536611037,0.04521886167109484,-0.15672300237887526,0.04787194318106991
373576.2000000477,3509428.819645706,779136.2765452559,5251011.3798589865,0.31198207168422365,-0.12741528256855617,0.23341739119804839
373576.2999999523,3509428.829717596,779136.3184788809,5251011.563772495,0.03886855102414604,-0.09273401589630481,0.07361068401602822
373576.40000009537,3509428.8699213504,779136.3111277339,5251011.533258897,-0.32399046825550537,-0.5830370160822156,-0.15280058126114948
373576.5,3509428.807321871,779136.1950465937,5251011.449398214,-0.09860079994089814,-1.2175189479349129,-0.05762394402479121
373576.59999990463,3509428.753200265,779136.0288532533,5251011.325322695,0.5388899505783643,-1.469603224352113,-0.12346483129679786
373576.7000000477,3509428.7224068553,779135.8695841179,5251011.127096076,0.7577540535533357,-1.1129290292388845,-0.46388244125167066
373576.7999999523,3509428.580082097,779135.7355251948,5251010.332374525,0.4926326809071755,-0.6181057395862055,-0.41261289590262606
373576.90000009537,3509428.5552985966,779135.5816423018,5251009.921227325,0.6028363433009072,-0.15926583283646067,0.07490179812762499
373577.0,3509428.622222609,779135.4813852143,5251009.921478064,0.6117979432894497,0.03206562641227606,0.24827023741746235
373577.09999990463,3509428.5916752955,779135.3793797343,5251009.618459436,0.25075224867608664,-0.24706638828039473,-0.06550580161307984
373577.2000000477,3509428.6097630886,779135.1986927469,5251009.634162399,0.3364518439710093,-0.6759280921770312,-0.38294022134792893
373577.2999999523,3509428.5327235917,779134.9638771561,5251009.171830365,0.791505087147526,-0.8108169952244921,-0.5986236285553632
373577.40000009537,3509428.6562168407,779134.8959568313,5251009.043542717,1.01383952963244,-0.6343728957232742,-0.5749804662972444
373577.5,3509428.7273409325,779134.7973898638,5251008.811423994,0.9450195891931578,-0.3406836939958353,-0.33740590078423427
373577.59999990463,3509428.8221937297,779134.5965890805,5251008.8053061385,0.8909465610830675,-0.29987220971446504,-0.41010221222065546
373577.7000000477,3509428.9283814775,779134.5242598342,5251008.659561488,0.8826304033375689,-0.22639978992468457,-0.5323112844883804
373577.7999999523,3509429.0367359216,779134.4212496725,5251008.498614526,0.9193146602998076,-0.0738920905256677,-0.49531054325412605
373577.90000009537,3509429.2440104694,779134.3299646149,5251008.683939216,0.9292174511118788,-0.1471647824058735,-0.5513704964857551
373578.0,3509429.5755951116,779134.2868356366,5251008.929555965,0.9083154958678189,-0.20235289593676242,-0.6824186820707903
373578.09999990463,3509429.713046007,779134.3763149086,5251008.808963592,0.7093104325991744,-0.04860861085612811,-0.5960366682190976
373578.2000000477,3509429.884133684,779134.4897357651,5251008.840140485,0.6357869225949146,0.2114162820398846,-0.4897703246077656
373578.2999999523,3509429.979268531,779134.5359173729,5251008.809834139,0.8235665210190833,0.14582720503506152,-0.674862321022557
373578.40000009537,3509430.0475399354,779134.6985468046,5251008.825193518,0.7832788633066724,0.037913546887736516,-0.6861141456485074
373578.5,3509429.8980329223,779134.8048928146,5251007.836042116,0.7023692067778272,0.301708125141964,-0.33060284412775776
373578.59999990463,3509430.2398417555,779134.953274892,5251008.737303921,0.5846563047944102,0.5130350978842984,-0.17268299914160856
373578.7000000477,3509430.4200226543,779135.065630357,5251009.051136799,0.6453928358811645,0.5987901591324203,-0.3276869037373933
373578.7999999523,3509430.5832621627,779135.1049116871,5251009.20807884,0.7053065222023102,0.6434030348002224,-0.36953461642454233
373578.90000009537,3509430.5411425605,779135.1381973414,5251008.838535994,0.5699532412216581,0.7248552172489298,-0.5997252896795118
373579.0,3509430.4892490124,779135.2940515731,5251008.639447374,0.4676166167747449,0.8177096025285309,-0.6801372443718083
373579.09999990463,3509430.5323541397,779135.5545665488,5251008.702695435,0.3965797250372143,0.7967064812916362,-0.29437433663381096
373579.2000000477,3509430.5666553224,779135.7022886823,5251009.018926941,0.40377394047039167,0.8123176555309115,-0.317391833579026
373579.2999999523,3509430.4863697337,779135.7598303688,5251008.713725218,0.4022899158246287,0.9162479377445507,-0.4256950602724876
373579.40000009537,3509430.4783872203,779135.8277437906,5251008.821401596,0.3766931367305014,1.031337732862042,-0.2180687338320606
373579.5,3509430.5151788224,779136.0010398519,5251009.018838425,0.21317283548893398,0.9950623217364125,-0.24348236859832273
373579.59999990463,3509430.43734699,779136.1639391049,5251008.9221568545,0.06665333279988467,1.0238180678880298,-0.2420302512174768
373579.7000000477,3509430.458065782,779136.3247786915,5251009.203886947,-0.020323394946360356,1.1683263522533665,-0.26155903710239503
373579.7999999523,3509430.414848822,779136.4941483843,5251008.884084018,0.01415398759876773,1.1887235460552716,-0.515997777510564
373579.90000009537,3509430.447720216,779136.6956614275,5251008.709314625,0.23278266303337516,1.1412431233767393,-0.6045476454713183
373580.0,3509430.486268328,779136.9009398825,5251008.66595959,0.15806010283469166,0.9421944159085669,-0.7143076914981554
373580.09999990463,3509430.4828266916,779137.0524931279,5251008.565030661,0.2317308375247827,0.8652545837978778,-0.5876423428391417
373580.2000000477,3509430.464464588,779137.2339028649,5251008.486324914,0.2901077759334954,0.9684651434675402,-0.34829147822581863
373580.2999999523,3509430.5551619953,779137.3851962168,5251008.599541421,0.08956876214602716,0.9726499816466401,-0.25817204997823406
373580.40000009537,3509430.6653694785,779137.5429773887,5251008.563322925,0.040835381659073106,1.084632792298649,-0.15538354904812657
373580.5,3509430.759824173,779137.6518246954,5251008.43926117,-0.04864714904667759,1.0690629100078795,-0.03888203277329616
373580.59999990463,3509430.8876446583,779137.829168429,5251008.508518175,-0.20332346237821183,1.0206642460495061,0.08072608903116407
373580.7000000477,3509431.0733125336,779138.0741325599,5251008.820175371,-0.17069956464567484,1.1929965693727524,0.038800911815056516
373580.7999999523,3509431.0992970783,779138.2970824211,5251008.9594162805,-0.13165194151990914,1.148492777484016,-0.14912557846690966
373580.90000009537,3509431.136489672,779138.4947251864,5251009.091817014,-0.22017857068173635,1.107744008891956,-0.1257495860411444
373581.0,3509431.125051504,779138.6632113407,5251009.095620022,-0.3238372884316882,1.0224371668324324,-0.14923940424412674
373581.09999990463,3509431.0841620974,779138.8102298564,5251009.136748136,-0.29864732881922623,1.006789751579177,-0.18044496298661095
373581.2000000477,3509431.0111185783,779138.9473847392,5251009.281907022,-0.2331240213560746,1.1259007349842491,-0.06224454186633732
373581.2999999523,3509430.9719324675,779139.0393469926,5251009.376665233,-0.3418421789361821,1.0685570898402332,-0.12754178969989738
373581.40000009537,3509430.955816495,779139.1372388009,5251009.369847565,-0.4095595033551478,1.0125520616268489,-0.049998325907732344
373581.5,3509430.921558152,779139.2217511358,5251009.480357607,-0.31052188372428496,1.0631990313646895,0.002176989090806103
373581.59999990463,3509430.8501507514,779139.3290893289,5251009.324724477,-0.31854043330216514,1.1319834440684033,-0.1442095821208298
373581.7000000477,3509430.83403076,779139.4512263584,5251009.423679846,-0.4719454839367148,1.1468478030265103,-0.08501166539494243
373581.7999999523,3509430.8455470256,779139.5991324938,5251009.742213257,-0.4498026233106919,1.07339609376465,-0.04167049261080358
373581.90000009537,3509430.908646705,779139.7543438934,5251009.816034106,-0.4187633869727488,1.2595133361933861,0.0673398540965664
373582.0,3509430.9064818774,779139.9541602923,5251009.838163664,-0.4312044179124022,1.8403584555482695,0.4325574006254804
373582.09999990463,3509430.920307339,779140.1380771986,5251009.899019987,-0.33747137959643797,1.9354902664215459,0.5415980503547653
373582.2000000477,3509430.877741922,779140.2161561716,5251010.11134743,-0.5111345059229101,1.2272675773285968,0.10381599477252479
373582.2999999523,3509430.8197124205,779140.3304985781,5251010.443531617,-0.5678099696972126,0.7516905730108405,-0.22334003034520933
373582.40000009537,3509430.9032690898,779140.5320359613,5251010.6352846585,-0.2549650569265441,0.9557303887939952,-0.15017320545772872
373582.5,3509430.928662001,779140.7614020534,5251010.762527855,-0.3648801260498364,1.662680759605749,0.23734036344377785
373582.59999990463,3509430.9728712975,779140.893549454,5251011.074286717,-0.4662969633230737,1.8889621121303364,0.3260786743918196
373582.7000000477,3509430.944658337,779141.0030429187,5251011.045605793,-0.09143891595786306,1.321566153062797,-0.18880818145823852
373582.7999999523,3509430.9421667005,779141.0068668533,5251010.872519386,-0.020885504129877414,0.8470907054137058,-0.510475418351807
373582.90000009537,3509430.9465241143,779141.1598023773,5251010.837184495,-0.11926146081340203,0.9716096795112108,-0.3682140456909906
373583.0,3509430.9920287323,779141.3778053868,5251011.040473565,-0.093897366970126,1.7346628233709183,-0.05034745867794932
373583.09999990463,3509430.9858228024,779141.6278762284,5251011.15103622,-0.0762916732964435,2.01230925913125,0.07659528073294997
373583.2000000477,3509430.932585915,779141.6681485623,5251011.048692918,0.137957152646306,1.128188325225345,-0.3648490404647138
373583.2999999523,3509431.004763065,779141.7059836611,5251011.0637292,0.42759088630402076,0.3772762952219182,-0.7862783051550171
373583.40000009537,3509431.128666468,779141.7883260418,5251011.188873248,0.3197159036972508,0.38399248957582444,-0.6511245038427571
373583.5,3509431.1646877723,779141.9344040912,5251011.28485225,0.3928552210636671,0.9472502205374482,-0.6557623475753545
373583.59999990463,3509431.1396424538,779142.0403671231,5251011.202718446,0.4564067541127301,1.6986356875264192,-0.6705798873385094
373583.7000000477,3509431.1802127105,779142.1883410787,5251011.298945524,0.3764101202599439,1.40933831773512,-0.08076431047772736
373583.7999999523,3509431.205582807,779142.3033096498,5251011.188475439,0.48587640265776805,0.36553262651626284,-0.24106758171108744
373583.90000009537,3509431.352387347,779142.3000251659,5251011.083039635,0.3297721285488825,-0.09097477294671563,-1.0224754375853413
373584.0,3509431.4247996956,779142.2862314004,5251010.95781478,0.08859564921622395,0.12462760035337794,-0.8509602926550679
373584.09999990463,3509431.460039846,779142.2827110286,5251010.803136258,0.45647953451583584,0.7088471634012379,-0.35087925798615505
373584.2000000477,3509431.4743517675,779142.4031745928,5251010.767330698,0.74696863706409,1.6470238731298252,0.08123637112843785
373584.2999999523,3509431.238199045,779142.4446096289,5251010.000966874,-0.1070741074230383,1.285810956017059,0.35293332939408373
373584.40000009537,3509431.111252766,779142.4521844687,5251009.895285897,-0.822773897564881,0.09527502854162861,0.12780305778888224
373584.5,3509431.150974163,779142.4673381019,5251010.163863889,-0.38119775171971015,0.19862323924213143,-0.06951831307138168
373584.59999990463,3509431.1661419063,779142.5194661418,5251010.188554747,0.44694949246432225,0.7762769059004171,-0.4112660208037795
373584.7000000477,3509431.1993350433,779142.751268565,5251010.308719254,0.5945003017666382,1.7864324226657189,-0.2800372931835131
373584.7999999523,3509431.22401881,779142.8625490875,5251010.353359473,0.3793124358814095,1.986828323720097,0.7181500448042231
373584.90000009537,3509431.2833545175,779142.8969799061,5251010.727357814,-0.005162167648348304,0.6971885669105475,1.0891913751520965
373585.0,3509430.979443746,779142.9373575365,5251010.071164013,-0.5325762531157513,0.1481861635759003,0.6170263961666587
373585.09999990463,3509430.886457662,779142.8964557608,5251009.777532798,-0.3147312109780486,0.38050722978128704,0.2435577549700394
373585.2000000477,3509430.8401559447,779142.9636622426,5251009.437170053,0.17123736626728495,0.8361318722599407,0.4167219156035138
373585.2999999523,3509430.8697248055,779143.0829651149,5251009.268694772,0.12447486009010873,1.2620153851054638,0.3456040922576813
373585.40000009537,3509430.9323621914,779143.2225002758,5251009.323325984,-0.20233041128245377,1.6237693163391569,0.4584734701587836
373585.5,3509430.862346807,779143.3443405104,5251009.528481512,-0.6694430242327115,1.6121404763595564,0.8258454627740228
373585.59999990463,3509430.814687982,779143.3065239146,5251009.7089128075,-1.1114868046237611,0.20183696235504556,0.03125465494990287
373585.7000000477,3509430.7640424413,779143.2934168773,5251009.994195225,-0.9297219599866325,-0.701081153962555,-0.5813656959486364
373585.7999999523,3509430.615285216,779143.281331395,5251009.822079271,-0.2781825008935912,-0.0631206164416156,-0.36883721343104536
373585.90000009537,3509430.515014439,779143.315505241,5251009.7150398465,0.10438438262860647,0.4314792301676533,-0.29829492832584936
373586.0,3509430.5561502925,779143.501102736,5251010.008183254,-0.0011401884843398275,1.2904144118500938,0.49336546602219133
373586.09999990463,3509430.52913768,779143.7221610798,5251010.42692138,-0.5496951717740243,2.180033798993165,1.0431330383564434
373586.2000000477,3509430.5352688874,779143.7986863935,5251010.518996769,-0.4233626497596701,1.2939184521765554,0.5387747332278687
373586.2999999523,3509430.539974019,779143.8517082854,5251010.466608818,0.1365091237545655,0.034301647250465805,-0.11517580978553088
373586.40000009537,3509430.687837074,779143.8954495487,5251010.625777164,0.125163000262534,0.24489543900167376,-0.36374138616054985
373586.5,3509430.8027176457,779143.9911941354,5251010.481617127,-0.0569450497057332,1.266910099039464,-0.02892196095135624
373586.59999990463,3509430.7696325914,779144.108304039,5251010.252914738,-0.21216265633551182,2.0937229158017985,0.4567612059774451
373586.7000000477,3509430.692106596,779144.1752659676,5251010.023068943,0.01549223916336008,1.6682827339252597,0.48024668743277665
373586.7999999523,3509430.784008456,779144.2520466385,5251010.253242531,0.3881928107118427,0.4644977731280875,-0.1528396688262621
373586.90000009537,3509430.7637488022,779144.2933949063,5251010.0044460045,0.3080335807037859,-0.022442961406618167,-0.582021196271314
373587.0,3509430.859769334,779144.382246979,5251010.3547105715,0.07036236772246487,0.18279766283586696,-0.36701437349918997
373587.09999990463,3509430.7810650636,779144.5525800025,5251009.930867337,0.15532657412575193,0.8617703522160625,-0.35219498447413056
373587.2000000477,3509430.7780027217,779144.650883842,5251010.035514645,0.28270899143536266,1.488283914442178,-0.6914410355811551
373587.2999999523,3509430.7949781264,779144.7468336555,5251010.052204633,0.3612858801894695,1.0307087829807386,-0.42464992025221626
373587.40000009537,3509430.7498113737,779144.8064394966,5251009.937924616,0.23207308534394394,-0.14233272045679257,-0.5922237877703926
373587.5,3509430.699571848,779144.8378326012,5251009.920776004,0.16645712333361545,-0.0904889551669612,-0.5502489525072898
373587.59999990463,3509430.7672004295,779144.960120657,5251009.955896139,0.5179361792471021,0.9804046249283829,-0.24007784647356623
373587.7000000477,3509430.89828354,779145.0719336737,5251009.9375952305,0.990257298715088,1.7267958058586999,-0.35252112045695494
373587.7999999523,3509430.9779894827,779145.1576002734,5251009.861744324,0.7282504509089531,0.9780081247862995,-0.2748991922769619
373587.90000009537,3509431.1215290343,779145.231791984,5251009.796307245,0.19323324518246568,-0.23034611967407415,-0.39461787336454535
373588.0,3509431.135370754,779145.22234574,5251009.752730832,0.09578021609978582,-0.25189886068559986,-0.47358916992963085
373588.09999990463,3509431.0998858674,779145.194425457,5251009.524545056,-0.18815740515775678,-0.14216238037356987,-0.5844266448078121
373588.2000000477,3509431.1002542125,779145.2435564409,5251009.159802209,0.3718859774252723,0.32057559010906544,-0.6114979373707969
373588.2999999523,3509431.06386244,779145.3272173918,5251008.558124811,1.3912340253824929,1.1889534572077736,-0.5979291832655438
373588.40000009537,3509431.1347176023,779145.4496118531,5251008.523354133,1.3888273479952542,1.5932247199245282,-0.645865861134963
373588.5,3509431.0934007107,779145.5835374149,5251008.273464627,0.49464800410305615,1.0666530610045584,-0.17642549249781947
373588.59999990463,3509431.018490091,779145.5802348247,5251008.087269595,-0.7626586521576094,0.009932136413070225,-0.21460940045349464
373588.7000000477,3509430.935926831,779145.5700065795,5251007.919971917,-0.9134652559648334,-0.29785750250545817,-0.8334209099282521
373588.7999999523,3509430.8164716675,779145.6391332571,5251007.498147663,0.28053730060008153,0.3696263270110052,-0.7200515954741071
373588.90000009537,3509430.8103653244,779145.7895539165,5251007.205543432,1.2014472024390348,1.5721251259336384,-0.13340166578993173
373589.0,3509430.8481613575,779145.9488149675,5251007.345170533,0.927343225442584,1.9406003472504807,0.036911022432755125
373589.09999990463,3509430.8086888697,779146.0578289005,5251007.360714772,-0.29389607980384397,0.872937351697125,-0.0786842278383002
373589.2000000477,3509430.8403647887,779146.1531717059,5251007.582066383,-0.8400162664928807,0.02555509059638439,-0.0710511725998435
373589.2999999523,3509430.9004506897,779146.2493794576,5251007.740517587,-0.2811167875665662,0.6324333118075529,-0.1427159217745828
373589.40000009537,3509431.945569641,779145.3097042738,5251006.389711245,0.3307220032608896,1.5045524247860271,-0.27874898503941914
373589.5,3509430.9617388207,779146.5287245576,5251007.720205429,0.15351747546355976,1.8389549323094485,-0.021026533541824044
373589.59999990463,3509431.034114372,779146.5487966042,5251007.871255193,-0.3422490396832914,0.7711127917515839,0.19662705364224742
373589.7000000477,3509430.9706772408,779146.5224224031,5251007.6739554005,-0.6804478749582633,-0.4430853148893732,-0.14478692603958443
373589.7999999523,3509430.9069940792,779146.4910162988,5251007.617049831,-0.45771295705538645,-0.2081353412887097,-0.5385257581264069
373589.90000009537,3509431.0410964,779146.6223987471,5251007.962522872,0.16091022670752353,0.8279856478827625,-0.09889833591667951
373590.0,3509431.087656455,779146.8850873518,5251008.094448279,0.16681645033453602,2.044544836840842,0.6789716962089658
373590.09999990463,3509430.938076603,779147.0075271323,5251007.741991379,-0.573424835606674,1.6942299614567062,0.9257415177406711
373590.2000000477,3509430.8469049507,779147.1518141379,5251007.670670877,-1.0323093803827994,0.4615910897982545,0.6907367854682862
373590.2999999523,3509430.760985667,779147.260120539,5251007.886365359,-1.179912535928253,0.1100939715740239,0.3774107483223803
373590.40000009537,3509430.648440988,779147.374507954,5251007.931737967,-1.021836961606248,0.279673841020859,0.3910315491551719
373590.5,3509430.6960874596,779147.4129374762,5251008.3237886,-0.5995678784122696,0.20222544631982942,0.36081021415651016
373590.59999990463,3509430.628797368,779147.4744554581,5251008.519024273,-0.5876845374417631,-0.14455819395081448,0.10011179410018656
373590.7000000477,3509430.6348900027,779147.6256519107,5251008.799016414,-0.44380148095529626,0.16975182472232575,0.20812553150975877
373590.7999999523,3509430.653891596,779147.7924754173,5251008.941316401,-0.46837671177215323,0.7310519773121911,0.34553429561840865
373590.90000009537,3509430.58977507,779147.8933910995,5251009.041745476,-0.8841876540768189,1.4021713174002244,0.9317067758441278
373591.0,3509430.56771863,779148.0363212911,5251009.3240439305,-0.7684729249046753,1.943085810089606,1.4478708037502352
373591.09999990463,3509430.579163298,779148.1955824714,5251009.664548821,-0.26330478605726965,1.7596716475079717,0.9673201307183135
373591.2000000477,3509430.51715287,779148.2746726049,5251009.878051295,0.04564969591941572,1.4433624040184156,0.4857608768655153
373591.2999999523,3509430.477356915,779148.3936991079,5251009.933561231,0.05189811115326425,1.2300995848285794,0.3574900200721096
373591.40000009537,3509430.455561207,779148.4845796839,5251009.907470249,-0.017635573420932187,1.0078121765313242,0.12644539378676445
373591.5,3509430.4542783233,779148.6564066355,5251010.158576475,-0.2694987989473879,1.4493832637574116,0.3686967536721326
373591.59999990463,3509430.503338346,779148.8553411186,5251010.298891133,-0.3192251260989397,1.96704769373072,0.5902691328026775
373591.7000000477,3509430.5762087856,779149.0272558252,5251010.280838411,0.1848528701084773,1.857490074341932,0.1449507447709717
373591.7999999523,3509430.6748934244,779149.1476896235,5251010.355188973,0.4618763638604312,1.6933088581685283,-0.19940706482004522
373591.90000009537,3509430.7467173915,779149.3275823653,5251010.468479006,0.5706154247263947,1.5711924022789532,-0.3965934174385044
373592.0,3509430.9154726397,779149.5167246647,5251010.893056051,0.7271589754581153,1.6032551614756727,-0.5905517565317941
373592.09999990463,3509430.961533746,779149.615696861,5251010.878523902,0.6054615457085232,1.1753275623395112,-0.8463992548689161
373592.2000000477,3509431.0127938376,779149.6637819174,5251010.835417948,0.5531588996343162,0.4181443949199064,-1.0503607952873377
373592.2999999523,3509431.08566175,779149.7455280457,5251010.753254788,0.7691841123981323,0.7283613195308547,-1.0099154530275314
373592.40000009537,3509431.238386263,779149.8641723589,5251010.888468521,0.9723433289886783,1.4272694264765633,-0.7843537053402656
373592.5,3509431.4179308666,779149.9655388288,5251010.8241035445,1.1663384400098156,1.2415228836911822,-0.7964668758324507
373592.59999990463,3509431.536910282,779150.0639371128,5251010.674681431,1.2239028441212516,0.9927326822085973,-0.9283674133298918
373592.7000000477,3509431.6928883134,779150.094843952,5251010.61161741,0.8631074881565074,0.9468050962331418,-0.8083691116384282
373592.7999999523,3509431.7102496373,779150.1612324072,5251010.393909162,0.288078000054365,0.8288555818819816,-0.6704697181404393
373592.90000009537,3509431.7098000124,779150.2446794136,5251010.444202516,0.03790052341960596,0.825495347579654,-0.5957821776023202
373593.0,3509431.7256164514,779150.3212927581,5251010.352334868,0.0959108006847678,0.6546465902252194,-0.5801576117949372
373593.09999990463,3509431.762171626,779150.3991312323,5251010.468442999,0.20013415751162253,0.5737713727922937,-0.6626360651635732
373593.2000000477,3509431.786010946,779150.4911958317,5251010.472029443,0.3690758466801514,0.8362569623783145,-0.5169311059803832
373593.2999999523,3509432.8789817495,779149.5539537463,5251009.192942062,0.5492229122491177,1.2112466044165515,-0.17192713392017112
373593.40000009537,3509431.8324388154,779150.7608706051,5251010.34693283,0.43191403721610794,1.212868371916457,-0.1118859338250644
373593.5,3509431.8676219955,779150.8394026916,5251010.217532783,0.1818140810696108,1.069922620984002,-0.1847491633312366
373593.59999990463,3509431.913539105,779150.9063694623,5251010.209415301,0.08696298338108706,1.0232499491847946,-0.2616109880072459
373593.7000000477,3509432.8605865403,779149.9865819255,5251008.923581167,-0.03157866495419934,1.3082359229889562,-0.0556893879332776
373593.7999999523,3509432.792686897,779150.1177729217,5251008.9445577385,-0.02081855615454267,1.3806440152181239,-0.07671610370079662
373593.90000009537,3509431.798048278,779151.2191215138,5251009.986837159,-0.15728073593301187,1.0466424216053767,-0.1889727133423733
373594.0,3509431.8706297115,779151.2171657099,5251009.760703944,-0.5951715237875855,1.203076028314257,0.2608418360030358
373594.09999990463,3509431.832926909,779151.2455767957,5251009.426112622,-0.6561430698488432,1.2415221368565597,0.29424450098505606
373594.2000000477,3509431.716340043,779151.3994326709,5251009.651339825,-0.7657937551689297,1.143236767532656,0.1478149953928245
373594.2999999523,3509431.489826503,779151.5422421779,5251009.632265228,-1.1696633684062747,1.0084328407906682,0.15890012187288427
373594.40000009537,3509431.350700327,779151.5845886731,5251009.56036378,-1.3280136775060591,1.0109956761916479,0.39257022713080403
373594.5,3509431.2263282957,779151.6519255,5251009.545429616,-0.9866354410673789,0.9413562254179126,0.3161372139739802
373594.59999990463,3509431.165519549,779151.7553613869,5251009.573350666,-0.5264242057288846,0.9631219820255836,-0.022013744224340215
373594.7000000477,3509431.1343811247,779151.8957825783,5251009.804013429,-0.3171098820286828,1.3746819013146734,0.11491329629626978
373594.7999999523,3509431.0450101783,779152.0417103171,5251009.663714164,-0.20810229080099568,1.561709630133251,0.292820082925874
373594.90000009537,3509431.0550612267,779152.1955778876,5251009.599886398,-0.23302882276029419,1.5150422874320455,0.18366809246840887
373595.0,3509431.021923794,779152.3382148137,5251009.59592455,-0.2124959838322162,1.5082168213799818,0.1034639249223055
373595.09999990463,3509430.9419248584,779152.5191616184,5251009.767345546,-0.07677913181174886,1.4519163556050714,0.08839925871603782
373595.2000000477,3509430.789841798,779152.699309067,5251009.660627848,-0.07294098299225636,1.4893094209596427,0.12310628038139804
373595.2999999523,3509430.7787095103,779152.8764605509,5251009.63056897,-0.03349817904604714,1.5723407289955915,0.028194809354121553
373595.40000009537,3509430.778943428,779153.0420935259,5251009.446710259,0.18717701434493,1.3330086784727158,-0.14698549962386132
373595.5,3509430.831883696,779153.1867658653,5251009.556948218,0.4163048505946024,1.1369408029639843,-0.18895889588274084
373595.59999990463,3509430.952638165,779153.3500490196,5251009.95591313,0.4497802536705231,1.2856932066913203,-0.15247237313622364
373595.7000000477,3509431.7805073946,779152.6553313793,5251008.96492679,0.4456878123716123,1.2075812748061239,-0.14889674800187258
373595.7999999523,3509430.8873317237,779153.5911160695,5251009.238991639,0.5955438827543097,1.0865266322053841,-0.0617757941312993
373595.90000009537,3509430.7445215685,779153.7490746422,5251008.251763365,0.9036060497122612,1.032271818914559,-0.14653989560258296
373596.0,3509430.840175061,779153.875420147,5251008.26597359,1.0112627520344946,1.183145711395511,-0.37059463405358883
373596.09999990463,3509430.851593749,779153.9966613854,5251007.705060432,1.165846996034638,1.329202324431627,-0.7400132496734813
373596.2000000477,3509430.913711465,779154.0523009008,5251007.3820682075,1.2517685382854242,0.7309177202258041,-1.0594617677313662
373596.2999999523,3509424.6571812886,779154.7808539481,5250979.493792588,0.9407905992133219,0.16010756698604922,-0.8799932392934933
373596.40000009537,3509430.920532187,779154.1366073668,5251006.594699615,0.6755145033551982,0.41962706659851534,-0.7284803119124765
373596.5,3509431.039809144,779154.1935028078,5251006.648112611,0.7042983700257285,0.6125381870292159,-0.5546367406105572
373596.59999990463,3509431.9126353567,779152.0306264035,5251006.42489521,0.8289500220417751,0.8632230827062983,-0.5409653281282418
373596.7000000477,3509431.2153553125,779154.4634170514,5251006.762528109,1.2108583223519873,1.2618255855582348,-0.38822179842158544
373596.7999999523,3509431.3431131775,779154.5899736873,5251006.760080102,0.8921891996637933,1.6210593883320499,-0.07189540794967808
373596.90000009537,3509432.493675145,779153.6610045424,5251005.510394357,0.5179746870545258,1.4383702155758087,-0.12695368815458252
373597.0,3509431.7522900566,779154.8277284091,5251007.629392266,0.42317341233353195,1.5011307044391415,-0.2285748522762754
373597.09999990463,3509431.794174236,779154.9870486171,5251007.526374289,0.2508700345986353,1.533452478406808,-0.2510443524250183
373597.2000000477,3509432.930526572,779154.069324063,5251006.153003485,0.08373091251253048,1.4476916375672246,-0.131614008840641
373597.2999999523,3509431.943498309,779155.2989672362,5251007.411025691,-0.029812893919451904,1.5353205445269253,0.02273837533159373
373597.40000009537,3509431.9468505345,779155.4269170625,5251007.377997325,-0.24919756553651543,1.5034266250381592,-0.14143452193506612
373597.5,3509431.9306338993,779155.5578704743,5251007.286779418,-0.5327189394104179,1.3372818679774312,-0.32187267829221433
373597.59999990463,3509431.8248849385,779155.7153843263,5251007.138183208,-0.5937671320903811,1.1452097584338503,-0.41373569811233235
373597.7000000477,3509431.751186723,779155.8099942211,5251007.088131122,-0.5855834458401359,1.1223782620688425,-0.44238686194518184
373597.7999999523,3509431.666088324,779155.9076323858,5251007.053730929,-0.8330305592379242,1.1115258012551053,-0.3726174480305877
373597.90000009537,3509431.3919946505,779156.0477783179,5251006.074469868,-1.3096392584682617,1.0360661310526638,-0.3219613610796124
373598.0,3509431.1769945617,779156.2465066126,5251005.579324501,-1.2059684083546574,1.2496457608181473,-0.41904668747763285
373598.09999990463,3509431.2736546453,779156.4236488036,5251006.168366123,-0.5440313317493838,1.523345756532592,-0.6706294231599808
373598.2000000477,3509431.15998829,779156.6313615952,5251005.689437796,-0.23814673024952931,1.59859596201553,-0.6420107386009635
373598.2999999523,3509431.2711269693,779156.7919113262,5251006.220851349,-0.3635415470055615,1.6151250493482863,-0.46213315220586093
373598.40000009537,3509431.188013859,779156.9618279174,5251005.95368614,-0.22410587125022158,1.6333103178768198,-0.5243407618118576
373598.5,3509431.1653844444,779157.145842573,5251005.8574004825,-0.03649308875500326,1.653494222881612,-0.6407750197412962
373598.59999990463,3509431.1998857814,779157.3180146045,5251005.867142498,-0.0464913514933488,1.6168815084777535,-0.6636432555914755
373598.7000000477,3509432.09856195,779155.0128228681,5251005.827411011,-0.0008560472456910857,1.6453194296658467,-0.5506714592483481
373598.7999999523,3509431.2651272416,779157.6563885916,5251006.306872526,0.21004925644340097,1.4837696327725567,-0.4797866028417115
373598.90000009537,3509431.379215241,779157.7742487756,5251006.347592797,0.41181874599020335,1.4358358485737455,-0.31364498142527975
373599.0,3509431.4925086834,779157.8752204861,5251006.327813631,0.5191463010533303,1.3095749214636427,-0.3589418873505821
373599.09999990463,3509431.5466839983,779157.955162543,5251006.313947752,0.5873896220049446,1.1802796545874301,-0.5467116749747039
373599.2000000477,3509431.539162475,779158.090103609,5251006.2506909575,0.6544978100573736,1.2268414357723358,-0.5645537744462761
373599.2999999523,3509431.5977414246,779158.2448299887,5251006.183308005,0.7227384457852092,1.3936310248076609,-0.3897086706353958
373599.40000009537,3509431.7451260267,779158.3760790714,5251006.43551136,0.7293523969152713,1.4016731926580164,-0.28740024592077873
373599.5,3509431.8219211632,779158.5389000282,5251006.449256281,0.6392620540074468,1.3543173642756727,-0.31274478177545895
373599.59999990463,3509431.897023742,779158.7119460072,5251006.626280811,0.47912668268101977,1.5447345246707656,-0.23616793724794416
373599.7000000477,3509431.903720969,779158.9107010307,5251006.574418484,0.37449128960393047,1.635603673831504,-0.1758544311511372
373599.7999999523,3509431.9438327774,779159.0378898425,5251006.46037181,0.37164529649377526,1.5552141175317473,-0.10384756950105789
373599.90000009537,3509432.045237687,779159.1396612189,5251006.623428668,0.24069206335874066,1.4618179794868027,-0.1366865247038147
373600.0,3509432.1340523926,779159.2980578768,5251006.888106104,0.18690437638670557,1.3600719011677782,-0.15325750070108324
373600.09999990463,3509432.110452697,779159.4196835808,5251006.736407048,0.1364552725212765,1.1052659431081864,-0.17919686033658166
373600.2000000477,3509432.1811439376,779159.5155288932,5251006.962609587,-0.023439432525627205,0.8440737244402214,-0.3664517347317977
373600.2999999523,3509432.2170221163,779159.5970777689,5251007.48528891,-0.18644152011670034,0.6697984865023798,-0.5212486440331112
373600.40000009537,3509432.286815763,779159.6380415283,5251007.666022659,-0.17639885169250188,0.6212006483622474,-0.3781273145362025
373600.5,3509432.1653551836,779159.6982613945,5251007.326334507,-0.0039105488750132335,0.7589837963914405,-0.26526491736058855
373600.59999990463,3509432.092408778,779159.689696245,5251007.210028826,-0.09528243965215642,0.5830871630248851,-0.4342431651318135
373600.7000000477,3509432.086715525,779159.6908971213,5251007.465782895,-0.32211117499125,0.10553306098674398,-0.5033287489414819
373600.7999999523,3509425.626143909,779160.1422050841,5250977.509730775,-0.24128308126602288,-0.10856472513649607,0.10609538536190044
373600.90000009537,3509425.390062846,779160.3277813614,5250977.645799061,-0.09738930864251155,-0.09714710298278106,0.022132769820982112
373601.0,3509425.6854311377,779160.0531644797,5250977.597880505,-0.029435685393940703,-0.031962268546195105,-0.0031667910985095915
373601.09999990463,3509425.3008953435,779160.2977369014,5250977.694629669,-0.026085313580781786,-0.04118912151444931,-0.050977426462851305
373601.2000000477,3509425.303131399,779160.2220217942,5250977.687913879,-0.24669480448575293,0.09932526234431549,-0.04860688137674618
373601.2999999523,3509425.1572125433,779160.2433763031,5250977.725472282,-0.0866947558176682,0.025812467255200033,0.022524629509593552
373601.40000009537,3509425.0227615247,779160.3212990892,5250977.770085319,0.06512749421568147,-0.0340805936757036,0.10051577030328662
373601.5,3509425.3697060645,779160.0092742431,5250977.76710528,-0.04379935147371981,0.022204649945869903,-0.030117965647949774
373601.59999990463,3509425.0723966146,779160.2692789823,5250977.934287254,-0.026185691858178012,-0.021715073839551735,-0.0664454740216085
373601.7000000477,3509425.2483918723,779160.1579605191,5250977.960459437,-0.05836723060447827,0.045136155277511136,0.06241288213909968
373601.7999999523,3509425.1748840204,779160.1653111372,5250978.025341668,-0.016369788273935454,0.03819336960452091,0.04026563146124129
373601.90000009537,3509425.483787439,779159.8494287793,5250977.94018074,-0.04962199575403823,0.020235186019789353,-0.07707502712639158
373602.0,3509425.474077122,779159.837832079,5250978.011554463,-0.014370886743884865,0.018371708573759804,0.011215384282505347
373602.09999990463,3509425.2452605576,779160.0518010036,5250978.067208011,0.06803361834939078,-0.00772382953699946,0.107347259400564
373602.2000000477,3509425.7692723554,779159.6421492535,5250977.925139675,-0.0012354894982149183,-0.00849574097039607,-0.013353909057513214
373602.2999999523,3509425.784530395,779159.6417788515,5250977.945586414,0.007049995957675451,0.018338227977693577,-0.07651503161944362
373602.40000009537,3509425.8072523456,779159.6196797955,5250977.986085632,0.013951467756810677,0.01037626159073568,-0.0074544842133361655
373602.5,3509425.4048526157,779159.9748522422,5250978.09629248,-0.016559349894190112,-0.04742349849225036,-0.00409857708647543
373602.59999990463,3509426.0826668926,779159.6947428406,5250978.070378151,-0.019158326947471365,-0.0015754446569076208,-0.0012499612640377578
373602.7000000477,3509425.572560221,779160.1334308779,5250978.077486144,-0.06051922263390564,0.044347054075814185,0.00754404037587264
373602.7999999523,3509425.677623591,779160.0744855426,5250978.108286434,-0.06635244709501685,0.04074907785013693,0.010046743902032418
373602.90000009537,3509425.80261664,779160.0567832013,5250978.258930467,0.07075092555231906,-0.025395732973173324,0.019557066519412913
373603.0,3509426.3913671295,779159.5057727695,5250978.070122788,0.015473977131672999,0.015005372790980687,-0.009721445733128498
373603.09999990463,3509426.3713566656,779159.532648119,5250978.069368581,0.03823731931439458,-7.443757020553221e-05,0.010291184483782523
373603.2000000477,3509426.452759557,779159.5238106834,5250978.171198125,0.1285915584578751,-0.05058947973880379,0.02600969341968895
373603.2999999523,3509426.5760269724,779159.4683933818,5250978.110857002,0.13983219398889393,-0.05435356264711544,0.008403262239552234
373603.40000009537,3509426.7225397294,779159.420605167,5250978.155167323,0.08087527489440022,-0.009510758950831644,0.005781575276858852
373603.5,3509426.727809769,779159.4165635379,5250978.120882919,0.10432469274072233,-0.029586473720385698,-0.01611961268806983
373603.59999990463,3509426.6088245423,779159.3957275477,5250978.094762361,0.12737105909155413,-0.0625099720771587,-0.02659820657593226
373603.7000000477,3509426.6235526684,779159.4035245179,5250978.096062762,0.034393180175900886,-0.037097994263582734,0.0049847609011477445
373603.7999999523,3509426.625853,779159.4237190046,5250978.148573215,-0.034787890436623524,-0.0015629807823813735,0.03199333068872168
373603.90000009537,3509426.373102112,779159.5064816149,5250978.131682543,-0.018943740652066093,0.00882618150710357,0.0028830603411558187
373604.0,3509426.3802755103,779159.4771915056,5250978.125074702,-0.0036024094001717378,-0.013800048161783707,-0.056833489635735646
373604.09999990463,3509426.4167036656,779159.5111373728,5250978.250917919,-0.007753103833509258,-0.02409612680269646,-0.06037490031337445
373604.2000000477,3509426.27520718,779159.5455886092,5250978.329004803,-0.0011794648401810962,0.007418430833865841,-0.0052133086047359
373604.2999999523,3509426.38865312,779159.5221191249,5250978.446288224,0.0025313467174274138,0.006845858289430851,0.024239723504494215
373604.40000009537,3509426.4836200764,779159.4745847466,5250978.47008823,-0.026627420561591456,-0.015200811087041188,0.03329875753449674
373604.5,3509426.4256456154,779159.5303188044,5250978.517232854,-0.015494575897215706,-0.01707414970545784,0.011751779609513235
373604.59999990463,3509426.4783831,779159.524066482,5250978.564479623,0.04545274635051043,-0.028115534737267467,-0.005064136497221483
373604.7000000477,3509426.389331752,779159.500344894,5250978.431212664,0.020629440819757594,-0.0009454742096224322,0.0013690775864390048
373604.7999999523,3509426.2960464205,779159.5202740409,5250978.467069196,-0.08087030751476429,0.027775558963121227,-0.046746095239007524
373604.90000009537,3509426.1599476873,779159.5630632644,5250978.546695277,-0.07052976158359002,0.007168394447816695,-0.029795408866910122
373605.0,3509426.0421631676,779159.5922638505,5250978.540273552,-0.01333491971879326,0.00532003241222867,0.049594866265008974
373605.09999990463,3509426.132435672,779159.5214353901,5250978.472726744,-0.03065391688163998,0.005790062247427841,0.03198952865149707
373605.2000000477,3509426.1803901023,779159.4675552984,5250978.439057005,-0.062333429022304876,0.01058862578858566,-0.023911291835365667
373605.2999999523,3509426.1868069298,779159.4733051801,5250978.520464767,-0.08524732575860722,0.026803278498434224,-0.012978008083090131
373605.40000009537,3509426.284078835,779159.4265148992,5250978.5209853435,-0.08168048920502574,0.026065455196139453,0.03256130884649977
373605.5,3509426.176894579,779159.3969820733,5250978.5476824,-0.017065373275784543,0.003485237944467201,-0.0047971609542507565
373605.59999990463,3509426.1652950463,779159.3399653205,5250978.496900338,0.045754392890077024,-0.028450976096813463,-0.04992409144569088
373605.7000000477,3509426.192454747,779159.3242964341,5250978.530815832,0.01183336264837546,-0.01093438411182035,0.03257208323110472
373605.7999999523,3509426.3648216384,779159.2697189654,5250978.452221679,-0.030279210422783816,0.01275415468445118,0.06078947374415744
373605.90000009537,3509426.540640822,779159.1259567159,5250978.322124465,-0.007467327399407104,0.0063818154374075675,0.0044178506998715505
373606.0,3509425.56390026,779159.9972610051,5250978.501569995,0.04211634948865773,-0.025654999872926965,-0.04218913923248557
373606.09999990463,3509425.5878813127,779159.9953256594,5250978.509015421,0.012241401654969718,0.00221519126612435,-0.021772424058088546
373606.2000000477,3509425.6568990457,779159.9794678141,5250978.481910905,-0.05235600046598092,0.01912264098868377,0.0026063097161426185
373606.2999999523,3509425.7345429524,779159.9058816865,5250978.544825097,0.004427616908923247,-0.019514506758817163,-0.005562972791974374
373606.40000009537,3509425.62183925,779159.9377645605,5250978.671718153,0.09201976089101145,-0.019322625033552754,0.019018084061297458
373606.5,3509425.611250503,779159.9184418943,5250978.628351248,0.07894775514208645,-0.009393474796688395,-0.0017527230813829675
373606.59999990463,3509425.3954898287,779159.9878280271,5250978.53265561,0.0612813056474633,-0.023370115238478206,-0.021207254127951103
373606.7000000477,3509425.4116406543,779159.9859985108,5250978.494033849,0.08943615862687739,-0.058764324541975554,-0.03217493884525169
373606.7999999523,3509425.4251637417,779159.9829460732,5250978.487180411,0.1308992552779093,-0.06105073029319641,-0.026909026326018548
373606.90000009537,3509425.5190128493,779159.9535760154,5250978.575646201,0.13204480030459087,-0.02486920425828032,0.02173009892566924
373607.0,3509425.6869486193,779159.9242260692,5250978.638876252,0.0905165175207408,-0.03279168057616033,-0.03309764459335618
373607.09999990463,3509425.551956419,779160.0547274974,5250978.7033390235,0.10483476565425323,-0.06681416827185416,-0.03139556011213074
373607.2000000477,3509425.3872831757,779160.1397420453,5250978.67234194,0.16469308544798406,-0.07926292362719067,0.026444433820138613
373607.2999999523,3509425.4045686764,779160.1730243294,5250978.796998762,0.26013466868887986,-0.10119940546366735,-0.0438893171066308
373607.40000009537,3509425.3315973645,779160.2146128844,5250978.8611438265,0.32109511794592205,-0.09648178831437093,0.016834768678197776
373607.5,3509425.202047967,779160.279624944,5250978.968472986,0.18204494285418207,-0.046397546986590044,0.07825428673389112
373607.59999990463,3509425.1505800695,779160.2720953018,5250978.971096442,0.0762774750096365,-0.023443438783125714,0.00347091341740402
373607.7000000477,3509425.2035932834,779160.278983281,5250979.012339383,0.10907670512665793,-0.03435110538701025,-0.04611955226329023
373607.7999999523,3509425.191883474,779160.318321956,5250979.007669868,0.012841738587040701,-0.013039313476468806,-0.04576137005686576
373607.90000009537,3509425.1997048273,779160.3923662243,5250979.0917467205,-0.11431846391169537,0.029450880094557874,0.03417203843945593
373608.0,3509425.144983665,779160.3606015462,5250979.160408666,-0.10005014434559678,0.042623627483678206,0.08287487948747518
373608.09999990463,3509425.1320778397,779160.3191801966,5250979.171439781,-0.020725753209302457,0.014252700482842329,-0.003639437319559846
373608.2000000477,3509425.185604626,779160.2665524269,5250979.250133187,0.00808229372690385,-0.032076739752696426,-0.013179481598088572
373608.2999999523,3509425.226516877,779160.2836573145,5250979.388894936,-0.022720995495966723,-0.02592081100703325,0.004433542232179732
373608.40000009537,3509425.2660153667,779160.3267922046,5250979.314310942,-0.014568886704097733,0.004920032548007214,-0.09043356136047187
373608.5,3509425.193211185,779160.2916634174,5250979.305020319,-0.002648978336055664,0.003221149048769689,-0.014747862809056045
373608.59999990463,3509425.0290614115,779160.3209423685,5250979.2802413395,-0.015441870878229605,-0.0039931024633119705,0.0832111292298432
373608.7000000477,3509424.7616574364,779160.4771506604,5250979.2675788775,0.00989778722571004,0.04217808493216779,-0.043609569411142246
373608.7999999523,3509424.6733898707,779160.5136248036,5250979.1089618085,0.06020858724832978,0.03374976200636581,-0.11542474739261799
373608.90000009537,3509424.5906677404,779160.5596971776,5250979.093859815,0.009756036946234387,-0.025309824310504325,-0.0022144337517069346
373609.0,3509430.514502877,779157.0665516441,5250978.541764464,-0.1469097538321281,0.05103893359163436,0.09465555357966693
373609.09999990463,3509430.527984772,779157.0480488382,5250978.564152212,-0.016136291876527573,0.01429521100774167,0.033384012727960766
373609.2000000477,3509430.4723624666,779156.9893983317,5250978.581192433,0.07572814255311767,0.005863107875100582,-0.0006771349117755676
373609.2999999523,3509430.451715945,779157.020157607,5250978.595642874,-0.03830849336820414,0.04918803034087915,-0.026098924864569994
373609.40000009537,3509430.502420957,779156.9825931673,5250978.570882761,-0.03316850778395048,-0.027665663567148613,-0.06388185827145065
373609.5,3509430.5019533774,779156.9763195801,5250978.570210822,-0.013543043907532543,-0.035216806826419145,0.004527204179984423
373609.59999990463,3509430.561351175,779156.9735540911,5250978.567783495,0.02841477718112604,-0.023537368323829355,0.028788277024451858
373609.7000000477,3509430.5742845493,779157.0205456979,5250978.584032175,0.0133341846515457,-0.024400123569769505,0.0883154610269834
373609.7999999523,3509430.549989611,779157.0560740583,5250978.635787715,-0.021226019705898644,-0.019533357774875526,0.16217703636582925
373609.90000009537,3509430.494039809,779157.1049664156,5250978.420656625,-0.017925187636672318,-0.0028486688710884778,-0.03993403131854478
373610.0,3509430.4354884885,779157.1240072127,5250978.414818882,0.038524027499759424,0.037914196749170515,-0.14573695254824237
373610.09999990463,3509430.3406053013,779157.0676394467,5250978.507517406,0.026404828990445404,0.05626619047295378,-0.01486170575296164
373610.2000000477,3509430.2513758256,779157.1145645849,5250978.501051607,-0.004030984486060073,0.023921643748984422,-0.01088646638193147
373610.2999999523,3509430.1930090417,779157.1764573202,5250978.555007472,0.007991248526322096,0.011441997357735545,-0.022305877021585374
373610.40000009537,3509430.1943749813,779157.186260419,5250978.67375329,-0.055253890093679044,0.0032783459351719557,0.05256677287280809
373610.5,3509424.549785086,779160.5080334666,5250979.257379969,-0.020124751072705827,-0.05085787588605939,0.011071329833017174
373610.59999990463,3509424.4861012558,779160.5200554332,5250979.187447228,0.036807397684994365,-0.024868613282642116,-0.024945304819585346
373610.7000000477,3509430.0619848855,779157.2790528886,5250978.613991753,-0.03127736838611422,0.058014941293251354,0.054921535102154806
373610.7999999523,3509429.961794862,779157.3904653167,5250978.728860518,0.09926529564333267,-0.04170356652964813,-0.012508986377930853
373610.90000009537,3509429.825697474,779157.4783655229,5250978.607099337,0.06705340927829072,-0.059493616831368,-0.09311355998168303
373611.0,3509429.642957766,779157.6601996798,5250978.626135637,0.0038282393174598308,-0.01951294119194813,-0.05969397922537034
373611.09999990463,3509424.577635442,779160.7067355554,5250979.269313725,-0.02465876852629617,0.010048705379333,-0.015123027241344289
373611.2000000477,3509424.5422412627,779160.6866067173,5250979.284449689,-0.016300251824911283,0.015295705420101058,0.0032770599416309665
373611.2999999523,3509424.4961046185,779160.7322502417,5250979.252146236,0.014718275757208996,-0.000497551641700511,0.01719378667475091
373611.40000009537,3509424.5597243095,779160.7391080947,5250979.2798006665,-0.0032552110485559193,-0.01726180422925694,0.000148275940080822
373611.5,3509424.493252571,779160.7518622159,5250979.148013888,-0.02559274044059454,0.003422240873092619,-0.04185437505342371
373611.59999990463,3509424.4709848654,779160.7545140847,5250979.109674803,0.013034984537226818,0.01658585470520535,-0.003902363100264594
373611.7000000477,3509424.4743930646,779160.7200801385,5250979.211445385,0.04425239012675434,-0.02427123710135959,0.03671981323878626
373611.7999999523,3509424.4844110073,779160.7381632448,5250979.147038183,0.009258070812811488,-0.023392163662549592,0.005853634452158474
373611.90000009537,3509424.495383445,779160.7560974729,5250979.10437536,-0.01718921420714948,0.015651507369021544,-0.019472028516133832
373612.0,3509424.38896876,779160.8590607386,5250979.0975068435,-0.03240019382158195,0.011605189352870582,0.018721745336552686
373612.09999990463,3509424.414774988,779160.8735381017,5250979.003890594,-0.043773755239744534,-0.004838207937261529,-0.006134295524093503
373612.2000000477,3509424.4651225,779160.8672504589,5250979.083958991,-0.000582642384661609,0.0037003272426261447,-0.07700338872669654
373612.2999999523,3509424.478894215,779160.8829877635,5250979.103693311,0.012636584779292751,-0.0062502442127367885,-0.02522370222707515
373612.40000009537,3509424.4654015256,779160.8837526534,5250979.115189737,0.006157406238167302,-0.006592429684793899,0.05192093485518967
373612.5,3509424.4560873625,779160.9156591496,5250979.095163708,0.03476530544034248,0.0018091981995311812,0.014702914067040496
373612.59999990463,3509424.462188847,779160.9094845795,5250979.033305015,0.015547285668560704,-0.006844989049348271,-0.04019145156141235
373612.7000000477,3509424.401585567,779160.9386316146,5250979.090334008,-0.02838643005322222,0.0007702977527230814,-0.0024399414513851525
373612.7999999523,3509424.4446829837,779161.0167744007,5250979.185754039,-0.03550894837747654,0.008979925069489525,0.02008426384726114
373612.90000009537,3509424.4776150333,779161.0238729268,5250979.07038346,0.0183652164288814,-0.008063332953561542,0.01422294721466777
373613.0,3509424.530899377,779161.0036714242,5250978.968698777,0.037775386163631915,-0.018259016918989346,-0.025889907735313855
373613.09999990463,3509424.6025703694,779160.9496081155,5250979.057063424,-0.030162455919738602,0.005804346027602492,-0.051733721472089655
373613.2000000477,3509424.5304071316,779160.9705590776,5250979.060103852,-0.034929955392279596,0.003952532590858482,0.04100847782129691
373613.2999999523,3509424.518374498,779160.9703720757,5250979.023663278,0.020380705819735122,-0.024187888671690416,0.06234924120585639
373613.40000009537,3509424.60237547,779160.9314511636,5250979.085054649,0.02230932603522525,0.000598621113290676,-0.05152713216075533
373613.5,3509424.5697864047,779160.9543930319,5250979.044347839,0.002857946034218778,0.042355800997100346,-0.04134078515289197
373613.59999990463,3509424.519986753,779160.9188213446,5250978.995834204,0.08784301719303947,0.03337898576931053,-0.018284764805834186
373613.7000000477,3509424.469484114,779160.9652599237,5250978.967901163,0.07811714215545759,0.012666976270445218,0.009070110594523229
373613.7999999523,3509424.475240137,779160.9305384961,5250979.002478775,-0.05216362817089134,-0.024332000103186147,0.06964505208701155
373613.90000009537,3509424.580874458,779160.927593258,5250978.955977552,-0.09193951391858474,-0.0391966225461573,-0.042017050468784234
373614.0,3509424.534012544,779160.9186693098,5250978.879612547,-0.11133049557511598,-0.02966609562777478,-0.16723445368011092
373614.09999990463,3509424.49494356,779160.9369829373,5250978.758620924,-0.09053958972223126,-0.020507928830369337,-0.016440980440677322
373614.2000000477,3509424.496224565,779160.9037461864,5250978.748178049,0.013806486685777724,0.007773955918757736,0.0893061633375698
373614.2999999523,3509424.5749852723,779160.8861587178,5250978.720098586,0.1215072656930204,0.04699771433010369,0.04965221001839204
373614.40000009537,3509424.53047611,779160.9030365077,5250978.741962639,0.08565347128991264,0.058609860333561414,0.031298391649800195
373614.5,3509424.611608177,779160.9348374874,5250978.8418772835,0.014696447692645581,0.046496624842397694,0.04863121630813083
373614.59999990463,3509424.6199537446,779160.896534159,5250978.689583821,-0.005594879375340886,0.0027749332773367996,0.0178562917922509
373614.7000000477,3509427.7050801488,779159.0117205351,5250978.3126965165,-0.026926862581499237,-0.08012061454454766,-0.16349107775335625
373614.7999999523,3509427.6877658535,779158.8433412309,5250978.106299517,-0.04090168889821748,-0.11974041241580125,-0.24895830981920497
373614.90000009537,3509427.5919889784,779158.8329310069,5250977.993627306,0.003592524471329264,-0.09552156534194012,-0.06069095413838177
373615.0,3509427.4462863696,779158.7841432157,5250977.972194965,0.06363359670529115,-0.025738841767200427,0.19083625077073485
373615.09999990463,3509427.4077522713,779158.8620756317,5250978.010273732,0.21826389199983615,-0.02223783073313257,0.1814250882122721
373615.2000000477,3509427.4215644374,779158.8456859905,5250977.960471434,0.2513247602220413,-0.08161519405404505,-0.041587005491329876
373615.2999999523,3509427.3135386235,779158.9253598347,5250977.772755496,0.2059249909635659,-0.12389181028558482,-0.2091277304815602
373615.40000009537,3509424.3610950573,779160.6214368613,5250977.974392794,-0.028896563967695972,0.019872402157908198,0.07360897578524117
373615.5,3509424.3629345796,779160.5906546824,5250977.866646715,9.426474143226325e-05,-0.03206924882079676,0.12694629067799923
373615.59999990463,3509424.3780357563,779160.6020304334,5250977.844324204,0.03025579871179173,-0.015863016778347117,-0.1942200024294145
373615.7000000477,3509424.4471984887,779160.5807184597,5250977.8348555975,0.01066264199301989,0.054734013698436,-0.20139624487120322
373615.7999999523,3509424.2942889933,779160.6172094851,5250977.977808553,0.029392628343658314,0.006812547191621832,0.03892412234762155
373615.90000009537,3509424.209357981,779160.6318825601,5250978.093454161,-0.007079139372010466,-0.043858713854064035,0.3201562903838724
373616.0,3509424.2092211903,779160.5813354398,5250977.879857796,-0.023031084763325212,-0.023014151336631983,0.14775585362917631
373616.09999990463,3509424.2285928316,779160.5868010323,5250977.849150417,0.031149696144005982,-0.01350392820930324,-0.22157569179340442
373616.2000000477,3509424.2533451547,779160.5632350933,5250977.863386321,0.03815455898632466,0.0023530266207103523,-0.13822961737707296
373616.2999999523,3509424.2545546363,779160.5553664837,5250977.840463977,-0.0227705135968353,0.012828089706033552,0.04666716672462101
373616.40000009537,3509426.3829362793,779159.2598260179,5250977.670945592,-0.1737420339931236,0.05499325426087154,0.13734789228670685
373616.5,3509426.593562487,779159.1512754058,5250977.633777618,-0.15046967059886968,0.06991178743083282,0.19548080280174673
373616.59999990463,3509426.6366868033,779159.1161327309,5250977.608048997,-0.010776276708517166,0.018803235735681767,0.07515171197940873
373616.7000000477,3509426.5862109116,779159.1304289266,5250977.578523272,0.07694970187961862,-0.030615574975755067,-0.04081927961688869
373616.7999999523,3509426.4462933033,779159.1616710281,5250977.54188765,0.04213971587661796,-0.0279280232621133,-0.07749853776292959
373616.90000009537,3509426.2079708683,779159.2864539996,5250977.45839885,0.005446375001151703,0.004114097220295321,-0.09780752112648905
373617.0,3509426.0674332967,779159.355636359,5250977.5054260595,-0.0033806767334529286,0.016317228238861503,0.008521762254153131
373617.09999990463,3509424.215435787,779160.458981314,5250977.713682993,0.018429197296888383,-0.010996294286229613,0.01027385769434197
373617.2000000477,3509425.8792647505,779159.4985708834,5250977.473146073,0.024767491299354166,-0.010645361930521346,-0.054535660058300905
373617.2999999523,3509424.2951547257,779160.4495710229,5250977.638139507,0.054359371189942225,-0.01924926203114552,0.027096023223535326
373617.40000009537,3509425.7787719304,779159.5122392357,5250977.493317754,0.01792637919570691,-0.010467837727595963,0.04687027532198762
373617.5,3509424.2780846865,779160.3792800971,5250977.682937831,-0.054671682609005706,0.0065784703757145735,-0.036030021086865816
373617.59999990463,3509425.615084558,779159.610351367,5250977.515009992,-0.0320293948856826,-0.005034146299166764,0.01584225518917215
373617.7000000477,3509425.5779627054,779159.6399716062,5250977.59891726,0.011100834130204977,0.0016495155764459923,0.06625221914842427
373617.7999999523,3509425.4811111693,779159.6466858204,5250977.730042812,0.04324797887400275,0.015926864546010222,-0.019617735152239746
373617.90000009537,3509425.400908099,779159.6909280969,5250977.79317095,-0.06271412015411713,0.054174245468921356,-0.032203693581189796
373618.0,3509425.3985490073,779159.7170138565,5250977.795348859,-0.024994532252322708,-0.0006711226858371333,-0.020727682807088144
373618.09999990463,3509425.3732466786,779159.7448714552,5250977.891842458,-0.021473277851921824,-0.015096139513197215,-0.05378344040878069
373618.2000000477,3509425.353587622,779159.7797196497,5250977.731625361,-0.024433364477285037,-0.00492228148743834,-0.04689439467314038
373618.2999999523,3509425.278864373,779159.8100554891,5250977.629895283,0.08319014673068918,-0.029683775378224198,0.0004211637438231719
373618.40000009537,3509425.264076897,779159.8418138671,5250977.709309737,0.08209445098589031,-0.01870039065974538,0.05379860792869984
373618.5,3509425.143092351,779159.8964681199,5250977.768679962,-0.017987960978548507,0.013327760758123475,0.08652071335422029
373618.59999990463,3509425.073230794,779159.9672915488,5250977.742823238,-0.03837077029794926,-0.0023160076903963045,0.05093650521023996
373618.7000000477,3509424.9467375665,779160.0074989382,5250977.6160598155,0.017741024910817835,-0.006200942328931092,-0.027351539348796194
373618.7999999523,3509424.935448826,779160.0077993673,5250977.721216158,0.05789515228626611,-0.018602126072842395,-0.039974191963073835
373618.90000009537,3509424.921785003,779159.997040718,5250977.74636678,0.03910384996386816,-0.0570762435654828,0.009369353603151609
373619.0,3509424.819453958,779160.0459144041,5250977.719121652,0.028859134256213996,-0.03832531197280531,0.0873226370928446
373619.09999990463,3509424.7404268207,779160.0992290862,5250977.701581532,0.015464692122819165,0.0065810037083053885,0.04698572331707673
373619.2000000477,3509424.6331332424,779160.1148750044,5250977.588350168,-0.017424927693283684,0.030522435521774582,-0.07762619128579651
373619.2999999523,3509424.668532129,779160.1248322966,5250977.533755879,-0.024422958947124946,0.017949865024057488,-0.07093070479752761
373619.40000009537,3509424.5103452117,779160.1933129302,5250977.539506267,-0.013941581492388966,-0.007819735102486902,0.03843990133879416
373619.5,3509424.4851700817,779160.2644103926,5250977.653383452,0.057609816039396924,-0.02781190869943373,0.011352388385811096
373619.59999990463,3509424.391274852,779160.278883276,5250977.682541109,0.03942451381026679,-0.019713438675879047,-0.041436460878435
373619.7000000477,3509424.2969833678,779160.3161260943,5250977.650527743,-0.06803491054140817,0.018763175168444945,0.01994466591405697
373619.7999999523,3509424.276439864,779160.3098140078,5250977.647604964,-0.03153123345419047,0.01698576362756654,0.04504662708144025
373619.90000009537,3509424.179075952,779160.3452425585,5250977.531585208,0.018314677300818358,-0.00780214537613233,0.00652494629492395
373620.0,3509424.094026271,779160.4110379738,5250977.563320915,-0.010074342092773756,0.013263662833246315,-0.11262986058157765
373620.09999990463,3509423.98667526,779160.4455010344,5250977.518508403,0.007708269829132102,0.033515987578724094,-0.11092448121291554
373620.2000000477,3509423.944637859,779160.4971320421,5250977.518870323,-0.00022463291693643214,0.012007911978187735,0.05897909962096293
373620.2999999523,3509423.9350048117,779160.5207279477,5250977.576594016,-0.012490526807124465,-0.028460207035834628,0.0764709639474681
373620.40000009537,3509423.955141246,779160.5215255797,5250977.580429822,-0.028827490410189168,0.006337505042210978,-0.02472789134249531
373620.5,3509423.9746587886,779160.5246253675,5250977.576063892,-0.06358949553503673,0.04476632304587014,-0.02072834531100476
373620.59999990463,3509423.9316570526,779160.5828212943,5250977.571635301,-0.02117614719774415,-0.012869973109168598,-0.038731324945933565
373620.7000000477,3509423.931839711,779160.58554149,5250977.393255346,0.06705771011471895,-0.04814038214178851,-0.045522365735241266
373620.7999999523,3509423.906824295,779160.5767173311,5250977.362202268,0.08043382029456983,-0.029375426315510822,-0.01767149657865197
373620.90000009537,3509423.8184241694,779160.5845661479,5250977.281061382,0.0008134055788943219,-0.005464216509082576,-0.03758653721263272
373621.0,3509423.795267526,779160.5946468695,5250977.336440551,-0.05142918853087407,0.009206167868988757,0.03900732452618527
373621.09999990463,3509423.7583898804,779160.6102683804,5250977.321211774,-0.06830862519209178,0.022372026773112452,0.06828171554498219
373621.2000000477,3509423.7650946584,779160.6217547395,5250977.2641960075,-0.030691668162819485,0.006242992350571797,0.10213204426812972
373621.2999999523,3509423.813556207,779160.5897707487,5250977.3400880825,0.06539256880856802,-0.026843177596724388,0.09945409197596433
373621.40000009537,3509423.856401167,779160.6068817996,5250977.44053211,0.04281993224366864,0.002715463646794092,-0.030321908985468937
373621.5,3509423.849472481,779160.5951741794,5250977.455540785,-0.0402215273289768,0.018536430672696724,-0.03736826110925229
373621.59999990463,3509423.7392909187,779160.6402392463,5250977.434252519,-0.035049055183754105,-0.014961793581008465,-0.04453164099696316
373621.7000000477,3509423.759914651,779160.6659247369,5250977.532266479,-0.024174078616188244,0.0026479072149214744,-0.07845610067113462
373621.7999999523,3509423.723905097,779160.7333887604,5250977.622282749,-0.0005724713736943824,0.01195964255533255,0.0067102279453550295
373621.90000009537,3509423.698366205,779160.7492403606,5250977.623393717,0.041595270466684486,-0.006395556529902535,0.09029389057001502
373622.0,3509424.171787474,779160.4901548558,5250977.519696836,0.019646163484465802,0.0008013911133133433,0.0865330747337758
373622.09999990463,3509424.102769506,779160.5380654805,5250977.4259811845,-0.009996090965904028,-0.004603193701818498,0.012186085892913923
373622.2000000477,3509424.141223436,779160.495273673,5250977.4366036765,-0.009129180334091722,-0.009575923636248262,-0.055567914441791544
373622.2999999523,3509424.1283559874,779160.4894141932,5250977.33430439,-0.030959859104212284,0.02480059173350213,-0.008855783827884878
373622.40000009537,3509424.013328149,779160.534140444,5250977.332821522,-0.04581797836779318,0.02764375722879464,-0.03434183959522308
373622.5,3509423.9880265803,779160.5899406018,5250977.501533352,-0.005585439479776109,-0.015573794695583842,-0.05781417715121151
373622.59999990463,3509423.9542980557,779160.5996141629,5250977.60571652,0.0064281193643456426,-0.019352411520159762,0.0349931577373912
373622.7000000477,3509423.9314178275,779160.5434852749,5250977.741020391,-0.008370558670565891,-0.0051083721389062475,0.05866721880644654
373622.7999999523,3509423.8876085477,779160.5727971762,5250977.895465806,0.04517656909640641,-0.015394757849158225,-0.05959551771361049
373622.90000009537,3509423.8393482524,779160.5782174967,5250977.91310198,0.05318541018450493,-0.003109199335348478,-0.061262249698589955
373623.0,3509423.833096362,779160.583073797,5250977.954175108,-0.008505773509501106,0.006737710559072241,0.01717554422124934
373623.09999990463,3509423.8228543,779160.6137146138,5250978.098512527,-0.022954228320735775,-0.00881060580564963,-0.027505281828338113
373623.2000000477,3509423.832092708,779160.6107699275,5250978.20578294,0.007616428527678204,-0.018405981193367893,-0.002470407702745092
373623.2999999523,3509423.758314403,779160.5939673207,5250978.259445899,-0.02976545491345379,0.0183480955860702,0.04835463347015967
373623.40000009537,3509423.8050874444,779160.6483296903,5250978.412954398,-0.040797973276486675,0.020121213316642184,0.07598712429776278
373623.5,3509423.797087777,779160.6386987084,5250978.40457919,0.05019115707454423,-0.021242179876622913,0.031353532821002617
373623.59999990463,3509423.8723979117,779160.5890147215,5250978.344031457,0.02468786179208218,-0.0010103014071773941,-0.12277532422324455
373623.7000000477,3509423.8643591357,779160.5826360538,5250978.265951569,-0.03590146325441817,0.0167588028523582,-0.02261039818557009
373623.7999999523,3509423.887144839,779160.6539554205,5250978.355878734,0.00636431683851612,-0.009219444272744681,0.15003264518300874
373623.90000009537,3509423.9123487873,779160.6639449869,5250978.4008724475,0.03356393939484412,-0.025118014709498482,0.03352608306920324
373624.0,3509425.795089214,779160.1920394936,5250978.441677441,-0.06602252702727976,-0.00023308763041995917,-0.07141621847026602
373624.09999990463,3509425.1590498015,779160.3405680966,5250978.356329257,-0.18594925238444052,0.043352977891650823,-0.036202982747491674
373624.2000000477,3509425.2111972817,779160.3359685761,5250978.5665269615,-0.1467273755281259,0.03632382364141051,-0.028998200292674525
373624.2999999523,3509425.19048857,779160.335430443,5250978.63129672,-0.10964940342738165,0.016607928168646424,-0.038778829317226204
373624.40000009537,3509425.0581840714,779160.3230204474,5250978.577804962,-0.08861503591893068,0.03136271528119039,-0.016753594755256174
373624.5,3509424.970395164,779160.3665603545,5250978.537540164,-0.043410033561539,0.024124462562220117,-0.031944423979860304
373624.59999990463,3509424.9479794973,779160.3343239495,5250978.318080111,0.0018163023368451537,0.011952199587369705,-0.012163314214246768
373624.7000000477,3509425.020604411,779160.3100182909,5250978.308565069,-0.018964661815996157,0.006394140235244095,-0.029217492827582348
373624.7999999523,3509424.994503197,779160.3242581646,5250978.557211487,-0.015421073181327336,-0.009308093494382774,-0.005260457191877954
373624.90000009537,3509425.009732872,779160.3513156109,5250978.8910374055,0.013388005030849144,-0.009170017455488733,0.07371028379084432
373625.0,3509424.987204888,779160.374147418,5250979.121177741,-0.016763707228487745,0.007032202753428862,0.028232804400648348
373625.09999990463,3509424.985900654,779160.3867908699,5250979.102793425,-0.09405270180490129,-0.012053993541762509,-0.014515898631237256
373625.2000000477,3509424.9788237237,779160.3807230956,5250979.018869419,-0.13723966227307782,0.010456745069944873,-0.013448754999475732
373625.2999999523,3509425.087606132,779160.3519048954,5250979.1741145225,-0.05608267607584614,0.044309598686190554,-0.03983489026705822
373625.40000009537,3509424.874364785,779160.3698877855,5250979.118728891,-0.03453892405586246,0.013137947755403445,-0.07414775011879726
373625.5,3509424.7820637454,779160.3451946627,5250979.066780167,-0.16599794973501023,0.02534700546508617,-0.04734781921571507
373625.59999990463,3509424.749740947,779160.3218559937,5250979.06391402,-0.2433534294967768,0.0713159836467554,-0.016667617415871305
373625.7000000477,3509424.5790916677,779160.3752859532,5250979.046528752,-0.2568267364309233,0.06436835752929682,0.016929461226581566
373625.7999999523,3509424.371573192,779160.4456291682,5250979.050099512,-0.2676492631425661,0.03249780539589153,0.01618962388243439
373625.90000009537,3509424.3616174594,779160.4195478287,5250979.138314264,-0.23314875513578395,0.04466797840827752,-0.028277960922756584
373626.0,3509424.577236719,779160.3498197215,5250979.164597479,-0.20930188080689513,0.05920764737019368,-0.008340427694545127
373626.09999990463,3509424.653671468,779160.3845818007,5250979.231222421,-0.19190908414468225,0.04299875789318719,-0.029357024756161643
373626.2000000477,3509424.505029007,779160.4444049496,5250979.046509582,-0.2107155358973722,0.0438856651315902,-0.059990787679424784
373626.2999999523,3509424.401389696,779160.436439637,5250978.838714483,-0.24506062333673923,0.06080495499463012,-0.05550123937632545
373626.40000009537,3509424.2008285285,779160.5305805048,5250978.664442467,-0.22256172612270608,0.06697432236287426,-0.06287028965264163
373626.5,3509424.0615106933,779160.5422923238,5250978.743558556,-0.23606122708715105,0.05642396908017133,-0.023112849020220594
373626.59999990463,3509424.056951639,779160.566333529,5250978.778183711,-0.21433123034537163,0.03905602593471258,-0.0376451334295993
373626.7000000477,3509424.0921188574,779160.5504224694,5250978.968692496,-0.18621964869679028,0.03330719457886033,-0.0531908674413204
373626.7999999523,3509424.015186476,779160.5480133335,5250979.04719772,-0.19966649047283208,0.03910575052304921,-0.003832276467042206
373626.90000009537,3509423.996037527,779160.5640971321,5250979.160620572,-0.12643850575781934,0.034799389475878684,0.10907577658302081
373627.0,3509424.0258684945,779160.623901844,5250979.06271241,-0.10349002874967675,0.04770267814834739,0.06800882266649122
373627.09999990463,3509424.018275957,779160.655656619,5250979.037450447,-0.13340825127512862,0.033995184533686995,-0.2727881760492483
373627.2000000477,3509424.160811077,779160.6593505589,5250979.1533582965,-0.1328374410376944,-0.0007878545304365048,-0.16999522900736963
373627.2999999523,3509424.638986094,779160.5400109573,5250979.244418417,-0.19940006554411646,0.030897467871923823,0.20564022793838088
373627.40000009537,3509424.7905622246,779160.4994792899,5250979.263004888,-0.2920484149163962,0.057925858460173174,0.08240346383897457
373627.5,3509425.119699207,779160.4558567076,5250979.388725844,-0.2985856318693497,0.056040291824018595,-0.18137198437742175
373627.59999990463,3509423.7391239153,779160.7593399415,5250979.175156322,0.035600895455607566,0.012293986323591355,-0.10314169348843372
373627.7000000477,3509423.690370338,779160.7662997807,5250979.299405018,0.05000928300013195,0.034059861913256384,0.033767265852477024
373627.7999999523,3509425.340250002,779160.3401751419,5250979.471003041,-0.4676692866054092,0.13065426649657752,-0.004915653542146181
373627.90000009537,3509425.200085894,779160.4213844019,5250979.469959521,-0.617896364184684,0.13182944981297595,-0.06434963607650435
373628.0,3509425.181650682,779160.4455653771,5250979.415539008,-0.6277700465774463,0.11460129442074418,-0.07662783504012172
373628.09999990463,3509423.5582587067,779160.809010031,5250979.373976196,0.007473513217054445,-0.03322293428269063,0.061665141941988466
373628.2000000477,3509423.615972825,779160.7963909677,5250979.331469595,-0.003445560256716561,-0.016710469664289462,0.014039624050836252
373628.2999999523,3509425.317357736,779160.3816712525,5250979.490938545,-0.3105432279204646,0.057891611873699844,-0.14584440768005802
373628.40000009537,3509423.670493318,779160.8304498831,5250979.1617622245,-0.01792050178095752,-0.007156880100957608,-0.17615619385218473
373628.5,3509425.419359261,779160.4362939982,5250979.426337017,-0.3312863547273761,0.09478551971812976,0.013247392578464634
373628.59999990463,3509423.6627110513,779160.8443713395,5250979.282615118,0.06475835128950373,0.04318123671730234,0.30992417574502973
373628.7000000477,3509423.790297668,779160.9542181402,5250979.398960737,0.13560073286733085,0.08316194062816606,0.21534337875062093
373628.7999999523,3509423.8068533265,779160.8966477036,5250979.351950527,0.02258286984272487,0.04733299962909143,-0.03880286676959166
373628.90000009537,3509425.6550710457,779160.3612298768,5250979.332304629,-0.32016711423735955,-0.019408669845923043,-0.18798145700486302
373629.0,3509425.548991829,779160.4161372358,5250979.3450048445,-0.23880451377608652,-0.055237004668889256,-0.07907852948768657
373629.09999990463,3509425.5420518653,779160.4182545396,5250979.351387025,-0.1368893930813793,-0.021614553468850772,-0.045209014834879824
373629.2000000477,3509425.5573681113,779160.3993414463,5250979.385835123,-0.14537446512634722,0.013235858117994326,-0.11662854745689266
373629.2999999523,3509425.608597507,779160.3247770875,5250979.190742281,-0.03715005809166865,0.006099509086858745,0.010271718365032712
373629.40000009537,3509425.6180803245,779160.3290908454,5250979.210321235,0.06142198560315612,-0.006993978464549855,0.0725985439934993
373629.5,3509425.695026788,779160.2819195053,5250979.360165669,0.04665391385754034,0.04357971427101148,0.015902824250306757
373629.59999990463,3509425.604284237,779160.2765120434,5250979.225033834,0.08116993544671132,0.07740060397362214,0.03446246833073996
373629.7000000477,3509425.522656536,779160.3141727858,5250979.2576690735,0.06965755530741817,0.03793612441992167,0.023803042613801395
373629.7999999523,3509425.5292123538,779160.3048954274,5250979.292870103,-0.009929084040663366,-0.043258119521325966,-0.01820791888314055
373629.90000009537,3509425.4714639424,779160.3227134051,5250979.3647399545,-0.028106071392966323,-0.08167448841928149,-0.02325901384644613
373630.0,3509425.3962787944,779160.3801597821,5250979.38810331,0.021862444130892493,-0.061040835052523335,-0.024209440828273365
373630.09999990463,3509425.437764033,779160.2784392564,5250979.29669407,0.054941635366092444,-0.025146454463651935,-0.07706113738067977
373630.2000000477,3509425.5895630256,779160.2590094756,5250979.197781259,0.020059315900546937,0.01108181841883038,-0.027254580204150614
373630.2999999523,3509425.6706540287,779160.2170850885,5250979.040639041,0.009977688029856257,0.001542292059468764,0.04679397682019548
373630.40000009537,3509425.682377794,779160.2227209252,5250979.04639693,0.014567775415122643,-0.03398950558538871,0.01582277646216923
373630.5,3509425.7716663396,779160.1947811968,5250979.0641405275,0.02059762707614967,0.012778008135562402,0.028110435032163927
373630.59999990463,3509425.8464479265,779160.13488397,5250978.984864082,-0.03798683963009148,0.05918039110662221,0.02538953395267285
373630.7000000477,3509425.9014761276,779160.1515517894,5250978.847376139,-0.11965518190541075,0.013294209653409439,-0.06557971523883666
373630.7999999523,3509426.1280168835,779160.1524605572,5250978.834399116,-0.10513402669547102,0.008034625680011231,-0.016105772325664347
373630.90000009537,3509426.090897724,779160.1527257948,5250978.785835603,-0.13402814147880243,0.03847365804088554,0.03691340027569101
373631.0,3509426.0089886202,779160.1601781644,5250978.6977573475,-0.16138535754382433,0.04354289460561489,-0.03483816753983682
373631.09999990463,3509425.952631337,779160.1619503077,5250978.764758244,-0.16175463395558612,0.04028826110152295,-0.026169166007884215
373631.2000000477,3509426.0241471273,779160.1343102166,5250978.761997124,-0.19319951318002046,0.029780506385627348,-0.06387647734633273
373631.2999999523,3509426.1263947845,779160.1291856329,5250978.803822656,-0.12808906360191483,0.0408329352601271,-0.060101861095925635
373631.40000009537,3509426.016619422,779160.1689636613,5250978.8496016655,-0.02600727646809011,0.0339628441220583,0.07968453696845845
373631.5,3509426.011317623,779160.2365856939,5250978.755247677,-0.026882842012635022,-0.01720570858581283,0.013637612584391334
373631.59999990463,3509426.0166867822,779160.2167943112,5250978.7003583135,-0.04459208362954915,-0.03240853920353004,-0.09686021711592918
373631.7000000477,3509426.003797209,779160.245454981,5250978.853478405,-0.007646916447848822,-0.00310862787481625,0.0527761646879501
373631.7999999523,3509426.101010065,779160.2247537321,5250978.749753954,-0.004929136329543562,0.01850187781783319,0.047706392827532085
373631.90000009537,3509426.152207878,779160.2094560551,5250978.847860445,-0.0408750856422586,0.007670967975059284,-0.06160523474922197
373632.0,3509426.105619163,779160.1982876308,5250978.68846776,-0.04934931773945268,-0.019170882444932147,-0.07380429027767299
373632.09999990463,3509426.008631818,779160.2250024559,5250978.57094915,-0.04943750918626556,0.01063512851414572,7.931498457214303e-05
373632.2000000477,3509425.923344818,779160.3001777299,5250978.6153854355,-0.09088375663390925,0.055132850130036104,0.05847425525816252
373632.2999999523,3509425.945659246,779160.3075753595,5250978.824604964,-0.10401367645758462,0.03975245014810014,-0.002151677037549149
373632.40000009537,3509425.8907785234,779160.3500171392,5250978.903253261,-0.13103081761230892,0.020534268374575504,0.014083509872028444
373632.5,3509425.9463303783,779160.3344545913,5250979.05621429,-0.20669596994182785,0.02783088860621774,0.013662553738398309
373632.59999990463,3509426.0154670267,779160.364858821,5250979.071969157,-0.21183139176489,0.046456773147518504,-0.07979639720538056
373632.7000000477,3509426.058105729,779160.4093726209,5250979.025960009,-0.21043063557953187,0.05762789573085314,-0.12716328712320646
373632.7999999523,3509425.92976777,779160.4109417915,5250979.050850767,-0.2534922160558569,0.07266573554652922,-0.024911316811270012
373632.90000009537,3509426.0740810214,779160.3741328579,5250979.06061074,-0.29766071978633935,0.0720089218143869,0.0567176605226658
373633.0,3509426.2945471657,779160.3210043734,5250979.030228409,-0.3410113952073928,0.0778451964464324,-0.04488055889775833
373633.09999990463,3509426.4970617816,779160.2943103379,5250979.141169989,-0.3621695841341657,0.09171615077374184,-0.12173567508654504
373633.2000000477,3509426.6353969504,779160.2676142994,5250979.111302333,-0.3601843022649143,0.08094806809162236,-0.16155282260039083
373633.2999999523,3509426.663463252,779160.2585380919,5250979.120739725,-0.3883258464958581,0.08546210581127411,-0.10047109498744877
373633.40000009537,3509426.6648259526,779160.2291064451,5250979.117903787,-0.43385960183190814,0.09988091146202294,0.006421276821087396
373633.5,3509426.5885493336,779160.2003932184,5250978.926545359,-0.48205708574896444,0.11143934806409561,-0.04728735216302837
373633.59999990463,3509426.538152872,779160.2412223825,5250978.963272345,-0.5449275452256452,0.12531305531382486,-0.06506616989726055
373633.7000000477,3509426.5661400068,779160.2523430026,5250978.835067093,-0.5888825129929589,0.12914860720487553,-0.0134486560351883
373633.7999999523,3509423.7923979177,779160.8934487404,5250978.444934734,-0.010408664632748437,-0.0234114294286627,0.060265113656710056
373633.90000009537,3509423.714929787,779160.9147201496,5250978.568116204,-0.09914723750344985,-0.029071201076135367,0.012577815876014142
373634.0,3509423.742190937,779160.9595334867,5250978.4759068,-0.04656141411916052,-0.059577199707462114,0.05008189761917592
373634.09999990463,3509423.741200484,779160.9861456659,5250978.454524507,0.09038621691809505,-0.04730743045863761,0.09012846221031268
373634.2000000477,3509423.785496978,779160.943544514,5250978.546546041,0.045716308918187454,0.04888502954771212,-0.00993461286220132
373634.2999999523,3509423.7280514864,779160.8981669116,5250978.584361417,-0.06236615303600319,0.13724874906714746,-0.21519483777855086
373634.40000009537,3509423.7327669985,779160.8960804921,5250978.416453933,-0.027098107145601763,0.07390308847377014,-0.22366441085684308
373634.5,3509427.1522665024,779160.1297038003,5250978.788691406,-0.14135456040203462,0.016589890813975217,0.0847133181378128
373634.59999990463,3509427.0199596165,779160.1751580958,5250978.754337712,-0.09205604312391778,-0.008670084097460062,0.19507504635253436
373634.7000000477,3509426.939718292,779160.2225343314,5250978.670894169,-0.08379969549182138,-0.04229412827156409,0.08014943868074464
373634.7999999523,3509426.871643209,779160.2245807854,5250978.795342407,-0.17844265169240808,-0.025823730044692184,-0.007952905424041923
373634.90000009537,3509426.759662486,779160.2272437339,5250978.800754215,-0.2692630316799141,0.0504609280937629,-0.05652482917715407
373635.0,3509426.681339946,779160.2184320786,5250978.698593854,-0.2339920708931732,0.10183216653363303,-0.041351707446276365
373635.09999990463,3509426.811965647,779160.2015532871,5250978.700488902,-0.14579864510247265,0.09093089578777125,-0.031675551896679366
373635.2000000477,3509427.026262358,779160.1634311376,5250978.773441092,-0.07619960241903452,0.041711167261325954,-0.11087188210179555
373635.2999999523,3509427.065965663,779160.251677763,5250978.838177217,-0.134082780113992,0.03174095583761272,-0.10904728906490213
373635.40000009537,3509428.435165089,779159.1335778616,5250978.556792798,-0.28010557901180516,0.1046525033589134,0.03216899085947489
373635.5,3509427.2155101732,779160.1870850422,5250978.953916835,-0.0978271473411714,0.005975112286286333,0.0754175140804838
373635.59999990463,3509427.163961543,779160.1676475101,5250978.909520735,0.0908363400837038,-0.054381074014322905,0.03556428422527702
373635.7000000477,3509427.0538158575,779160.2038169325,5250978.842214499,0.10157904757667849,-0.060027955549337264,-0.04690652095274572
373635.7999999523,3509426.809909211,779160.2543897465,5250978.842175177,0.05580677994637611,-0.038967727864310575,-0.012729295447931221
373635.90000009537,3509426.691104427,779160.2867920792,5250978.906853025,0.09595531824472096,-0.020476565305401095,0.011637704784126512
373636.0,3509426.6560229072,779160.336169791,5250978.897240681,0.04291655863096848,-0.003847314184078243,0.04393213824097675
373636.09999990463,3509426.74309629,779160.3545521717,5250978.886667486,-0.007036937552388616,-0.03033190184629575,0.016583271019270818
373636.2000000477,3509426.7992467214,779160.346907235,5250978.746504868,0.05846620269251325,-0.032048643696477086,-0.07827554445983154
373636.2999999523,3509426.897575945,779160.3413881855,5250978.837861822,0.06291425401141545,-0.00412748152552922,-0.02656255571042898
373636.40000009537,3509426.977323411,779160.2622207209,5250978.856421572,0.012625384439045605,0.0010338833984846474,0.03533293539264992
373636.5,3509427.0734447553,779160.1224456676,5250978.698404769,0.03266622548543823,-0.0052198064761910246,0.0649933485020231
373636.59999990463,3509427.06840268,779160.0948678952,5250978.674365599,0.06910790220134821,-0.01879847154854275,0.05997002960041353
373636.7000000477,3509427.2132090623,779160.0536446465,5250978.7255260805,0.11418229599658339,-0.03366764949846157,-0.011024722716980406
373636.7999999523,3509427.352001819,779160.0204719463,5250978.671691615,0.15371672558421565,-0.03475715120171685,-0.03696637308644313
373636.90000009537,3509427.4475253397,779159.9759458998,5250978.6382138515,0.13685233028389873,-0.03148224494692187,-0.01941151184458967
373637.0,3509427.5030124807,779159.9513772493,5250978.695825528,0.17703867910104898,-0.04035842570065995,-0.01901249269350025
373637.09999990463,3509427.5491449153,779159.9160782145,5250978.677798579,0.23526692227897103,-0.06708138959231036,-0.0002241131261921936
373637.2000000477,3509427.5658247746,779159.8830225634,5250978.783353468,0.12382790465927998,-0.06581164176196097,0.03094797317975395
373637.2999999523,3509427.585735032,779159.8289036627,5250978.672270719,-0.033035892975436944,0.007484312302359797,0.02381369179682924
373637.40000009537,3509427.5326873236,779159.8006114915,5250978.525865846,-0.08758191069259316,0.08589399532407072,-0.0028636958798848866
373637.5,3509427.546308792,779159.7833899827,5250978.436157768,0.023872898767945027,0.014757269267235529,-0.02707257830791665
373637.59999990463,3509427.651175926,779159.7111409804,5250978.20310942,0.10083952773616464,-0.03406131435354354,0.010501055583841179
373637.7000000477,3509427.84232351,779159.67057629,5250978.264637384,0.04196446904041919,-0.026580933777708537,-0.009593415059550026
373637.7999999523,3509427.9763880726,779159.6661290184,5250978.303833397,-0.0961592244224912,0.00043481347616136645,-0.013360789581441601
373637.90000009537,3509427.9923436516,779159.677724577,5250978.386817564,-0.17789273419709908,0.038092016501963144,0.022402345013880165
373638.0,3509427.9674213873,779159.6673860746,5250978.279206605,-0.1570815268097344,0.054703000896331844,-0.016943185222608292
373638.09999990463,3509427.940237942,779159.696180225,5250978.201380978,-0.1270232465148863,0.04940875557463187,0.013154667297616385
373638.2000000477,3509428.039750142,779159.6525856525,5250978.176891229,-0.13723339932038503,0.012906473087241466,0.024434546065718266
373638.2999999523,3509428.119484284,779159.6336129773,5250978.150280444,-0.13768096550736672,0.011079349336014843,-0.029845634488386175
373638.40000009537,3509428.1438907855,779159.6355814313,5250977.989625687,-0.09492061208861577,0.029667997496829912,-0.03792701008197419
373638.5,3509428.217128373,779159.5832541641,5250977.9632831225,-0.04379486901987914,0.01711511925303455,-0.031577987534428864
373638.59999990463,3509428.286177707,779159.6013785234,5250977.971616797,0.0023368124365523955,-0.003155941274613383,-0.03275153005147846
373638.7000000477,3509428.3854700834,779159.5730591859,5250977.860736457,0.014630513621557243,-0.009323273500797313,0.007053660253556693
373638.7999999523,3509428.326948696,779159.570273542,5250977.807433617,-0.027756688891541686,-0.0069751397374773205,0.029629003898964612
373638.90000009537,3509428.3623845796,779159.5781653948,5250977.803716693,-0.037021915782294676,-0.005149049858722776,0.00617077667027921
373639.0,3509423.949243248,779160.6328096808,5250977.356995215,-0.015240408952504952,0.017923199080769336,0.027768818247450255
373639.09999990463,3509423.954270895,779160.631006824,5250977.465934674,0.016646798595010573,0.010829479302131517,-0.014455246965718871
373639.2000000477,3509423.908728081,779160.5995824012,5250977.488581196,0.001302729651024738,-0.005400098975520962,-0.036996791791509054
373639.2999999523,3509423.894463114,779160.5968946536,5250977.53866698,-0.003981591097834522,-0.0052243390601134365,0.01916294705742061
373639.40000009537,3509423.902437565,779160.6171559225,5250977.613186905,-0.006122240870099004,-0.012868384119229859,-0.02832200038515431
373639.5,3509428.8610611535,779159.4614910957,5250978.120892958,0.01103820296502571,-0.004303201494529674,-0.01020202104259571
373639.59999990463,3509428.8663847963,779159.4614638652,5250978.132331218,-0.011381399346426409,0.02596101700866882,0.05507147710406457
373639.7000000477,3509428.9372037183,779159.469593188,5250978.054288396,-0.0200183536013277,0.00327208077337815,-0.011511434499293038
373639.7999999523,3509428.823840622,779159.4889176795,5250978.081553719,-0.014259005399641284,-0.012430800041272505,-0.061779332383021135
373639.90000009537,3509428.7769259308,779159.5112508604,5250978.127523716,-0.029367348000394505,0.0045758413691388,-0.02715886865488404
373640.0,3509428.934791365,779159.5059115842,5250978.175520039,-0.04233269342229534,0.007505245397510407,0.011498208410404942
373640.09999990463,3509428.81489541,779159.5514645999,5250978.241449373,-0.028725954008618295,-0.005114098005329026,0.005780978389805291
373640.2000000477,3509428.872747256,779159.5406728877,5250978.356450284,-0.07158118625963082,0.012068303287158244,-0.04168624777172436
373640.2999999523,3509428.9071196397,779159.5609189578,5250978.412751335,-0.1263935807570363,0.039544177859525576,-0.02836754143625697
373640.40000009537,3509428.899469886,779159.5327522062,5250978.388556486,-0.1354902234746879,0.03174728241041436,-0.002424467810782538
373640.5,3509428.781211251,779159.533902205,5250978.375734348,-0.09274034110100678,0.013678584498258317,0.005720636117619193
373640.59999990463,3509428.711991192,779159.5432204836,5250978.425018116,-0.035128235852856,0.006584405060614529,0.008427656219518909
373640.7000000477,3509428.6304076803,779159.5902387266,5250978.443995514,-0.029127493672103485,0.018825769450970142,-0.011454010365656409
373640.7999999523,3509428.645988157,779159.6454931548,5250978.487537513,-0.05078699739582562,0.014436512922287648,-0.014669761414266347
373640.90000009537,3509428.642530353,779159.6597231682,5250978.502922787,-0.10569529219525527,0.009278829066992955,-0.023575310049178455
373641.0,3509428.624288494,779159.7045568655,5250978.452790757,-0.13898323612846555,0.020950580106720906,-0.0359834630537792
373641.09999990463,3509428.709432184,779159.6663180889,5250978.510272209,-0.08635910104818478,0.016390966495180237,-0.007702410294480266
373641.2000000477,3509428.8182095625,779159.6291175766,5250978.494136086,-0.04285722803706755,0.014456532363503527,0.038296389874882486
373641.2999999523,3509428.8046103944,779159.6621057651,5250978.485604492,-0.07787341898512266,0.013332032335327426,-0.02182613684969681
373641.40000009537,3509428.8611491853,779159.6216281753,5250978.485113282,-0.07526006416030291,0.008879232315244678,-0.06359568872465005
373641.5,3509429.3207145683,779159.2770055371,5250978.400744844,-0.004780588165944438,0.004487384718927956,-0.0032009547469291633
373641.59999990463,3509429.2982507735,779159.2607115577,5250978.335218298,0.0034311350995508212,0.004913630439538963,0.01800673946902176
373641.7000000477,3509429.232337364,779159.3163482714,5250978.364610687,-0.03803280780129908,0.005922055912897406,-0.005484673622311753
373641.7999999523,3509429.2344080294,779159.3101228939,5250978.3905654,-0.05600895846958232,-0.0004877605213806646,-0.020389086248701282
373641.90000009537,3509429.1801449093,779159.2959784686,5250978.387008064,-0.04529162136632777,0.010977616286240277,0.0007149923687146398
373642.0,3509429.2415887895,779159.2774678362,5250978.367845726,-0.018456096454613647,0.008281169610192762,0.0016146703676129803
373642.09999990463,3509429.238524741,779159.2896162102,5250978.430601961,-0.0073283221721312354,-0.0020222845739397144,-0.02334394886835156
373642.2000000477,3509429.223983374,779159.292598849,5250978.453187481,-0.000776106912072685,-0.0037991105499486366,-0.01208638343483237
373642.2999999523,3509429.299788353,779159.289018023,5250978.459432021,0.01126770918469329,-0.014095640240775253,0.02064189203830935
373642.40000009537,3509429.3467785255,779159.303447455,5250978.494720351,-0.00936204617809501,-0.0015276666949688433,0.005677513278932622
373642.5,3509429.3547003716,779159.2763828698,5250978.4662811635,-0.04661892156934652,0.022264941660999682,-0.009255556825992883
373642.59999990463,3509429.433506628,779159.299753073,5250978.474052017,-0.016324608661532968,0.0016452707781766662,-0.004664636004263478
373642.7000000477,3509429.4066743,779159.3150792702,5250978.545105607,0.023023820659427412,-0.01723701990777471,-0.02901200351123201
373642.7999999523,3509429.3738298137,779159.300422121,5250978.499409989,-0.0021775998508031164,0.0026178848105899988,-0.010475102497302657
373642.90000009537,3509429.141240454,779159.3371721043,5250978.46028853,-0.03724995768868925,0.01633279706555868,0.007998680273886727
373643.0,3509428.908857032,779159.3752070213,5250978.435923827,-0.04542333187145439,0.008839000630160854,-0.02884546119400877
373643.09999990463,3509428.8891836186,779159.3146148921,5250978.287764418,-0.0635298304628685,-0.0021079266588870382,0.013438943061816921
373643.2000000477,3509428.9737194395,779159.279963321,5250978.252956748,-0.06430067868241071,-0.0002967257189254724,0.019976436777795925
373643.2999999523,3509428.9673168776,779159.2946143262,5250978.318368851,-0.05981494225540455,0.01892360265629378,-0.05930857057543193
373643.40000009537,3509428.966551965,779159.3035702715,5250978.307058714,-0.11882566875277456,0.025415202555620908,-0.03821597374493191
373643.5,3509428.8683360643,779159.3419413127,5250978.388333161,-0.18566039348036006,0.034047349269407334,-0.011012133382800826
373643.59999990463,3509429.018656579,779159.2850558725,5250978.405726967,-0.1799714850833461,0.05482935345399653,0.002507726312225955
373643.7000000477,3509428.9691401985,779159.3502029972,5250978.572589647,-0.14470078373037012,0.04051993413662558,-0.023166319885093323
373643.7999999523,3509428.8680145685,779159.3545372426,5250978.547132143,-0.11780276563048171,0.03125413381334141,-0.06835631559369038
373643.90000009537,3509428.9014251353,779159.3716876762,5250978.520968576,-0.11291709257825655,0.027266906465882812,-0.019464707547185434
373644.0,3509428.9565394023,779159.3301689257,5250978.496037996,-0.18844531565243486,0.0363186944206646,0.020852665110950852
373644.09999990463,3509428.864952258,779159.3565412529,5250978.417773845,-0.24757043888568947,0.050193627648965844,-0.00398664584726216
373644.2000000477,3509428.6854700134,779159.3922444081,5250978.452307756,-0.217305942653409,0.035588444377644635,-0.07233053572700143
373644.2999999523,3509428.751096348,779159.4474678438,5250978.413691745,-0.21829783418438048,0.061844345927646316,-0.05561606603796854
373644.40000009537,3509428.865381006,779159.433064875,5250978.365691499,-0.254821774498337,0.06679852589372359,-0.0104963120968522
373644.5,3509428.8090967955,779159.4130754623,5250978.296783471,-0.14514611128851884,0.01664720288358268,-0.027842700143688504
373644.59999990463,3509428.8229645314,779159.3794349846,5250978.372141111,0.009995032313471508,0.0006955409965527792,-0.012919133231877211
373644.7000000477,3509428.841550809,779159.357075432,5250978.429818327,0.010973251893952983,0.008240027972206576,-0.003338542142722112
373644.7999999523,3509428.875207501,779159.3264968632,5250978.238214552,-0.06191649152223242,0.01198357890705637,-0.018952262488958205
373644.90000009537,3509428.9319626563,779159.3321189075,5250978.180742935,-0.09977029149110114,0.01732961682694878,-0.013341254218028453
373645.0,3509428.914677579,779159.3428230284,5250978.325227237,-0.064719673388069,0.012257049876311044,-0.00021043753543459331
373645.09999990463,3509428.957078598,779159.3144484215,5250978.365809837,-0.024879320600504334,0.004540271285009112,0.018284272243647592
373645.2000000477,3509429.0234495723,779159.305546013,5250978.323917181,-0.04677979745135455,0.009566236965859787,-0.0068033082030583
373645.2999999523,3509428.9460131926,779159.3312147302,5250978.1972179655,-0.03192741397532999,0.011882541605245933,-0.03966968167247753
373645.40000009537,3509428.9643391017,779159.3247191174,5250978.204216609,0.018289350976107604,-0.00045800819999186615,0.016261719084967652
373645.5,3509428.9509081254,779159.3508943174,5250978.296461522,0.0157508163117367,-0.007922748220444475,-0.008824622229615997
373645.59999990463,3509429.0360445254,779159.33594918,5250978.3386002,0.025268513250690332,-0.020223493576722262,-0.04989233073902
373645.7000000477,3509429.125885918,779159.3095774043,5250978.429900648,0.05307661258517007,-0.021509368956159847,-0.005751787345146475
373645.7999999523,3509429.2228856003,779159.3003212376,5250978.411580539,0.033998221394215516,0.0013903513532724787,0.007446316391593655
373645.90000009537,3509429.2668478,779159.2979583166,5250978.385524138,0.008807568186634588,-0.0008095413109785454,0.029098496264184703
373646.0,3509429.3197626146,779159.3256353934,5250978.463700905,-0.030783110426255804,0.001436051914076586,0.004960605959204223
373646.09999990463,3509429.392817682,779159.3448027663,5250978.4193302635,-0.09197774612498454,0.017839036916811324,-0.04837730498422488
373646.2000000477,3509429.4068735144,779159.3305646057,5250978.370867964,-0.07988781155796278,0.024034704909304594,-0.030570479561409236
373646.2999999523,3509429.4353483734,779159.3412600696,5250978.374653056,-0.06821254396218716,0.016371397863082393,0.011864943932446081
373646.40000009537,3509429.364100828,779159.2992386784,5250978.34591432,-0.09369493015732176,0.012082423076471116,0.0011491910054601817
373646.5,3509429.0838492024,779159.3677117333,5250978.191010611,-0.02929033164720361,0.003665788627706945,-0.010815929334397012
373646.59999990463,3509429.259112327,779159.3510052767,5250978.2683636835,0.01854554640663693,-0.0042215518212671554,-0.006151931967959712
373646.7000000477,3509429.286301395,779159.3464024335,5250978.385877174,-0.039567974447445434,0.01992206188036505,-0.035555362107584365
373646.7999999523,3509429.3100746525,779159.3578773622,5250978.431209621,-0.07513484797626951,0.020097609048484344,-0.0022558234783769393
373646.90000009537,3509429.3489892916,779159.3767820771,5250978.338083755,-0.030709774397921104,-0.006851217306952151,0.0636543422619198
373647.0,3509429.412987016,779159.2897436832,5250978.328415552,-0.014422418895169625,-0.011718748629036213,0.027809454919450083
373647.09999990463,3509429.3632008275,779159.2737029141,5250978.262379632,-0.024323845813841814,-0.012087136929928022,-0.07383826633782942
373647.2000000477,3509429.4086196767,779159.2786434164,5250978.151850566,-0.0051520893586996545,0.005523945917502715,-0.04946055540068084
373647.2999999523,3509429.6805602405,779159.1698149336,5250978.032117997,-0.039895247144293315,0.02764198608706181,0.0265767268053283
373647.40000009537,3509429.6259690356,779159.1772924596,5250977.967583222,-0.03779472673551093,0.006125295390596364,0.0161091014123782
373647.5,3509429.6072386843,779159.2040437591,5250977.992196425,-0.00031394631491119023,-0.009804349764529263,0.01885394615349245
373647.59999990463,3509429.689843791,779159.145258838,5250977.963696048,-0.014545884275067075,-0.004409789116117224,0.023267643496690305
373647.7000000477,3509429.8654679833,779159.1318730053,5250978.078653373,-0.007709665715245906,-0.01421166028277554,-0.017535788168195232
373647.7999999523,3509429.997497562,779159.0960565107,5250978.08921099,0.019369900583148823,-0.008971963364537316,-0.03847042449986926
373647.90000009537,3509430.0731835566,779159.0539571443,5250978.180358485,0.03817681519873635,0.0040082889560579815,-0.0002489544209529626
373648.0,3509430.1220607203,779159.0476899836,5250978.012320766,0.025641935102787044,-0.005020165124570042,0.015943003569658387
373648.09999990463,3509430.1574282614,779159.0466434961,5250978.065418341,0.03720111265511313,-0.013075681940179606,-0.010570951746935897
373648.2000000477,3509430.182342766,779159.0315340625,5250978.099414143,0.05236595464487003,-0.027040385340121986,-0.005821840029823555
373648.2999999523,3509430.1649922403,779159.0051801022,5250978.125452999,0.04323198028812377,-0.012374532864924959,0.03007844294797568
373648.40000009537,3509430.2311537093,779158.9808780127,5250978.151473452,0.031149959073580893,0.004018289476384496,0.004791994314929049
373648.5,3509430.2284806683,779158.9675407414,5250978.165535654,0.010287990967990263,-0.0021298376393730223,-0.024855900780752727
373648.59999990463,3509430.1741090603,779159.0028334191,5250978.103333421,0.016849071278352605,0.00023595720936953057,0.0029121151144826385
373648.7000000477,3509430.1397650726,779159.0134169669,5250977.934038134,-0.0009208700783630705,-0.005615892327959671,-0.00896971795778434
373648.7999999523,3509430.147854522,779158.9935911776,5250977.880627021,-0.0031050075812073803,-0.006218835484006036,-0.024053322465951155
373648.90000009537,3509430.2204731684,779158.9467186697,5250977.975000285,0.04575767224900519,-0.015128401075060083,0.015969742759521566
373649.0,3509430.309432986,779158.86786883,5250977.937793435,0.007965846602338773,-0.0035907062008107005,0.024727439201983614
373649.09999990463,3509430.3590735607,779158.8289860972,5250977.888090988,-0.0430275866045359,0.019391909107085326,-0.020476151324928082
373649.2000000477,3509430.334667304,779158.8291328918,5250977.803358077,-0.009674072781820472,0.0006289616116390562,-0.01877221764743453
373649.2999999523,3509430.4232024592,779158.8202989742,5250977.872617925,0.02173677044381349,-0.014152710366722943,0.0174430217713768
373649.40000009537,3509430.4967911146,779158.7916929255,5250977.992018064,0.04762563021937249,-0.010081966138962173,0.0068087271356915835
373649.5,3509430.545820307,779158.7702231305,5250977.914199555,0.06968122075519494,-0.008381009549218277,-0.020901336742770837
373649.59999990463,3509430.53405498,779158.8021231341,5250977.934596052,0.11450987164345294,-0.02598575960001881,0.01681449055925288
373649.7000000477,3509430.4521273063,779158.7943752313,5250977.896781193,0.16035033199034973,-0.04743131209351503,0.015307666826088528
373649.7999999523,3509430.4546828,779158.8517952248,5250978.022186197,0.11634282083781208,-0.029335778238177568,0.008422154796178027
373649.90000009537,3509430.377467301,779158.8587875132,5250978.110537338,0.029861469765714306,-0.007541617546287682,0.022775079038048318
373650.0,3509430.4297328624,779158.7709566719,5250978.060438978,-0.004651980610351741,0.004159987352551298,-0.001648986746742409
373650.09999990463,3509430.417951529,779158.7244860197,5250978.065894338,0.044411232553124375,0.002063728709529755,0.0016624934767728305
373650.2000000477,3509430.4409141466,779158.6561347801,5250977.92677036,0.09145624784465461,-0.028544306929461527,-0.02152900019512316
373650.2999999523,3509430.579178733,779158.6253711595,5250977.87373174,0.08649064988294819,-0.025835694889408956,0.021475831148064728
373650.40000009537,3509430.587558924,779158.6465697909,5250977.999922508,0.04438141822084197,-0.001417206471366228,0.04678298289229055
373650.5,3509430.4983880254,779158.6742045374,5250977.945363223,-0.00910486106924001,0.0005068657573161772,-0.020527586446154267
373650.59999990463,3509430.4088457446,779158.6649862338,5250977.925486543,-0.024815572798477323,-0.0011374598853990392,-0.03741611387556354
373650.7000000477,3509430.355097824,779158.6695035922,5250977.763302923,-0.024437582566741115,0.005737300256853928,-0.03183097463066531
373650.7999999523,3509430.389651659,779158.6479443638,5250977.92224687,-0.03384584752853682,0.01127743423998595,0.01386450945272344
373650.90000009537,3509430.3537435257,779158.6533830222,5250978.054204739,-0.0506605568423575,0.010723050152876112,0.01658763671552599
373651.0,3509430.3446013425,779158.6889600691,5250978.105461676,-0.0696689621852954,0.015392994851275432,-0.03501749321659009
373651.09999990463,3509430.345181276,779158.6600381476,5250978.134012944,-0.08579690539837555,0.02408190663132359,-0.03473808952675039
373651.2000000477,3509430.288877325,779158.6748867803,5250978.11676065,-0.07720220610398182,0.018541895699300426,0.0016859563675239997
373651.2999999523,3509430.245695763,779158.683316437,5250978.031333183,-0.03398893149953143,0.005647244146324226,0.023535952213673994
373651.40000009537,3509430.284698589,779158.7140189356,5250978.124227226,0.005097975296357995,-0.0073502149342346,0.016432909760148107
373651.5,3509430.2911750264,779158.725174043,5250978.2205564445,0.013134787317402245,-0.007589197457029684,0.01696922763874742
373651.59999990463,3509430.2709584283,779158.7240173145,5250978.197657611,0.011823223430053518,0.005461538349216255,-0.003224524834746667
373651.7000000477,3509430.334996205,779158.7265934597,5250978.248209142,-0.021917001836883106,0.002420513052300066,-0.047475552207599137
373651.7999999523,3509430.2387585905,779158.7597053886,5250978.311292202,-0.03793217460946435,0.005009492887886324,-0.01407111007331796
373651.90000009537,3509430.242568657,779158.8106787264,5250978.335609605,-0.022877200097290364,0.012139133433869631,0.040485205536208824
373652.0,3509430.2728056745,779158.8050525323,5250978.506142972,-0.021538796832289472,0.0072188545958837835,0.03779204388438373
373652.09999990463,3509430.1454775413,779158.837418078,5250978.483219028,0.005798772153749014,0.002703092149353381,-0.010014286895487778
373652.2000000477,3509430.13247274,779158.8618989633,5250978.536929301,0.00710781661226486,-0.006522154247910805,-0.05449464364931167
373652.2999999523,3509430.010600051,779158.914098053,5250978.619273608,-0.021506785889693535,-0.015465614636660518,-0.0020587093318207295
373652.40000009537,3509429.934868889,779158.902036512,5250978.543724056,-0.006394464635275213,0.0016548175001460663,0.03307727729101373
373652.5,3509429.87019043,779158.9199608555,5250978.485701481,0.003686389298792439,0.021264118599624737,0.005368576082721788
373652.59999990463,3509429.950898143,779158.9505731334,5250978.595335915,-0.002112837339041132,0.004568498764740525,-0.019375607585056187
373652.7000000477,3509430.002695621,779158.9636157117,5250978.6899964865,0.012416043792410684,-0.021786995372160334,-0.02538638588944231
373652.7999999523,3509430.105364319,779158.9252137913,5250978.659447558,0.029522897318842074,-0.009110283677252085,-0.0163416468248192
373652.90000009537,3509430.181801678,779158.9176349427,5250978.650593892,0.03526907067620607,-0.004830302411427567,0.016476639939648763
373653.0,3509430.1767432606,779158.9099837404,5250978.72982137,0.044458080582192236,-0.009397640060399226,0.020605926850659984
373653.09999990463,3509430.1279691667,779158.9224786613,5250978.848781888,0.02151637622505429,0.003328771044415646,0.017735551552916284
373653.2000000477,3509430.164335648,779158.9181072856,5250978.788797163,-0.016497043193098578,-0.0038670494370975916,0.008603571942847665
373653.2999999523,3509430.1573809716,779158.9196156091,5250978.784621632,-0.014605503626723103,-0.0006136904558857736,-0.01207043274475783
373653.40000009537,3509430.097004248,779158.9945608504,5250978.894580887,-0.01754670539764446,0.01212768351233251,0.002528858474467377
373653.5,3509430.0847836724,779159.0266931932,5250978.8358947,-0.033174437573470286,0.014420507039353936,-0.000523753181652431
373653.59999990463,3509430.0129253888,779159.0759507229,5250978.806274003,-0.04447032377537697,0.0030135306698895192,-0.04522182589510493
373653.7000000477,3509429.9622835848,779159.1027474115,5250978.764605351,-0.0566016193303517,-0.006014879822721753,-0.02614833374071246
373653.7999999523,3509429.9127912233,779159.0739544231,5250978.822203107,-0.04949982482835716,0.013365665039899,0.01929418405357275
373653.90000009537,3509429.900530928,779159.0729233314,5250978.810625616,-0.035771516189336015,0.019759332392951023,-0.002721553490864892
373654.0,3509429.8958096453,779159.0738151893,5250978.742878517,-0.05077263865973333,0.013412239853565211,0.01085830586106784
373654.09999990463,3509429.778345623,779159.0527367869,5250978.67542115,-0.045057489926664675,0.004780644801662959,0.015015344540659115
373654.2000000477,3509429.672879878,779159.0748824094,5250978.68418997,-0.007058980885564204,-0.008909147554732044,-0.0193750820153884
373654.2999999523,3509429.596740382,779159.1036355481,5250978.72744643,-0.0005100691044330673,0.0013885717155943667,-0.0445848557849331
373654.40000009537,3509429.592967924,779159.1095962344,5250978.815734161,-0.016236407014048833,0.0061287893146868555,-0.03080184711621481
373654.5,3509429.5832718816,779159.1416604241,5250978.895905687,-0.008395818469903806,4.103532376831254e-05,0.0015436153575567602
373654.59999990463,3509429.5370314135,779159.1693919894,5250978.8550776625,-0.0034287863228090244,0.001582194325663977,0.06910559349968448
373654.7000000477,3509429.4736098642,779159.1834736924,5250978.901021974,-0.03490515557589523,0.02133128579793464,0.05663668095397956
373654.7999999523,3509429.465162127,779159.2017780681,5250979.025104273,-0.022258689932380983,0.001341610427452622,-0.05183743672387475
373654.90000009537,3509429.405280723,779159.1941290611,5250978.834969937,0.024096298644317993,-0.030552771658136635,-0.03604995738501238
373655.0,3509429.3937210157,779159.1942182464,5250978.63752345,0.008551078358776287,0.00037890632557946446,0.006722639013580611
373655.09999990463,3509429.316899609,779159.2094456325,5250978.625083217,-0.06144750230356223,0.02764011402221911,-0.03184820269590549
373655.2000000477,3509429.362212424,779159.2155175584,5250978.614789797,-0.13456645126601782,0.025371032377506708,-0.021317001856962392
373655.2999999523,3509429.2878168556,779159.26877548,5250978.560671504,-0.16030210183025242,0.0326031554816808,-0.018858739473610164
373655.40000009537,3509429.252492563,779159.3291477397,5250978.553594412,-0.11312727349969678,0.030033607141149332,-0.012138647498231236
373655.5,3509429.2310988302,779159.3894288631,5250978.475126267,-0.06191821817048412,0.020686357087960516,-0.0003067058950705359
373655.59999990463,3509429.2620372903,779159.3799628328,5250978.595326496,-0.03879853355676751,0.016240156488663615,-0.010633099033297455
373655.7000000477,3509429.2223393028,779159.3185481615,5250978.457927766,-0.019088687834877112,0.002926324308027972,-0.009940583573174067
373655.7999999523,3509429.2401194307,779159.2868398726,5250978.395078824,-0.013993982323603603,0.006704437808878083,-0.04091551436424368
373655.90000009537,3509429.271742413,779159.289005196,5250978.529418236,-0.04257943273428967,0.009190264327784803,-0.026662216581525122
373656.0,3509429.2690809453,779159.265845086,5250978.444911583,-0.08634284490752518,0.012052406881714717,0.01790058259630456
373656.09999990463,3509429.209623827,779159.2770544671,5250978.450066564,-0.07556916387886205,0.009353450839086008,0.011987542801045414
373656.2000000477,3509429.133918147,779159.3025909303,5250978.309647522,-0.05868643837116844,-9.770502480677123e-05,-0.040506302425152185
373656.2999999523,3509429.0748938587,779159.3198213817,5250978.2836614335,-0.04044636164832192,0.01964401086360823,-0.002977551340093143
373656.40000009537,3509429.032856031,779159.2902961129,5250978.227326367,0.001964704741797495,0.01622457561919788,0.037782966169006116
373656.5,3509429.00096178,779159.3109245873,5250978.2589291185,0.008520885624453139,-0.004966554489286068,0.01445518666530532
373656.59999990463,3509428.953880644,779159.3401677369,5250978.183008408,-0.012283384328334439,-0.005500167272174394,-0.003747728252690763
373656.7000000477,3509428.8759588036,779159.3086696626,5250978.13651763,-0.021178225135765363,0.0037753726230036477,-0.03769117062602856
373656.7999999523,3509428.7715075384,779159.3003713397,5250978.002316563,0.003521784310771264,0.0022706619334798006,-0.020322399640304134
373656.90000009537,3509428.67405517,779159.3343686437,5250977.91960586,0.04627679799481014,-0.010252834946882672,0.027859219499748455
373657.0,3509428.595720441,779159.3388578709,5250977.855650162,0.07205748460776731,-0.016469205496541406,0.03369628590492102
373657.09999990463,3509428.5572051485,779159.357287219,5250977.920984113,0.04698538684545459,-0.009054115081745806,-6.435998169074253e-06
373657.2000000477,3509428.5341056976,779159.3857484609,5250977.83884472,0.009960524085727812,0.005100699227384098,-0.04361460130072636
373657.2999999523,3509428.3743092264,779159.405704632,5250977.728653389,0.019694120045380546,-0.00026542824407016496,-0.03187280542096094
373657.40000009537,3509428.285229297,779159.4122000447,5250977.619774253,0.019967101204474483,-0.01501963984500776,0.024482983007009018
373657.5,3509428.2077967124,779159.4537685512,5250977.6500394195,-0.01735074719235083,-0.007978861497527134,0.04086106273386214
373657.59999990463,3509428.1395183704,779159.4512046366,5250977.633733651,-0.0710193808916526,0.013814864213479439,-0.012975017445956638
373657.7000000477,3509428.05301508,779159.435648938,5250977.581958679,-0.09700408153679785,0.02926692300599143,-0.04706219867327732
373657.7999999523,3509427.962436888,779159.4697439662,5250977.597797501,-0.09607123484296255,0.037848689339178065,-0.010549217765357
373657.90000009537,3509427.879502058,779159.4904704395,5250977.587859778,-0.09009631731328949,0.01894720559799623,0.005557305521493028
373658.0,3509427.7788352952,779159.5234614131,5250977.476356746,-0.08041629773896444,0.008250576683963118,-0.01914356392396499
373658.09999990463,3509427.7235627845,779159.503571444,5250977.52978513,-0.0759165390883139,0.01877512829821626,-0.018506290977652995
373658.2000000477,3509427.6090695094,779159.4749737076,5250977.338979881,-0.08078535772396311,0.02026910950840488,0.010065424995842953
373658.2999999523,3509427.597237332,779159.4925971085,5250977.159061524,-0.07425306033213226,0.021019392202717313,-0.013578957149809945
373658.40000009537,3509427.508770696,779159.5741174018,5250977.299583063,-0.057994288462471275,0.014446507991337398,-0.05001577046122563
373658.5,3509427.444915601,779159.5906341007,5250977.220507288,-0.06414831231111598,0.010842482518874874,0.021048487401709615
373658.59999990463,3509427.4531649817,779159.5380501933,5250977.159421299,-0.04065765560417987,0.012462009851816447,0.004051269842349825
373658.7000000477,3509427.3954324266,779159.5125679133,5250977.212737958,-0.035876770608134476,0.007605855258510985,-0.053493588280042914
373658.7999999523,3509427.3173974385,779159.6150962332,5250977.256033544,-0.04662058698115838,-0.0006630713814459455,0.018832947646062692
373658.90000009537,3509427.1801293483,779159.6268698314,5250977.202382395,-0.0064215908995260106,0.0027036542432625765,0.036997135263705516
373659.0,3509427.359046652,779159.5711191073,5250977.209892485,-0.012514335808726398,0.015561506985790174,-0.0327065209121562
373659.09999990463,3509427.667240361,779159.517514728,5250977.258371298,-0.020801431584523973,0.006775438477809814,-0.03630249150407305
373659.2000000477,3509427.5905918805,779159.5099116031,5250977.294473787,-0.012620425845445917,-0.01711641321447388,0.007737447001879616
373659.2999999523,3509427.5607802714,779159.5081006755,5250977.251823232,-0.015180520038624544,-0.0013640326550330428,0.014639541055869287
373659.40000009537,3509427.4604684324,779159.5210401007,5250977.081676368,0.004562579510960823,0.012557568875429581,0.004658303226616312
373659.5,3509427.400127158,779159.5404848625,5250977.085114316,0.027831623529154404,-0.004910287339498609,-0.009363210577106429
373659.59999990463,3509427.293923706,779159.5324265235,5250977.128601438,0.00847874742966681,-0.007044736129522278,-0.0035457719485245676
373659.7000000477,3509427.1779875006,779159.5553237216,5250977.137921068,-0.04308424070526915,0.006810215461854341,0.005710045784800499
373659.7999999523,3509427.0883538127,779159.5263699597,5250977.106332725,-0.029147443773954725,0.014167524693895928,-0.009891549933967347
373659.90000009537,3509427.0811121794,779159.5365676759,5250977.220090418,0.004421342946243951,-0.004901647361869266,-0.0010057330816701793
373660.0,3509427.0578469364,779159.559435023,5250977.19904586,0.0079539568553443,-0.015027327745464447,0.026104665369339308
373660.09999990463,3509427.051411457,779159.6006542833,5250977.2957201805,0.024484477485677926,0.00286663236212803,0.0029873102662998363
373660.2000000477,3509427.0492160926,779159.6507524435,5250977.267262239,0.038604098381241174,0.0040701521914670025,-0.03374478679084447
373660.2999999523,3509427.0644161934,779159.6269017771,5250977.264607179,0.017346575910024017,-0.007171179389835913,-0.007530546349642009
373660.40000009537,3509426.986452468,779159.6312972753,5250977.185792763,-0.0282818332700944,-0.0011755894337355244,0.013681118852491458
373660.5,3509426.921204607,779159.6437366285,5250977.207167626,-0.033553730763985684,0.010717122366884269,0.012288475371794227
373660.59999990463,3509426.929237489,779159.6153737463,5250977.132137215,0.013100675249452538,0.0042217375015951575,0.009168479732571733
373660.7000000477,3509426.9381764047,779159.5652461788,5250977.244909021,0.05366430935874796,-0.015119730242915352,-0.01877458948408961
373660.7999999523,3509426.958317829,779159.519696474,5250977.278827046,0.04912601799874595,-0.011861313288619613,-0.01607448328957073
373660.90000009537,3509426.9264683994,779159.4912849969,5250977.242004501,0.03390695443472825,-0.011347195324518111,0.00872487820681922
373661.0,3509426.902737418,779159.4633011329,5250977.197685126,0.021463199384106797,-0.008042872451973437,0.03905466740458419
373661.09999990463,3509426.910017746,779159.4121183982,5250977.293655843,-0.008508327212420752,-0.0015868001106511542,0.015620258813287435
373661.2000000477,3509426.9401320717,779159.3825996149,5250977.327501995,-0.015150093793768147,-0.0013007643528126778,-0.021354822229623593
373661.2999999523,3509427.0133532183,779159.359226987,5250977.3589278795,-0.02122914069343037,0.01612633185567347,-0.015723069299014014
373661.40000009537,3509427.1135843,779159.342009373,5250977.282245225,-0.012433269878791467,0.007829146961000788,-0.030221369963087774
373661.5,3509427.1407717667,779159.3218729015,5250977.13384776,0.04308132990750706,-0.027130584233987065,-0.0068493377882443696
373661.59999990463,3509427.002982338,779159.3369574327,5250977.078957697,0.10128726764618687,-0.02601937208952876,0.03021019635966038
373661.7000000477,3509426.9177473043,779159.3160935998,5250977.069233458,0.10182050993618473,-0.015364472084442582,0.050095012880903234
373661.7999999523,3509426.8124527275,779159.3704683855,5250977.291416935,0.043741546336790955,-0.00739147366019921,-0.007627304667331636
373661.90000009537,3509426.6228233553,779159.4103530748,5250977.393025636,-0.033434260517726536,0.011769889156774127,-0.04921478631919296
373662.0,3509426.5499416133,779159.4365192634,5250977.420966469,-0.06788611365594119,0.013873025429489871,0.020161277268701205
373662.09999990463,3509426.5611929474,779159.4205771852,5250977.472377055,-0.030285089581498406,0.0070449688005354005,0.0005049419345715123
373662.2000000477,3509426.4794754367,779159.4236205984,5250977.505067681,0.01854893147390985,-0.011563682387489393,-0.02432575063622089
373662.2999999523,3509426.379875515,779159.4372579708,5250977.494319725,0.03741458404065837,-0.01998938100557268,0.01228147478834174
373662.40000009537,3509426.3737315047,779159.4779936144,5250977.462899139,0.01021113417533639,0.001675957087236668,-0.014140511387640053
373662.5,3509426.3792639407,779159.4866816775,5250977.615777846,-0.02186120019628953,0.01289353149941519,-0.03544471123828252
373662.59999990463,3509426.407871939,779159.478521146,5250977.681183136,-0.06419324473020058,0.012226625385821421,0.0011072690814657449
373662.7000000477,3509426.3758495157,779159.5201161448,5250977.768770155,-0.09528500576552809,0.01502600366674045,0.03387877235149084
373662.7999999523,3509426.489622931,779159.5399626379,5250977.938534959,-0.06050153361041826,0.013276733548934772,-0.02281941198216586
373662.90000009537,3509426.4139620513,779159.5351554713,5250977.7632808145,-0.03587518233082324,0.008261464017436992,-0.06164168649683699
373663.0,3509426.3615263742,779159.5664698239,5250977.660965972,-0.055389343723126865,0.011651626116261582,0.009777077863724948
373663.09999990463,3509426.32460437,779159.590263545,5250977.608075327,-0.048017395942491596,0.015434970252634628,0.02466642992777146
373663.2000000477,3509426.3592177033,779159.5983277378,5250977.534647731,0.0006901599211516953,0.011707936732520352,0.025748105829225487
373663.2999999523,3509426.4618855887,779159.5813545492,5250977.493791081,0.00810050432685254,-0.0017292107497794973,0.0015827796793530524
373663.40000009537,3509426.4744871133,779159.5607683625,5250977.503070099,0.007504219615679948,-0.01842356898173847,-0.024532722362695658
373663.5,3509426.4441150804,779159.5819369185,5250977.58118684,-0.008387506577036902,-0.0020635071929362425,0.022558472061678714
373663.59999990463,3509426.4534574496,779159.5837727202,5250977.74451576,-0.040940005995160136,0.0204103211627924,-0.0008473158631252531
373663.7000000477,3509426.44946916,779159.5570017126,5250977.748377801,-0.012832505416529083,-0.0033277212760012276,-0.04358657985949588
373663.7999999523,3509426.438462755,779159.5411555354,5250977.714040221,-0.001190661710581997,-0.013219589017062106,0.001006453983159794
373663.90000009537,3509426.390165298,779159.5235267737,5250977.7305168975,-0.016280204722737484,0.0084455218231696,0.018164772415949493
373664.0,3509426.3494647066,779159.590588909,5250977.740528983,-0.009992475625835212,0.015017700929135458,0.017229856400688526
373664.09999990463,3509426.4236041917,779159.5607436292,5250977.702945762,0.0009388052732535284,0.012137315605755816,0.0007329133033007196
373664.2000000477,3509426.469998895,779159.5459843198,5250977.755853827,-0.0018556973688723733,0.004151910253305857,-0.04910219261996751
373664.2999999523,3509426.507917339,779159.5710390896,5250977.763136139,-0.029864193779386018,-0.005164121265082144,-0.038913519308062305
373664.40000009537,3509426.524814012,779159.5946705091,5250977.641601013,-0.053199845101108915,0.0014879323315852844,0.016639783919148776
373664.5,3509426.595508436,779159.6306151282,5250977.690588577,-0.05881830929318206,0.02129152783207644,0.024991111260042054
373664.59999990463,3509426.603177861,779159.6494664218,5250977.733026494,-0.07103951019263369,0.024575290721017495,0.004413011550403745
373664.7000000477,3509426.5057412856,779159.6888802655,5250977.756908095,-0.057264489948549026,0.004314918484539021,-0.01133583472518307
373664.7999999523,3509426.4542892813,779159.6413992257,5250977.634255766,-0.008706487721433585,-0.0015813254105125907,-0.03955126271038267
373664.90000009537,3509426.4103000867,779159.6341856857,5250977.721917448,0.015353359780964483,-0.005828689371384144,-0.03134944433125675
373665.0,3509426.3389713876,779159.6199718144,5250977.571936307,0.002270897910241179,-0.010012067279333792,0.028446949041302183
373665.09999990463,3509426.304213885,779159.6261010247,5250977.661689409,-0.002097534207021404,-0.0020733942268833516,0.04092167418021919
373665.2000000477,3509426.326157185,779159.6357067942,5250977.745631518,0.013787656759710323,0.00899737918398813,-0.0223567170272716
373665.2999999523,3509426.3427496823,779159.6628731055,5250977.666420495,-0.012668537365305418,0.019494026617856264,-0.016468937942572204
373665.40000009537,3509426.3864940326,779159.6189282034,5250977.596459946,-0.04150422181845051,0.0034201976390946243,0.03058382108758284
373665.5,3509426.4582895623,779159.6379281229,5250977.733056519,-0.03594141949731946,-0.012441865604415625,-0.02106744310365727
373665.59999990463,3509426.4575556763,779159.6449909274,5250977.7187029375,-0.008959494470181349,-0.007536345166535341,-0.05660423004025272
373665.7000000477,3509426.343710919,779159.6494873338,5250977.725391612,0.04765294340810549,0.002817155628228818,0.044210429471312374
373665.7999999523,3509426.3410246093,779159.6447710744,5250977.759767452,0.050320589503081166,-0.011872440949787233,0.0310825984723877
373665.90000009537,3509426.312249009,779159.6849095696,5250977.873464642,0.0051744924290286435,-0.01557752123643752,-0.0420739387206126
373666.0,3509426.2374837566,779159.6557707122,5250977.766121405,-0.01793875129674375,0.005661461196844186,-0.004218412706950225
373666.09999990463,3509426.241578896,779159.6461751106,5250977.673587734,0.013366798528538653,0.006578870847050666,0.007083894915420608
373666.2000000477,3509426.212483981,779159.620295297,5250977.496653988,0.03893615296912072,-0.007683785565845369,0.022170787376917467
373666.2999999523,3509426.1978209144,779159.6234059193,5250977.628385003,0.010996001287384287,-0.00618931461624328,0.0017212769765126978
373666.40000009537,3509426.0926162954,779159.6147229419,5250977.589628096,-0.03222716460804474,0.0017469913629710732,-0.038803105672912785
373666.5,3509425.99998261,779159.6469261199,5250977.485532005,-0.04313203118532042,0.003370235265208521,0.007303811834193041
373666.59999990463,3509425.930924454,779159.6404936233,5250977.352040191,-0.01759534472567034,0.006490458307304436,0.023809105932330432
373666.7000000477,3509425.8336581974,779159.5796135314,5250977.199233935,-0.004844407240955589,0.007586080459290656,-0.038924319969824595
373666.7999999523,3509425.9190048585,779159.5711402157,5250977.213536937,-0.005500023297358888,0.005525302357334283,-0.003213950294048473
373666.90000009537,3509425.8424017495,779159.5785041095,5250977.05170876,0.014798126274300787,-0.009361810158331707,0.021209628382250045
373667.0,3509425.800394227,779159.6025469366,5250977.051590184,0.046411524296630625,-0.013881276850781887,-0.007643240711534993
373667.09999990463,3509425.7882531853,779159.6270798318,5250976.976683383,0.035293896514795024,-0.010594759915704799,-0.0009592088938399357
373667.2000000477,3509425.88746276,779159.6121008556,5250977.02692317,-0.021628495356439247,-0.006423921988840675,-0.004958566512525131
373667.2999999523,3509425.9983849344,779159.5735436404,5250976.994164445,-0.028082540880263414,0.006280463050586604,-0.006657728720409928
373667.40000009537,3509426.039382235,779159.6054181372,5250977.028514719,0.037133588181445326,-0.004120006629598549,-0.03340295719338826
373667.5,3509426.0390461134,779159.6129969328,5250977.079174106,0.08810315108901749,-0.02113871047264837,0.0056643865160612705
373667.59999990463,3509426.2044353574,779159.5250207746,5250977.080275296,0.0740044414265076,-0.013174039241746982,0.0219656479037722
373667.7000000477,3509426.1988943606,779159.5470358747,5250977.016905035,0.01734695905117781,-0.002147639616978836,-0.014550008084791344
373667.7999999523,3509426.179534515,779159.5751975116,5250976.9971602475,-0.01933263450974627,-0.0065997155098074245,0.013195362098379348
373667.90000009537,3509426.3072634707,779159.554866914,5250976.96336915,-0.02158937783179395,-6.000270240491545e-05,-0.013329482180344243
373668.0,3509426.4106361014,779159.5217399665,5250976.9379770355,-0.010446278365601408,0.022508247851646956,-0.03865043600367635
373668.09999990463,3509426.301959237,779159.5361487996,5250976.915735594,-0.008251917233833957,0.011492062502426847,0.034616036211026824
373668.2000000477,3509426.1402394366,779159.5608345896,5250976.907593513,0.0015283505510607389,-0.016009521559674056,0.021503770964891977
373668.2999999523,3509426.129087826,779159.5540722699,5250976.906164457,0.0236244680598094,-0.006414052868166209,-0.008094753167905644
373668.40000009537,3509426.0473805107,779159.5726321201,5250976.807341202,0.013026002832639764,0.006389850207526138,-0.011614612460522977
373668.5,3509426.1268470385,779159.595544204,5250976.639197396,0.004513796285397319,-0.0037595463219375347,-0.024578327151573376
373668.59999990463,3509426.0658691823,779159.5691194268,5250976.640403461,0.005787789657838798,-0.01103138291631467,-0.002171688229476665
373668.7000000477,3509425.979439945,779159.5779530717,5250976.571824512,-0.012483328243501802,-0.008749223607615875,-0.022699393835498682
373668.7999999523,3509426.0591051076,779159.5378008493,5250976.695111148,-0.0002474919199978183,0.001479001075438191,-0.023697656024864955
373668.90000009537,3509426.0596944196,779159.5851213495,5250976.731529253,0.00932865428618947,0.0022928027293218634,0.039074560731210184
373669.0,3509426.0517042014,779159.5788550493,5250976.783015318,-0.02336649003428104,0.005556378075105783,0.006281060678876571
373669.09999990463,3509426.0074715163,779159.5345643761,5250976.832510253,-0.05205991995134472,0.02510098762591184,-0.03217936295145751
373669.2000000477,3509425.969512853,779159.5606944925,5250976.904433435,-0.04682250324767679,0.011842601895914129,0.006081618754699036
373669.2999999523,3509426.037229109,779159.4990991823,5250976.882811896,-0.03289653089384884,-0.013722813615117957,0.012242066671066532
373669.40000009537,3509425.9912482123,779159.5360663739,5250976.870026962,-0.027656536936915683,0.004652573936773763,-0.0014988908801303324
373669.5,3509425.8504933347,779159.6148491345,5250976.801769712,-0.058322511790130434,0.011669389782824169,-0.04045201651131247
373669.59999990463,3509425.878831305,779159.5925358008,5250976.661894456,-0.05269152971871612,0.005549311629089004,-0.02154113690948467
373669.7000000477,3509425.879207296,779159.5707474703,5250976.482006101,-0.03345377506831253,0.027471865776973914,0.010761838105131538
373669.7999999523,3509425.7776170727,779159.5850062256,5250976.496934526,-0.05209591168999759,0.012578939523429256,-0.009110759625401421
373669.90000009537,3509425.822265296,779159.5672251966,5250976.504722581,-0.050208149028475424,-0.005121470376622028,-0.025598717004182703
373670.0,3509425.8432572507,779159.5374291429,5250976.436417496,-0.021982048610231834,0.0127899308213415,0.020573270129280452
373670.09999990463,3509425.899878671,779159.4845192388,5250976.532482881,0.019133226485738793,0.0028402202613335703,0.01578905552423837
373670.2000000477,3509425.9442799343,779159.4326551309,5250976.523908166,0.011869761736673125,-0.004581928691493431,-0.05451029500531579
373670.2999999523,3509425.9984160657,779159.3880123231,5250976.589245722,-0.012193961176874147,0.006157600820394293,-0.01965232301318487
373670.40000009537,3509426.0031389394,779159.3744557227,5250976.676500737,-0.008183760004590137,-0.000937809146925872,0.03509425987498993
373670.5,3509426.054091199,779159.4001072893,5250976.747185905,-0.025421277757876577,-0.01179261417970423,0.02473315409667798
373670.59999990463,3509426.0186490137,779159.3898992431,5250976.773695626,-0.05150681161241278,0.012364763587754624,-0.01588114147840436
373670.7000000477,3509426.011349688,779159.3980052581,5250976.864624828,-0.021155423762044785,0.02403580133764649,-0.026889699667120404
373670.7999999523,3509425.9751420794,779159.4208893152,5250976.885124366,-0.0034037538762093445,0.00033563505805744853,-0.009536688980533725
373670.90000009537,3509425.8401870537,779159.5218230864,5250976.91460723,-0.04955067344025676,0.008656357204721132,-0.019751619616700467
373671.0,3509425.7596379053,779159.5528839665,5250976.876330024,-0.06584158912710424,0.01146926955433969,-0.023456660915956995
373671.09999990463,3509425.7367882836,779159.5264145307,5250976.8696174,-0.050577342380797356,0.0019433310318035524,-0.003909369812055807
373671.2000000477,3509425.7052765475,779159.4554757995,5250976.8226273805,-0.07505603909636163,0.01106027538326515,-0.014231858549510257
373671.2999999523,3509425.8371508615,779159.478379817,5250976.766553332,-0.07405180440161933,0.01295257042887954,-0.02420777885542602
373671.40000009537,3509425.825750472,779159.5134627629,5250976.872166409,-0.04587427552608068,0.016283899778940736,0.007058905434210061
373671.5,3509425.862406413,779159.5201311535,5250976.895742977,-0.06923331932547887,0.013092326547983646,-0.0003547147938780526
373671.59999990463,3509425.804122817,779159.5103260649,5250976.868492858,-0.09874660805556694,0.017510854927522246,-0.029788719866096436
373671.7000000477,3509425.7712074677,779159.5142814566,5250976.89609139,-0.07778440875411986,0.028699036245669163,-0.019506883089246863
373671.7999999523,3509425.909068215,779159.523960528,5250976.918775202,-0.061438833871237705,0.018322120837723332,0.005182156558482198
373671.90000009537,3509425.8533028215,779159.5201605482,5250976.89658622,-0.08728732933879131,0.011541482631244548,-0.006599482045678506
373672.0,3509425.808480368,779159.5235606368,5250976.808465125,-0.08429942590093818,0.013446360194279805,-0.04001478831201144
373672.09999990463,3509425.800891798,779159.5546798119,5250976.85658817,-0.056312084298903456,0.010095353168971144,-0.05215361207500724
373672.2000000477,3509425.848709133,779159.5625689232,5250976.87932322,-0.05823849251521108,0.00915518655131109,0.007883633986419447
373672.2999999523,3509425.9716803078,779159.5612597712,5250976.833812899,-0.08044181960009948,0.024018113236422778,0.036178451348900964
373672.40000009537,3509425.9057128346,779159.57644181,5250976.87146925,-0.07206340016756652,0.009853789216379027,-0.030713977820761684
373672.5,3509425.713174758,779159.674441584,5250976.830711831,-0.05129455318142827,0.0008058264697226036,-0.037423350780818154
373672.59999990463,3509425.5298190922,779159.6917908463,5250976.848775629,-0.04558704112494399,0.022441877680066113,-0.012854038623204112
373672.7000000477,3509425.4422563557,779159.7254733682,5250976.720475386,-0.02875158537362115,0.006943791337050698,-0.02126823128902977
373672.7999999523,3509425.516932436,779159.7127439992,5250976.695820836,0.014432075141850347,-0.010929838455318475,0.0026064085105925727
373672.90000009537,3509425.5925410846,779159.7064097603,5250976.815878446,0.022198473421846082,-0.007716591805305484,0.043530921953465196
373673.0,3509425.5657638274,779159.67214179,5250976.784933127,-0.010854890005758918,-0.0010851293782394578,0.01145288316203441
373673.09999990463,3509425.477975102,779159.6905325192,5250976.845274596,-0.030314976075025184,0.009012378676892752,-0.04868876361949681
373673.2000000477,3509425.327556737,779159.6905741725,5250976.710187269,-0.03191497641455506,0.015893148597484696,-0.014208100849782745
373673.2999999523,3509425.3849130236,779159.7439463683,5250976.765282587,-0.0247708189135399,0.0012542514210522882,0.01789428443567953
373673.40000009537,3509425.371233112,779159.7888265902,5250976.766282367,-0.002222045895926561,-0.0066799510248287675,-0.0051383771253750155
373673.5,3509425.286950808,779159.853471269,5250976.897093113,0.002732526704044783,0.007314040165027791,-0.011238022507979117
373673.59999990463,3509425.242446848,779159.815636321,5250976.832220725,0.00629037866202436,-0.0003726898641787102,-0.02434841603780047
373673.7000000477,3509425.233987565,779159.7986584748,5250976.800284698,0.013439126648830214,-0.008139794327369998,-0.01471276607271399
373673.7999999523,3509425.21807388,779159.7841881799,5250976.809111752,0.011667779697507735,-0.004835178016527664,0.026890485463302305
373673.90000009537,3509425.3670741073,779159.8152437113,5250976.852969387,0.014848613543933124,-0.008828538773308026,0.034288152502630176
373674.0,3509425.418270968,779159.8116482128,5250976.933180514,-0.008155755413465048,-0.0009384161839847138,-0.02210282866982194
373674.09999990463,3509425.5763568734,779159.7454679416,5250976.944841558,-0.029358714641739687,0.007018785853809106,-0.042265563755367275
373674.2000000477,3509425.7413651203,779159.6876588151,5250976.957555553,-0.012419555826900418,-0.0002825450004095842,-0.022814519488868257
373674.2999999523,3509425.7636152687,779159.6675714565,5250977.019958019,0.0021393964114570715,0.012162025824189016,-0.01478310256777604
373674.40000009537,3509425.8086820743,779159.6696553315,5250976.995026926,-0.049982870077811,0.02214948951019835,0.005899230206733996
373674.5,3509425.8635095926,779159.6337335157,5250977.018265566,-0.06933656932054588,0.006177637922277768,0.016913672460426632
373674.59999990463,3509426.0153879565,779159.6352124613,5250977.098239411,-0.03647286839443348,-0.004615662273188548,-0.013809446516582113
373674.7000000477,3509426.1723456504,779159.6031897498,5250977.183797915,-0.012860757412937617,-0.0004706599314943105,-0.027000726540031827
373674.7999999523,3509426.176444406,779159.6096093205,5250977.264852296,0.014614883689539143,0.0042260510653591155,-0.00249162641606393
373674.90000009537,3509426.1670556655,779159.6472094099,5250977.327075675,0.0012967349849553268,0.0011553936615698035,0.01627586303363593
373675.0,3509426.1385778054,779159.7229454088,5250977.30212796,-0.015405068670745743,0.0030432530066875074,0.013636944120102967
373675.09999990463,3509426.047132201,779159.7253942647,5250977.315567325,0.011629849197132638,0.003006872880199296,-0.014430993887733834
373675.2000000477,3509426.020869143,779159.6886125555,5250977.4468696965,0.018569109185645447,-0.006772520777637681,0.017799729494714533
373675.2999999523,3509425.9263815517,779159.7404592442,5250977.446485293,-0.01977039264196349,-0.00988501325307567,0.004041751822769335
373675.40000009537,3509425.874116505,779159.8013978621,5250977.446384923,-0.032109593191275994,0.0004618997732563912,-0.040525463147666585
373675.5,3509425.888152069,779159.7925587044,5250977.441132708,-0.016555807993197353,0.006592697483810639,-0.01830056135469249
373675.59999990463,3509425.7066901796,779159.8762630308,5250977.3743577795,-0.004287009208596454,0.0013606821565161908,-0.013226976953060188
373675.7000000477,3509425.6370689096,779159.9084474517,5250977.4040264925,-0.005956378424843341,0.003455351784488414,0.0023392491176714714
373675.7999999523,3509425.601981615,779159.905631493,5250977.298004446,-0.0027179861100897814,0.002726168149251862,0.0031272464415579293
373675.90000009537,3509425.7020567353,779159.9037763642,5250977.365332028,0.006872357092645494,-0.0064150996031742125,-0.017374021544099172
373676.0,3509425.7620623177,779159.9051549903,5250977.502427066,-0.00020120373959328075,0.013462630103354911,0.004035495918766507
373676.09999990463,3509425.761346351,779159.9385292991,5250977.551402382,0.006477244316402151,0.008722777139688276,0.03633958069768184
373676.2000000477,3509425.6911880346,779159.8940019116,5250977.45394717,0.037409409341613215,-0.01721715239539634,0.006311006974468292
373676.2999999523,3509425.6344806314,779159.9597800076,5250977.577629225,0.044315606096458175,-0.02640858998014295,-0.009963063129777794
373676.40000009537,3509425.5549529986,779159.970552936,5250977.683986013,0.018268782175891982,-0.013011169166496472,0.013910060355887488
373676.5,3509425.4688436566,779159.9775274793,5250977.619630853,0.020441229405923522,0.006467598904301042,-0.013143971936197651
373676.59999990463,3509425.448162294,779159.9735498044,5250977.689192893,0.04545415892949102,-0.013726381333036386,-0.02515608113266765
373676.7000000477,3509425.532029741,779160.0231327573,5250977.745244887,0.10695035691346388,-0.0218324041369371,0.016474434736140964
373676.7999999523,3509425.4566879603,779160.0476595595,5250977.8293330865,0.13877979023300518,-0.025142892909229886,0.022029724233439296
373676.90000009537,3509425.4366648677,779160.0961267853,5250977.808842818,0.09381113574418477,-0.02698504881804098,0.01781786794726159
373677.0,3509425.505926069,779160.0807468249,5250977.858462571,0.0483061911359325,-0.013250098758504691,0.004325095004221069
373677.09999990463,3509425.5241101263,779160.0855627583,5250977.945370677,0.023205292456812902,-0.004980620619114973,-0.0004995444303057539
373677.2000000477,3509425.555698721,779160.0920483428,5250977.947727234,0.020999678542962294,-0.01702311240895682,-0.018202623329732326
373677.2999999523,3509425.5657574553,779160.0636316091,5250977.949401809,-0.01369941826202644,-0.003247275285495732,-0.03284413761539451
373677.40000009537,3509425.6034639957,779160.0683438076,5250977.927394874,-0.04319567410047931,0.026251784743372752,0.01813589458184861
373677.5,3509425.560416911,779160.0573385146,5250977.85187354,-0.041932454458606466,0.003919393367723956,0.014414696829540219
373677.59999990463,3509425.4987847973,779160.0199010398,5250977.823651896,-0.05682956773140335,-0.005876264552163946,-0.028446309525877567
373677.7000000477,3509425.3888319805,779160.0619327303,5250977.802256721,-0.055733302436056946,0.01149695466189371,-0.03210009460670893
373677.7999999523,3509425.401774848,779160.0090013762,5250977.886742327,-0.04172543524817327,0.016281607502868667,-0.027671955087259725
373677.90000009537,3509425.3976972178,779160.0592656779,5250977.904997853,-0.04208993976548481,0.014802700244366918,-0.005130417404425991
373678.0,3509425.456618332,779160.037663169,5250977.926493411,-0.06968863618710786,0.013198575343487562,0.014682825850852232
373678.09999990463,3509425.4313460067,779160.0090225119,5250977.9202264855,-0.06837209538540234,0.014667833153062304,-0.009928628319562982
373678.2000000477,3509425.430142538,779160.0452983346,5250977.962023069,-0.049757693775186435,0.0021063308893758403,-0.022142466569810892
373678.2999999523,3509425.4493738604,779160.0042044267,5250977.967814109,-0.04820365591544499,0.0024892586402813777,-0.023864784264130634
373678.40000009537,3509425.511654197,779159.9532952837,5250978.014246528,-0.02180599147623916,0.01157796767933661,-0.017107950608897582
373678.5,3509425.4649249515,779159.9527448444,5250978.051413897,0.010047204684685356,-0.00037219113944075843,0.009645786585299021
373678.59999990463,3509425.53015194,779159.9891010608,5250978.035813831,0.034398947321510595,-0.006440767128864877,0.014299409619379588
373678.7000000477,3509425.6585651427,779159.9888763166,5250978.185031735,0.03399889873026376,-0.006384445942330785,0.0027085083341420457
373678.7999999523,3509425.6092589693,779159.97358199,5250978.250043695,-0.006005286410393445,-0.008056204902935349,-0.03315698582797211
373678.90000009537,3509425.5251834076,779160.0297184682,5250978.211771268,-0.018544045731908734,0.003281867503339697,-0.01395383903377656
373679.0,3509425.4882906945,779160.0558156116,5250978.181423012,-0.0020583140531606576,0.0052128586470843175,0.021233576645431462
373679.09999990463,3509425.481919136,779160.0537774573,5250978.296685372,-0.00796350819395924,-0.005650574605731151,-0.012898199148625444
373679.2000000477,3509425.4014241714,779160.0891466053,5250978.392748336,-0.007490660626803453,0.0006863059794639526,-0.008725800344420165
373679.2999999523,3509425.309645426,779160.084660841,5250978.317601346,0.02600993264947582,-0.010389185188465433,0.0030164241520100887
373679.40000009537,3509425.3433914003,779160.0724492711,5250978.350621537,0.05638346043430248,-0.01597971801654552,0.00645233280494395
373679.5,3509425.3256163895,779160.1170492187,5250978.410083364,0.028218085957266024,0.0066671653250978125,0.0024741270368551227
373679.59999990463,3509425.341313144,779160.1262017145,5250978.44113807,-0.012387084964099081,-0.0024646444180120852,-0.015250681180559944
373679.7000000477,3509425.2217073473,779160.0867813163,5250978.340273026,-0.0017195280212878182,-0.02484180543444836,-0.01732821740390822
373679.7999999523,3509425.2220006236,779160.057177283,5250978.335929691,0.05054354958293329,-0.010587376750137878,0.004204291244318092
373679.90000009537,3509425.2588092918,779160.1057618338,5250978.37185358,0.0640333331040676,0.0010846473549648294,0.02378099829302638
373680.0,3509425.2640795205,779160.147555956,5250978.381667698,0.036400936714766144,-0.012215815943243058,-0.014645596395831184
373680.09999990463,3509425.24705254,779160.1478869101,5250978.361017778,0.04484189435752842,-0.0072675916499918,-0.024619538325084456
373680.2000000477,3509425.311147628,779160.1309471119,5250978.346240144,0.051341988314980755,-0.011631456927041484,0.005228754830111093
373680.2999999523,3509425.4170522033,779160.1255257416,5250978.394226352,0.039562759188295514,-0.02267773499482928,0.006972898791283377
373680.40000009537,3509425.518949431,779160.0774923952,5250978.4492908055,0.026489669620689483,-0.01270827051106238,-0.0013559490289889453
373680.5,3509425.6419467074,779160.0608753575,5250978.539657304,-0.002531152966042826,0.001991637861685547,-0.011261606188761597
373680.59999990463,3509425.83824337,779160.0165809788,5250978.593729487,-0.03875269637575366,0.028991648106263312,-0.0004524882873715441
373680.7000000477,3509425.8334424747,779160.0301654398,5250978.635256467,-0.02001997754927126,0.014364800967108238,-0.011348664526500407
373680.7999999523,3509425.8258747677,779159.9915622593,5250978.617659919,0.037755574195250885,-0.03364178376929772,0.007739961454906741
373680.90000009537,3509425.8353207465,779159.9541325988,5250978.567436593,0.07018661227940089,-0.022553497358565266,0.013422712251234259
373681.0,3509425.869153919,779159.953120521,5250978.600109586,0.06805319804328883,0.0023280381525623284,0.001667431569929434
373681.09999990463,3509425.7164726728,779159.9839176345,5250978.560984478,0.06535087083892069,-0.013512983424661229,0.013161066485854356
373681.2000000477,3509425.7186311954,779160.0258053605,5250978.555151292,0.06861389501729925,-0.02513123546413709,0.010939072416394247
373681.2999999523,3509425.744686695,779159.9989382069,5250978.661127909,0.06662733960509179,-0.028107015518024525,-0.0014065774569242961
373681.40000009537,3509425.7985490714,779159.9682555478,5250978.573160045,0.03144242544051128,-0.007680928693879707,-0.02060342712589769
373681.5,3509425.8307624846,779159.9419822015,5250978.51699002,-0.029284141185058867,0.02556534465214355,0.03555574906548564
373681.59999990463,3509425.8410720183,779160.0002785593,5250978.594359579,-0.03274566682883445,0.012969091797280896,0.01327438215567689
373681.7000000477,3509425.8309342833,779160.051137045,5250978.544347016,-0.03646986713105507,-0.004988268992342171,-0.04038742979850696
373681.7999999523,3509425.823951311,779159.9783745336,5250978.536731118,-0.03267729815003421,-0.002306896143537074,-0.03932042363769295
373681.90000009537,3509425.7797602834,779160.0179423618,5250978.440221283,0.03686932168983458,-0.013434565620428884,-0.016816841451206876
373682.0,3509425.9025136842,779160.027343521,5250978.440350569,0.08976812467063622,-0.012910258450460788,0.04519606384429409
373682.09999990463,3509425.956428635,779160.0079116502,5250978.394158879,0.038218839179509294,-0.0060303123653966395,0.024942520422980508
373682.2000000477,3509425.91930302,779160.0212763677,5250978.316978278,-0.023634059639639486,0.006332708407235543,-0.038233001811724066
373682.2999999523,3509425.8820683165,779160.0110555502,5250978.327025611,-0.03659885037450712,0.012105084318605464,-0.027042749300495217
373682.40000009537,3509425.9899123255,779160.0388636331,5250978.4011055445,-0.07077432149297454,0.005807122606775295,-0.025543666917508645
373682.5,3509425.9398552305,779160.0760373032,5250978.419786576,-0.09680270060843028,0.022041201900627527,-0.03537132770421536
373682.59999990463,3509425.9653719338,779160.0572405182,5250978.494864229,-0.12644590364141278,0.03445005154267733,-0.021414750499666013
373682.7000000477,3509426.1799444747,779160.0605362392,5250978.488965202,-0.21377570433975177,0.04159859782379982,-0.035815367920504215
373682.7999999523,3509426.3646170436,779160.0103113365,5250978.5301459,-0.22142991627710507,0.044370089708152705,-0.00062576876147169
373682.90000009537,3509426.36891156,779159.967627209,5250978.454420085,-0.15636708634285187,0.036735291556183824,-0.026659851017375225
373683.0,3509426.3386428664,779160.0270600581,5250978.331347647,-0.10226099417716983,0.03848102747226534,-0.06105253992554438
373683.09999990463,3509424.4467312824,779160.4372964642,5250978.093465622,0.0029985740875036653,0.005984509732648746,-0.004237942936082817
373683.2000000477,3509424.4934989335,779160.4252951909,5250978.044841116,-0.015052304806106493,-0.010122093488114103,-0.0074598264569445405
373683.2999999523,3509424.4777026493,779160.420021284,5250978.044619983,-0.004542738960462414,-0.0017699763470062635,0.005719531321027205
373683.40000009537,3509427.0508680455,779159.8670118203,5250978.423000868,-0.010116424676250098,-0.00019830915859131437,0.006248999061382321
373683.5,3509427.0633659465,779159.863151766,5250978.426326236,-0.0354352961498502,-0.011631613112534467,-0.01268180957510534
373683.59999990463,3509427.045432089,779159.8617361916,5250978.315540734,-0.02779548182305715,0.0012707278033232683,-0.0061622415203448355
373683.7000000477,3509427.055085816,779159.8548582195,5250978.315532129,0.0009519863823385548,0.01552034270272884,0.0007544169393840505
373683.7999999523,3509427.067926132,779159.8581741739,5250978.347652119,-0.00808904478724855,0.014064482719518878,-0.0038853321220395642
373683.90000009537,3509426.9864811925,779159.817533575,5250978.121221913,-0.02275532647074216,0.0004596987806735342,-0.019479366342377347
373684.0,3509427.0083091417,779159.8235080873,5250978.072831295,0.01678743448169323,-0.01195863582803014,-0.03524573331699443
373684.09999990463,3509426.980229491,779159.793719085,5250978.014431172,0.037917824625512436,-0.010060312814374583,-0.013527671593100976
373684.2000000477,3509426.9753104136,779159.7494886772,5250978.130819967,0.013349283089760603,-0.006339967304029415,0.011598252091393313
373684.2999999523,3509426.891403071,779159.774045375,5250978.125505136,0.0039007521301969396,-0.007513363386870253,-0.01669591793900338
373684.40000009537,3509426.7378761,779159.8301787291,5250978.078433794,0.02393997321313641,-0.006396201992259876,-0.024315106013839127
373684.5,3509426.693887131,779159.8568696685,5250977.993040597,0.041774385452528776,-0.013478816995750265,-0.003962257591936691
373684.59999990463,3509426.5900959126,779159.9040144859,5250977.901330795,0.011549386138288245,-0.0073629631893936676,0.01081753897215254
373684.7000000477,3509426.615142917,779159.8806883529,5250977.849901021,0.019959262223230363,0.003154360550411184,0.0039617910246398935
373684.7999999523,3509426.5577017516,779159.8537802373,5250977.860079765,0.12275406368922015,-0.021586230268425766,0.01367921182136822
373684.90000009537,3509426.4795824317,779159.8470382505,5250977.733943524,0.19759180572401586,-0.04428707951895916,0.023885935066989994
373685.0,3509426.3997870777,779159.8252090334,5250977.70153738,0.19056153684404487,-0.04739761536687581,0.023660573464125534
373685.09999990463,3509426.353777502,779159.8542700402,5250977.7798921745,0.12325766664363337,-0.032122334368992256,0.028853313597134722
373685.2000000477,3509426.243396046,779159.8863293317,5250977.72972165,0.0856518372170443,-0.016524570862316068,-0.007173676933039275
373685.2999999523,3509426.2750791996,779159.9199630086,5250977.683955929,0.07177023281082232,-0.0176716696248036,-0.04060081114667913
373685.40000009537,3509426.248322335,779159.9185392249,5250977.560205535,0.03010395655131227,-0.013107770105179384,-0.0005224478559746615
373685.5,3509426.218141787,779159.9186255597,5250977.673645601,0.0068032880820824496,-0.0008052685027166717,0.036657871519795826
373685.59999990463,3509426.164512614,779159.9270543394,5250977.54486296,-0.046320385812987405,0.012256904589023065,-0.01945100937144595
373685.7000000477,3509426.1498652035,779159.9112557725,5250977.562939939,-0.1295020450629396,0.027545700991630895,-0.03857691136787089
373685.7999999523,3509426.0073025143,779159.9418297642,5250977.536614825,-0.15541729962339096,0.019774834908915295,-0.030105959489484135
373685.90000009537,3509425.85971858,779159.9509983257,5250977.4750684975,-0.10123754090582,0.013302698351196796,-0.021836504699000336
373686.0,3509426.1462251944,779159.8636627496,5250977.525178328,-0.05925052824601444,0.02488690341994726,-0.017567268489302457
373686.09999990463,3509426.1666496824,779159.9417642879,5250977.633356134,-0.05371723613924512,0.012355840793581763,-0.017251175806345387
373686.2000000477,3509426.2413769853,779159.9225676624,5250977.57245815,-0.05658409743823198,-0.00396494868122943,-0.007827272018102072
373686.2999999523,3509426.3037740933,779159.9023299349,5250977.695571381,-0.02941201876584297,0.006795829769245643,-0.010139043246418566
373686.40000009537,3509426.2369206096,779159.9627181345,5250977.625435034,0.02482725088218088,0.007569626982835587,-0.006353569519815139
373686.5,3509426.2103417614,779159.9265906062,5250977.542213781,-0.0007513075521903797,0.0020040788485005123,-0.018555905754292112
373686.59999990463,3509426.1396806827,779159.9818527007,5250977.612534444,-0.04693071392356595,-0.0012964485101960577,-0.030283602725522663
373686.7000000477,3509426.0495426278,779160.0165936814,5250977.5204215115,-0.049167003191616,0.007685929145566206,-0.021224926854992
373686.7999999523,3509425.949783916,779160.0434067908,5250977.479915413,-0.0467229067259098,0.016721537341304327,0.010810018744817462
373686.90000009537,3509425.825911853,779160.0765475016,5250977.418070781,-0.033852929203254285,0.017074577242574662,0.013689137290391784
373687.0,3509425.8607143443,779160.1666409414,5250977.560342004,-0.022795208463729354,0.012138012761958805,0.012686789695314005
373687.09999990463,3509425.8092668233,779160.177529777,5250977.583092105,-0.03601444791683804,-0.0007617163485349465,-0.010769142180857116
373687.2000000477,3509425.8314742586,779160.1560391467,5250977.4842704255,-0.04763910606841164,0.000497993644991368,-0.04599097306551414
373687.2999999523,3509425.8839307902,779160.1423954674,5250977.47931329,-0.062275991051500855,0.0038333548265114814,0.00532833763369478
373687.40000009537,3509425.8077921146,779160.181339764,5250977.497741325,-0.10343717856158575,0.02248014391057751,-0.013119540710932576
373687.5,3509425.783148262,779160.1790709975,5250977.475609697,-0.11533876962301413,0.04021539416543618,-0.06914171769726529
373687.59999990463,3509425.694655466,779160.2321551845,5250977.476372508,-0.08861861721190618,0.027384486695616772,-0.028853866417485108
373687.7000000477,3509425.72235276,779160.2660998234,5250977.5518037025,-0.04877838968821631,-0.0014103404683893928,-0.00972551932782828
373687.7999999523,3509425.6408481128,779160.3140324915,5250977.462084534,-0.008908276055595531,-0.00011764940546044045,0.021149145332537422
373687.90000009537,3509425.7138309353,779160.3419184781,5250977.434615726,0.0140533682703329,0.009267582266083707,0.01811559457010592
373688.0,3509425.658355958,779160.4011105868,5250977.475746387,0.011111104267361595,-0.009441776152954162,-0.03558465970598235
373688.09999990463,3509425.600404094,779160.4898237616,5250977.4421405755,-0.016309191730169204,0.005195455166180807,-0.035370389769330046
373688.2000000477,3509425.566268197,779160.4836627548,5250977.606590682,-0.010558147609150402,0.010031512262607123,-0.01681876967156093
373688.2999999523,3509425.3861213685,779160.5476759829,5250977.4605706595,0.02981500271180006,-0.016010396768550095,0.011236760226471354
373688.40000009537,3509425.335534302,779160.595247875,5250977.465840894,0.03929979800311137,-0.02029555246966197,0.02033347221644366
373688.5,3509425.211672516,779160.5678863287,5250977.481644697,0.009647073268221427,-0.007249525720375516,-0.011625754529989152
373688.59999990463,3509425.1478927657,779160.5713291875,5250977.589810699,-0.018491062653104302,0.016384359567638285,0.009431350410420869
373688.7000000477,3509425.078911268,779160.6170926132,5250977.516373218,0.0018296128270242679,-0.004840583622183203,-0.005327012602441172
373688.7999999523,3509424.9298814796,779160.6301432208,5250977.326349998,0.00582593147236678,-0.012062492763938337,-0.029227495733722186
373688.90000009537,3509424.915115764,779160.6303670383,5250977.2705927305,-0.04682030612488658,0.03434885144074684,-0.0010957996210239074
373689.0,3509424.812613331,779160.6883146843,5250977.315096489,-0.0742946826164074,0.002829093700185581,0.0012980896511134432
373689.09999990463,3509424.980615263,779160.6640747951,5250977.35398444,-0.05423094192409688,-0.01202488009275271,-0.019193019490658436
373689.2000000477,3509424.8834933164,779160.6591034462,5250977.269434117,-0.011101710276379339,0.017066801379591823,-0.032036381821542115
373689.2999999523,3509424.8700982216,779160.6507979559,5250977.268225284,0.02519830007140792,-0.004835698646338926,0.012593994717108536
373689.40000009537,3509424.8914712165,779160.6694213985,5250977.274671737,0.04502040190279571,-0.014753257288305122,0.009612445535259084
373689.5,3509424.91962302,779160.7087166562,5250977.3108074125,0.0676407722054388,-0.009612888175951184,-0.015743595503449725
373689.59999990463,3509424.8586516674,779160.7030741479,5250977.2869782215,0.07272879808617136,-0.006326306386391423,0.02318941857346335
373689.7000000477,3509424.7968621654,779160.7308213838,5250977.382551088,0.050130100515321435,-0.007416997305732309,0.011504874561683032
373689.7999999523,3509424.839462301,779160.7259771861,5250977.419647852,0.040135569903857526,-0.03389925435361363,-0.06348382398190289
373689.90000009537,3509424.7459544595,779160.7742665522,5250977.38515885,0.08756440372192964,-0.028746074841436098,0.02332584738677923
373690.0,3509424.67368202,779160.7455641816,5250977.449278441,0.10168056588842186,0.0015536595951317622,0.07049372255687558
373690.09999990463,3509424.542031956,779160.7760812069,5250977.314117547,0.05488798983229009,0.00015106246839025061,-0.00850123590688412
373690.2000000477,3509424.466749266,779160.7864568343,5250977.380389234,0.02463360695363229,-0.008129957279642497,-0.02845407122158594
373690.2999999523,3509424.383967702,779160.7596971474,5250977.296905873,0.052682814870946996,-0.028796730417575134,-0.01756591269786778
373690.40000009537,3509424.2292978265,779160.7587679188,5250977.240694691,0.12989580685482816,-0.03610226392211757,0.03513802833738211
373690.5,3509424.149761304,779160.732165216,5250977.177576576,0.1571239292697985,-0.02066403709812903,0.012453973144501695
373690.59999990463,3509424.0990221747,779160.7673206034,5250977.161112754,0.1794338026971472,-0.03753406381301261,0.01005803274881334
373690.7000000477,3509423.952425594,779160.755796433,5250977.00223932,0.1800828516405746,-0.04651074749173034,0.03647379958851271
373690.7999999523,3509423.952133832,779160.7376070393,5250977.115470033,0.17327489271390767,-0.045912531149284064,0.007316111684801285
373690.90000009537,3509423.8335298263,779160.7467933623,5250976.966998074,0.1990769099193283,-0.044689518289324326,0.03752650516722955
373691.0,3509423.923308693,779160.746086582,5250977.018056186,0.13972160783193383,-0.020576354084724358,-0.0030457358298132675
373691.09999990463,3509423.976465936,779160.738369571,5250977.097391891,0.06587040148854251,-0.012109340415392467,0.017066780706707085
373691.2000000477,3509424.0136250784,779160.7217712704,5250977.14967349,0.03981299318678372,-0.013224517391499546,0.046341109994627594
373691.2999999523,3509424.0291820266,779160.7335804871,5250977.085851804,0.04977992313959377,-0.029031544374205964,-0.012477623634154611
373691.40000009537,3509424.0965722017,779160.7247774482,5250977.077779603,0.10743324272237799,-0.03480182347482952,-0.014584322005442019
373691.5,3509424.217704101,779160.6190528035,5250977.037038229,0.11567935490064776,-0.00213273452275331,-0.03208332552482851
373691.59999990463,3509424.2422503307,779160.5773926079,5250976.937628538,0.04523275152358365,0.008062692812941918,0.031761135779329486
373691.7000000477,3509424.1198467296,779160.5837953282,5250976.958546143,0.009432940900697911,-0.023311826661867485,0.006779478106479608
373691.7999999523,3509424.075741678,779160.6169945803,5250976.934182651,0.004465603257219472,-0.025949466064204785,-0.04423244839400997
373691.90000009537,3509424.306478909,779160.5935382665,5250977.038327759,-0.0027232640253579774,0.011042452731700791,0.018903400255100067
373692.0,3509424.4008405516,779160.5956128153,5250977.125667816,0.0005784265915111955,0.020001155771225854,0.007589725176991635
373692.09999990463,3509424.46361083,779160.5491509497,5250977.22942515,-0.018769404825398683,0.008252129545596176,0.004121922966481506
373692.2000000477,3509424.4432005044,779160.5575110419,5250977.2010142915,-0.05346918539546135,0.0025810562180836882,-0.03218724088328084
373692.2999999523,3509424.525761917,779160.5350211357,5250977.278681413,-0.056979951777583755,0.009332160893201547,-0.01996390742111398
373692.40000009537,3509424.56869906,779160.4931495506,5250977.331167023,-0.04906909515760484,0.017761714287750863,0.030766460265774676
373692.5,3509424.609114337,779160.4742243845,5250977.487561889,-0.03631445106242216,-0.0017606244972867557,-0.038124627146609136
373692.59999990463,3509424.5971535416,779160.4576288125,5250977.525742897,-0.0054699149425279925,-0.0006938350594936082,-0.03943159589324097
373692.7000000477,3509424.6010838766,779160.4606651603,5250977.54851723,-0.006732932298205154,0.0020669357799363297,0.027950136094902156
373692.7999999523,3509424.6972680762,779160.4714474054,5250977.614795057,-0.0384437890168172,-0.0023244434121423296,-0.017494160156934058
373692.90000009537,3509424.8635623488,779160.4889089648,5250977.676687336,-0.08187497201972996,0.032712846379567395,-0.043272482693574865
373693.0,3509425.012727048,779160.4720311401,5250977.724725808,-0.09386713729091369,0.03612837114540213,-0.00635899155713382
373693.09999990463,3509425.035261059,779160.4634921654,5250977.7003386915,-0.051273486323937266,0.008327267346658118,-0.009173660219554236
373693.2000000477,3509425.1492956453,779160.4530008517,5250977.775576558,-0.034500533549738525,0.011123031440689601,-0.010083282716852437
373693.2999999523,3509425.1412985823,779160.4794532779,5250977.764877522,-0.0817995524402867,0.010505875141916476,0.002497104360434932
373693.40000009537,3509425.1154078175,779160.4720138889,5250977.81191977,-0.12109327871902249,0.009302954678233277,-0.03036600076332885
373693.5,3509425.1244112356,779160.4271403138,5250977.827695989,-0.1175474350976634,0.032406072706415046,-0.04762399558260988
373693.59999990463,3509425.173701505,779160.472577413,5250977.894656427,-0.08373580167134193,0.027868354058547595,-0.013407125243173112
373693.7000000477,3509425.3594822623,779160.4330821172,5250977.952876228,-0.03991202403408742,0.011570492815707212,0.012531716070188992
373693.7999999523,3509425.4182571596,779160.4419662762,5250978.088435089,-0.01956138594565687,0.0026340365867056903,0.004390348941691435
373693.90000009537,3509425.4533288507,779160.4012980188,5250978.1415307745,-0.0271020240070557,-0.00489897731245037,-0.03154497534616407
373694.0,3509425.426100148,779160.4187139933,5250978.1003014045,-0.03250533608223055,0.003872715052089859,-0.04701520111938784
373694.09999990463,3509425.394507837,779160.4035429996,5250978.076591955,0.008617071329921051,-0.007443135408053081,-0.031847734304292
373694.2000000477,3509425.430171803,779160.4192800067,5250978.1505809,0.04628305611349052,-0.004714216258513204,0.0107474150719149
373694.2999999523,3509425.5294579556,779160.4182051914,5250978.195319998,0.054896346932851635,0.006605280606414965,0.050880859911511145
373694.40000009537,3509425.4758354584,779160.3621652687,5250978.237137977,0.044151112550439936,-0.02002151066921698,-0.007097205905703063
373694.5,3509425.399362138,779160.350148343,5250978.230337239,-0.011067356848028705,-0.021527554093069057,-0.06381145241448039
373694.59999990463,3509425.3852543277,779160.3700674978,5250978.287102278,-0.04531650529267601,0.010842360679788499,-0.025020117151695942
373694.7000000477,3509425.431267235,779160.3578689521,5250978.310445269,-0.009790004179562354,0.030881348981239398,0.022109645604670547
373694.7999999523,3509425.4792837477,779160.286963366,5250978.198901298,0.002347095530355945,0.005574268173340613,0.029502284187027605
373694.90000009537,3509425.588359913,779160.2797270558,5250978.338668742,-0.02987035256560138,-0.00806866054486477,-0.02696396215123098
373695.0,3509425.542725534,779160.2760051673,5250978.312011204,-0.021569055078749868,0.008494336981215156,-0.043222201537717275
373695.09999990463,3509425.6355712097,779160.2991317279,5250978.293024644,0.021672850184636452,-0.0009006983542434455,0.021307980740840726
373695.2000000477,3509425.6250399747,779160.2742610016,5250978.314180865,0.020134139982040264,-0.006918252563806959,-0.002349173744728539
373695.2999999523,3509425.651875991,779160.2540395407,5250978.3261392545,0.0010624806200756403,-0.01787244974696023,-0.017591482741895703
373695.40000009537,3509425.6627348154,779160.3013972095,5250978.283465761,0.041292495121791895,-0.02086629448530175,0.03548914474441123
373695.5,3509425.6878999886,779160.303580163,5250978.354725222,0.0558888325613464,0.004663805210007865,-0.013128410538878477
373695.59999990463,3509425.7346191565,779160.2722228268,5250978.421786383,0.04004624084968862,-0.005719177864428104,-0.021164825822857836
373695.7000000477,3509425.7867259313,779160.2671455039,5250978.377297168,0.05382774143679418,-0.015445943576942511,0.024473453043608373
373695.7999999523,3509425.880591408,779160.2400206496,5250978.483342504,0.05210632356750584,0.0016946830702693205,0.026733762163801522
373695.90000009537,3509425.941779217,779160.2260503381,5250978.582827563,0.007143040318501575,0.004092098940944311,0.011900074040889663
373696.0,3509426.029603518,779160.2151656515,5250978.665235719,-0.00028740621283147627,-0.010783300355285519,-0.017639034776348872
373696.09999990463,3509426.1184347547,779160.151885757,5250978.657370399,0.053415123316861796,-0.024171240398693783,0.008346250053230087
373696.2000000477,3509426.1853899397,779160.0849077845,5250978.623728217,0.032466955789835654,-0.0005716226488132747,0.01258443991663416
373696.2999999523,3509426.235493754,779160.0510274738,5250978.644808067,-0.035023013814392934,0.017398668417015983,-0.0433066087270797
373696.40000009537,3509426.248455373,779160.0164424222,5250978.589084588,-0.0549546293197396,-0.0030863113160961575,-0.04852928468436346
373696.5,3509426.139569559,779159.9890474956,5250978.600245851,-0.01867638546113979,-0.0011361165352568037,-0.0005360037328632217
373696.59999990463,3509426.037198016,779159.9779405469,5250978.536136655,0.033079771206737406,0.003129592037893758,0.02864109122410774
373696.7000000477,3509426.1422078307,779159.9752246449,5250978.6896467395,0.04133204837286006,-0.006472020450544846,-0.00444285351597884
373696.7999999523,3509426.217764603,779159.9872576569,5250978.688969897,0.010704396361578597,0.006366360703836449,-0.015454738063237272
373696.90000009537,3509426.3074987344,779159.9532649677,5250978.7185166655,-0.017350399537073447,0.0014845750536096602,0.010927458304812454
373697.0,3509426.4005560717,779159.9115623949,5250978.824547693,-0.034020795385609995,-0.004544250822135609,-0.031043701003433455
373697.09999990463,3509426.33211379,779159.9334479095,5250978.849483796,-0.03747285989316221,0.00455233330085747,-0.012215929427662253
373697.2000000477,3509426.28438697,779160.0198723079,5250978.922084006,-0.012634333106035333,0.003812104589528076,0.03309450422129956
373697.2999999523,3509426.326822285,779160.0079009641,5250978.845806249,0.006634429962726949,-0.00313884094536121,-0.021601785762271675
373697.40000009537,3509426.4714542767,779159.9741200688,5250978.95627338,-0.031846362715639794,0.005592675929634083,-0.03145353821224628
373697.5,3509426.6819122443,779159.9298613325,5250979.143212387,-0.0889579183739831,0.01828900616113316,-0.008573150756410186
373697.59999990463,3509426.7681564833,779159.8953443714,5250979.069066443,-0.08000282222618123,0.013893644638521607,-0.03997964631038453
373697.7000000477,3509426.8095782194,779159.846770415,5250979.029344513,-0.016297537917310985,0.020030960024385536,0.0007371388386525624
373697.7999999523,3509426.6680834065,779159.8960551966,5250978.972809088,-0.024072506973821215,0.01782992795855165,0.035381641932278995
373697.90000009537,3509426.6031690943,779159.8890582018,5250979.043109187,-0.05246789130279041,-0.01294245951210371,-0.025191697744371133
373698.0,3509426.5741587807,779159.8795971208,5250978.976207955,-0.03800997574134964,-0.004891097124207988,-0.03222085858752788
